deadline_norm,duration_norm,profit_norm,penalty_norm,arrival_norm,profit_penalty_ratio,urgency,slack_ratio,density_norm,competition,label
0.833333,0.6,1.0,0.064145,0.111111,1.0,0.142857,0.5,1.0,1.0,1
1.0,0.2,0.62711,1.0,1.0,0.206209,0.333333,0.166667,1.0,0.75,1
0.583333,0.6,0.249844,0.097451,0.111111,0.843038,0.25,0.25,0.416406,0.5,1
1.0,1.0,0.1338,0.151727,0.222222,0.289973,0.166667,0.416667,0.1338,1.0,0
0.833333,0.4,0.211954,0.161184,0.888889,0.432398,1.0,0.0,0.529886,0.75,1
1.0,0.6,0.258161,0.296288,1.0,0.177145,0.333333,0.166667,0.430268,0.857143,1
0.75,0.6,1.0,0.8009,0.285714,0.253848,0.2,0.333333,1.0,1.0,1
0.833333,0.8,0.625871,0.510461,0.571429,0.249273,0.333333,0.166667,0.782339,1.0,0
0.833333,1.0,0.420825,0.507312,0.142857,0.168647,0.2,0.333333,0.420825,1.0,0
0.5,0.6,0.613699,0.460967,0.285714,0.270669,0.5,0.083333,1.0,0.857143,0
0.916667,0.6,0.056103,0.066367,0.714286,0.171864,0.25,0.25,0.093504,1.0,0
0.833333,0.8,0.983512,1.0,0.714286,0.199955,0.5,0.083333,1.0,1.0,1
0.666667,0.6,0.813323,0.878515,0.428571,0.18822,0.333333,0.166667,1.0,1.0,0
0.833333,1.0,0.585116,0.085011,0.0,0.936612,0.166667,0.416667,0.585116,1.0,0
0.666667,0.6,0.119481,0.116135,0.5,0.14,0.5,0.083333,0.199135,0.857143,0
0.75,0.2,0.939008,1.0,0.125,0.127779,0.125,0.583333,1.0,1.0,1
0.583333,1.0,0.770141,0.794673,0.125,0.131878,0.5,0.083333,0.770141,0.857143,1
0.833333,0.4,1.0,0.46965,0.5,0.289746,0.2,0.333333,1.0,1.0,1
1.0,0.4,0.802685,0.627439,1.0,0.174087,0.333333,0.166667,1.0,0.571429,1
0.916667,0.8,0.530496,0.306442,0.625,0.235574,0.333333,0.166667,0.66312,1.0,0
0.583333,0.2,0.126081,0.018117,0.375,0.947009,0.25,0.25,0.630405,0.857143,1
0.833333,1.0,1.0,0.279206,1.0,0.535043,1.0,0.0,1.0,1.0,1
0.666667,1.0,0.958184,1.0,0.333333,0.143141,0.333333,0.166667,0.958184,1.0,1
1.0,0.5,0.269724,0.117343,0.0,0.343382,0.090909,0.833333,0.539448,1.0,1
0.833333,0.25,0.761696,0.374116,0.666667,0.304151,0.166667,0.416667,1.0,1.0,1
0.333333,0.6,0.936387,0.343593,0.0,0.46,0.5,0.083333,1.0,0.285714,1
0.583333,1.0,0.162214,0.105225,0.333333,0.260204,1.0,0.0,0.162214,1.0,0
0.75,0.6,0.440946,0.350931,1.0,0.212086,1.0,0.0,0.73491,0.857143,0
0.75,0.6,0.054707,0.069792,0.0,0.132308,0.142857,0.5,0.091179,1.0,0
1.0,1.0,1.0,1.0,0.833333,0.16879,0.333333,0.166667,1.0,0.857143,1
0.833333,0.4,0.123516,0.116858,0.833333,0.178407,0.25,0.25,0.308789,0.857143,0
0.666667,0.6,0.77799,0.328024,0.833333,0.400327,1.0,0.0,1.0,0.857143,1
0.916667,0.6,0.458333,0.195598,1.0,0.395517,0.333333,0.166667,0.763889,0.857143,0
0.833333,1.0,0.751308,0.711512,0.285714,0.172442,0.25,0.25,0.751308,1.0,0
1.0,1.0,0.563005,0.133372,0.428571,0.689374,0.2,0.333333,0.563005,1.0,0
0.75,0.8,0.908464,1.0,0.428571,0.14836,0.333333,0.166667,1.0,1.0,1
1.0,0.6,0.329648,0.200349,1.0,0.268702,0.333333,0.166667,0.549414,0.714286,1
0.666667,0.6,0.438778,0.514075,0.428571,0.139388,0.333333,0.166667,0.731297,1.0,0
0.416667,0.2,0.320613,0.296641,0.285714,0.176505,0.333333,0.166667,1.0,0.857143,0
0.75,0.4,0.519734,0.377402,0.142857,0.224897,0.142857,0.5,1.0,1.0,1
0.583333,0.8,1.0,0.520676,0.0,0.313647,0.25,0.25,1.0,0.857143,1
0.833333,1.0,0.142457,0.169712,0.555556,0.173088,0.5,0.083333,0.142457,1.0,0
0.583333,0.5,1.0,1.0,0.111111,0.206202,0.2,0.333333,1.0,0.666667,1
0.833333,0.25,0.442761,0.326683,1.0,0.27947,1.0,0.0,1.0,0.833333,1
1.0,0.75,0.775472,0.039904,0.111111,1.0,0.111111,0.666667,1.0,1.0,1
0.916667,1.0,0.175216,0.278606,0.666667,0.129681,0.5,0.083333,0.175216,1.0,0
0.833333,1.0,0.540569,0.660817,0.555556,0.16868,0.5,0.083333,0.540569,1.0,1
0.916667,0.75,0.540685,0.658413,0.777778,0.169332,0.5,0.083333,0.720914,0.833333,0
0.666667,0.5,0.345633,0.444317,0.555556,0.173904,0.5,0.083333,0.691267,0.8,1
0.5,0.5,1.0,1.0,0.444444,0.223556,1.0,0.0,1.0,0.4,1
0.75,0.5,0.901087,0.934922,0.777778,0.215466,1.0,0.0,1.0,0.6,1
0.833333,1.0,0.383046,0.662236,0.333333,0.129308,0.25,0.25,0.383046,1.0,0
0.833333,0.75,0.851784,0.624198,0.777778,0.305066,1.0,0.0,1.0,0.8,0
1.0,0.25,0.71966,0.214711,1.0,0.749306,0.333333,0.166667,1.0,0.4,1
0.909091,0.6,0.168167,0.148097,1.0,0.175653,0.25,0.272727,0.280279,1.0,0
0.909091,0.8,0.563225,0.313835,0.5,0.277613,0.2,0.363636,0.704032,1.0,1
1.0,1.0,0.748099,0.564995,0.0,0.204821,0.142857,0.545455,0.748099,1.0,1
0.454545,0.2,0.964186,1.0,0.25,0.149149,0.25,0.272727,1.0,1.0,1
0.818182,1.0,1.0,0.837047,1.0,0.184803,1.0,0.0,1.0,1.0,0
0.583333,1.0,0.511475,0.820056,0.0,0.189333,0.333333,0.166667,0.511475,0.8,1
0.916667,0.6,0.672018,0.818494,0.285714,0.249237,0.142857,0.5,1.0,1.0,1
0.833333,0.2,0.450653,0.372696,1.0,0.367058,0.333333,0.166667,1.0,0.8,0
0.666667,0.2,0.453947,0.562012,0.285714,0.245192,0.166667,0.416667,1.0,1.0,1
1.0,0.8,0.087373,0.047173,0.857143,0.562252,0.333333,0.166667,0.109216,1.0,0
0.666667,0.6,1.0,1.0,0.714286,0.303561,1.0,0.0,1.0,1.0,1
1.0,0.25,0.466042,0.150323,1.0,0.594094,0.25,0.25,1.0,0.857143,1
1.0,0.75,0.494788,0.058313,0.875,1.0,0.333333,0.166667,0.659717,1.0,0
0.75,0.75,0.490892,0.531477,0.25,0.176993,0.2,0.333333,0.654522,1.0,1
0.916667,0.25,0.661683,0.258071,0.0,0.491321,0.090909,0.833333,1.0,1.0,1
0.833333,0.5,0.066337,0.053471,0.5,0.237736,0.2,0.333333,0.132673,1.0,0
0.833333,0.5,1.0,1.0,0.125,0.191626,0.125,0.583333,1.0,1.0,1
0.916667,0.5,0.561651,0.25,0.875,0.430508,0.333333,0.166667,1.0,1.0,1
0.666667,1.0,0.509529,0.130145,0.375,0.750233,0.5,0.083333,0.509529,0.857143,1
1.0,1.0,0.698496,0.166035,1.0,0.943983,0.5,0.090909,0.698496,0.666667,0
0.454545,1.0,0.546515,0.174991,0.0,0.700787,0.5,0.090909,0.546515,0.333333,1
0.909091,0.5,1.0,1.0,0.666667,0.224389,0.2,0.363636,1.0,1.0,1
1.0,0.75,0.73841,0.816052,1.0,0.203039,0.333333,0.181818,0.984546,0.666667,1
0.833333,0.25,0.953827,1.0,1.0,0.140288,0.5,0.083333,1.0,1.0,1
1.0,1.0,1.0,0.507189,0.25,0.289988,0.142857,0.5,1.0,1.0,1
0.75,0.25,0.721506,0.239217,0.625,0.443606,0.25,0.25,1.0,1.0,1
0.75,0.5,0.284318,0.056592,0.875,0.738919,1.0,0.0,0.568636,1.0,1
1.0,0.2,0.212511,0.031955,0.833333,0.980791,0.142857,0.5,1.0,1.0,1
0.916667,1.0,0.840372,0.417945,0.666667,0.296544,0.333333,0.166667,0.840372,1.0,1
1.0,0.8,0.121067,0.053981,1.0,0.330769,0.333333,0.166667,0.151334,0.833333,0
0.666667,0.6,0.73326,0.198231,0.833333,0.545537,1.0,0.0,1.0,1.0,0
0.5,0.8,0.468356,0.3154,0.166667,0.219004,0.5,0.083333,0.585445,0.833333,1
0.666667,0.2,1.0,1.0,0.666667,0.147481,0.25,0.25,1.0,1.0,1
0.75,1.0,0.769372,0.603358,0.666667,0.188061,1.0,0.0,0.769372,1.0,0
0.7,0.2,0.807018,0.314291,0.25,0.389365,0.2,0.4,1.0,0.8,1
0.8,0.6,0.25,0.057981,0.625,0.653824,1.0,0.0,0.416667,0.8,1
0.6,0.8,0.847841,1.0,0.0,0.128564,0.333333,0.2,1.0,0.8,1
1.0,0.2,0.458165,0.261426,1.0,0.265753,0.5,0.1,1.0,0.4,1
0.9,0.4,0.827148,0.783254,0.625,0.160135,0.333333,0.2,1.0,1.0,1
0.9,1.0,1.0,0.203104,0.5,0.746599,1.0,0.0,1.0,1.0,0
0.5,0.2,0.559582,0.303781,0.125,0.284592,0.2,0.333333,1.0,0.857143,1
0.916667,1.0,0.367708,0.347651,0.375,0.163411,0.25,0.25,0.367708,1.0,0
0.75,0.2,0.184508,0.160609,0.625,0.177486,0.25,0.25,0.922538,1.0,1
1.0,1.0,0.812403,0.063142,0.375,1.0,0.2,0.333333,0.812403,1.0,1
0.666667,0.8,0.068077,0.038179,0.5,0.275481,1.0,0.0,0.085096,0.857143,0
0.666667,0.4,0.386123,0.073421,0.25,0.8125,0.2,0.333333,0.965308,0.857143,1
1.0,0.8,0.257693,0.132526,0.625,0.300416,0.25,0.25,0.322116,1.0,0
1.0,0.4,1.0,1.0,1.0,0.154497,0.333333,0.166667,1.0,0.571429,1
0.818182,1.0,0.898919,0.223876,0.571429,1.0,0.5,0.090909,0.898919,1.0,0
1.0,0.5,1.0,1.0,1.0,0.295725,0.333333,0.181818,1.0,0.6,1
0.909091,1.0,0.293393,0.690627,0.571429,0.12563,0.333333,0.181818,0.293393,1.0,0
0.545455,0.75,0.377771,0.117163,0.428571,0.953514,1.0,0.0,0.503694,0.8,1
0.636364,0.75,0.092515,0.203293,0.285714,0.134579,0.333333,0.181818,0.123354,0.8,0
0.909091,1.0,0.825463,0.932869,0.714286,0.261677,0.5,0.090909,0.825463,1.0,1
0.166667,0.2,0.43027,0.550167,0.2,0.14848,1.0,0.0,1.0,0.142857,1
1.0,1.0,0.809454,0.161371,1.0,0.952332,0.333333,0.166667,0.809454,0.857143,0
0.666667,0.6,0.243394,0.109253,0.6,0.422959,0.333333,0.166667,0.405657,0.857143,0
0.666667,1.0,0.22798,0.316054,0.6,0.136949,1.0,0.0,0.22798,0.857143,0
0.75,1.0,0.954786,0.845875,0.8,0.2143,1.0,0.0,0.954786,0.857143,1
0.75,0.4,0.075602,0.058528,0.8,0.245238,0.25,0.25,0.189005,0.857143,0
0.75,1.0,1.0,0.155518,0.6,1.0,0.5,0.083333,1.0,0.857143,0
1.0,0.6,0.832208,1.0,0.2,0.157999,0.111111,0.666667,1.0,1.0,1
0.833333,1.0,0.690651,0.894591,0.428571,0.157146,0.333333,0.166667,0.690651,1.0,1
1.0,0.2,0.688655,0.420996,0.142857,0.332961,0.090909,0.833333,1.0,1.0,1
0.333333,0.4,0.89937,1.0,0.0,0.183066,0.333333,0.166667,1.0,0.6,1
0.5,0.8,0.119643,0.156511,0.0,0.155601,0.333333,0.166667,0.149554,0.8,0
0.916667,0.6,1.0,0.073338,0.714286,1.0,0.25,0.25,1.0,0.8,1
0.916667,0.4,0.423739,0.531537,1.0,0.162269,0.333333,0.166667,1.0,0.6,0
1.0,0.4,0.477364,0.3691,1.0,0.189425,0.5,0.090909,1.0,0.571429,1
0.272727,0.4,0.83508,0.496489,0.125,0.246349,1.0,0.0,1.0,0.428571,1
0.727273,0.8,0.333073,0.11367,0.5,0.429167,1.0,0.0,0.416341,0.714286,0
0.818182,0.8,0.790923,0.925527,0.125,0.125163,0.2,0.363636,0.988654,1.0,0
0.454545,0.4,0.959188,0.517067,0.125,0.271699,0.333333,0.181818,1.0,0.714286,1
0.818182,0.8,0.763158,0.639229,0.0,0.174859,0.166667,0.454545,0.953947,1.0,0
1.0,1.0,1.0,1.0,0.5,0.146464,0.333333,0.181818,1.0,0.857143,1
1.0,0.4,0.293265,0.338723,0.625,0.126808,0.2,0.363636,0.733162,0.714286,0
1.0,1.0,0.260197,0.105823,0.833333,0.609259,0.5,0.090909,0.260197,1.0,0
1.0,1.0,1.0,1.0,0.5,0.247788,0.25,0.272727,1.0,1.0,1
1.0,0.2,0.547283,0.282475,1.0,0.480079,0.2,0.363636,1.0,1.0,1
0.636364,1.0,0.110722,0.1229,0.333333,0.223235,1.0,0.0,0.110722,1.0,0
0.909091,0.8,0.065303,0.038914,0.333333,0.415827,0.2,0.363636,0.081629,1.0,0
1.0,0.4,0.449102,0.3757,0.666667,0.2962,0.166667,0.454545,1.0,1.0,1
1.0,0.8,0.237898,0.243541,0.0,0.216697,0.111111,0.666667,0.297372,1.0,1
0.916667,0.2,0.483897,0.482364,1.0,0.222543,0.2,0.333333,1.0,1.0,1
1.0,1.0,0.164979,0.286003,0.833333,0.127965,0.333333,0.166667,0.164979,1.0,0
1.0,0.8,1.0,1.0,0.333333,0.221838,0.142857,0.5,1.0,1.0,1
0.916667,0.4,0.561724,0.052846,0.6,1.0,0.142857,0.5,1.0,1.0,1
0.833333,0.4,0.581301,0.13544,1.0,0.741337,0.25,0.25,1.0,1.0,1
0.666667,1.0,1.0,0.452698,0.2,0.381551,0.333333,0.166667,1.0,1.0,1
0.833333,0.8,0.656825,0.469512,0.8,0.241637,0.333333,0.166667,0.821031,1.0,0
1.0,1.0,0.773748,0.333518,0.8,0.40072,0.25,0.25,0.773748,1.0,0
0.666667,0.2,0.738233,1.0,1.0,0.127513,0.333333,0.166667,1.0,1.0,1
1.0,0.6,0.675978,0.847313,0.0,0.129131,0.1,0.75,1.0,1.0,1
0.833333,1.0,0.992308,0.758847,0.5,0.211658,0.5,0.083333,0.992308,0.857143,0
1.0,0.4,0.992038,1.0,1.0,0.160572,0.333333,0.166667,1.0,0.714286,1
0.666667,0.8,0.107962,0.133683,0.125,0.130719,0.25,0.25,0.134953,0.857143,0
0.333333,0.2,0.632928,0.355832,0.375,0.287907,1.0,0.0,1.0,0.428571,1
0.833333,0.8,0.593657,0.600699,0.625,0.159964,0.5,0.083333,0.742072,0.857143,0
1.0,0.8,1.0,0.920271,0.75,0.175884,0.333333,0.166667,1.0,0.857143,1
0.833333,1.0,0.484211,0.422674,0.125,0.185426,0.2,0.333333,0.484211,1.0,0
0.909091,0.6,0.364678,0.225513,1.0,0.222222,1.0,0.0,0.607796,0.5,0
1.0,1.0,0.271851,0.191965,0.714286,0.194606,0.5,0.090909,0.271851,0.833333,0
0.636364,1.0,0.147981,0.149306,0.142857,0.1362,0.5,0.090909,0.147981,0.833333,0
0.454545,0.4,0.218807,0.093394,0.428571,0.321951,1.0,0.0,0.547016,0.333333,1
0.545455,0.8,0.082731,0.059433,0.0,0.191289,0.333333,0.181818,0.103413,0.666667,1
1.0,0.4,0.758891,0.183061,0.857143,0.569683,0.25,0.272727,1.0,0.666667,1
0.909091,0.6,1.0,1.0,0.714286,0.13742,0.333333,0.181818,1.0,0.833333,1
1.0,1.0,0.846526,1.0,0.166667,0.146578,0.2,0.4,0.846526,1.0,1
0.9,0.2,1.0,0.259505,0.333333,0.667243,0.142857,0.6,1.0,1.0,1
1.0,0.2,0.255602,0.270033,1.0,0.163899,0.25,0.3,1.0,0.666667,1
0.3,0.6,0.375521,0.32131,0.0,0.202367,1.0,0.0,0.625868,0.666667,1
1.0,1.0,0.677477,0.593102,0.875,0.24753,0.333333,0.166667,0.677477,1.0,1
0.916667,0.666667,0.370034,0.523859,1.0,0.153069,0.5,0.083333,0.55505,1.0,1
1.0,1.0,0.796912,1.0,0.25,0.172692,0.125,0.583333,0.796912,1.0,1
1.0,0.333333,0.395285,0.470695,0.625,0.181983,0.142857,0.5,1.0,1.0,1
0.833333,0.666667,1.0,0.905861,0.25,0.239221,0.142857,0.5,1.0,1.0,1
1.0,0.333333,0.168262,0.286826,0.75,0.127125,0.166667,0.416667,0.504787,1.0,0
0.5,1.0,0.386875,0.122736,0.428571,0.467347,1.0,0.0,0.386875,0.666667,0
0.833333,1.0,0.784016,0.54104,0.714286,0.21485,0.333333,0.166667,0.784016,1.0,1
0.75,1.0,0.14165,0.036802,0.714286,0.570681,0.5,0.083333,0.14165,1.0,0
0.916667,1.0,0.912021,1.0,0.285714,0.135222,0.142857,0.5,0.912021,1.0,1
0.666667,1.0,0.518778,0.150867,0.142857,0.509834,0.2,0.333333,0.518778,1.0,0
0.833333,0.666667,0.626641,0.73526,1.0,0.126363,0.5,0.083333,0.939961,0.833333,1
1.0,1.0,1.0,0.955106,0.857143,0.155235,0.25,0.25,1.0,0.833333,1
0.916667,0.4,0.681316,0.671556,0.111111,0.175639,0.111111,0.666667,1.0,1.0,1
0.833333,0.2,0.156111,0.129538,1.0,0.208637,1.0,0.0,0.780554,0.75,1
0.833333,1.0,0.803964,0.203879,0.111111,0.682683,0.2,0.333333,0.803964,1.0,0
0.666667,1.0,1.0,1.0,0.333333,0.173123,1.0,0.0,1.0,0.75,1
1.0,0.8,0.679592,0.075833,0.0,1.0,0.111111,0.666667,0.84949,1.0,1
1.0,1.0,0.593535,0.554006,0.5,0.220023,0.25,0.272727,0.593535,0.75,0
0.818182,0.6,0.295602,0.022268,0.0,1.0,0.142857,0.545455,0.49267,1.0,1
0.272727,0.4,0.458553,0.533819,0.166667,0.176413,1.0,0.0,1.0,0.5,0
0.545455,1.0,1.0,0.786681,0.0,0.261058,0.5,0.090909,1.0,0.75,1
0.909091,0.6,0.79094,1.0,1.0,0.162435,0.5,0.090909,1.0,0.5,1
1.0,0.6,0.894345,1.0,1.0,0.137643,0.25,0.25,1.0,0.833333,1
1.0,0.8,0.179971,0.192773,0.0,0.143684,0.111111,0.666667,0.224964,1.0,0
0.916667,0.2,0.432217,0.08154,0.333333,0.8158,0.111111,0.666667,1.0,0.833333,1
0.166667,0.4,1.0,0.578476,0.0,0.266051,1.0,0.0,1.0,0.333333,1
1.0,1.0,0.418844,0.130558,0.5,0.493742,0.2,0.333333,0.418844,0.833333,0
0.583333,0.8,0.318395,0.368421,0.333333,0.133006,0.5,0.083333,0.397994,0.833333,1
0.916667,0.2,0.457636,0.43535,0.0,0.161783,0.090909,0.833333,1.0,1.0,1
0.5,0.4,0.14681,0.070175,0.5,1.0,0.5,0.083333,0.367026,0.666667,1
1.0,1.0,0.884081,0.926729,0.833333,0.489198,0.333333,0.166667,0.884081,1.0,1
0.833333,0.2,0.274301,0.28483,1.0,0.493841,0.25,0.25,1.0,0.666667,1
0.916667,0.2,1.0,1.0,0.333333,0.512797,0.111111,0.666667,1.0,1.0,1
0.75,0.6,0.356485,0.09244,0.714286,0.713347,0.5,0.083333,0.594142,1.0,1
0.75,1.0,0.355214,0.050529,0.142857,1.0,0.25,0.25,0.355214,1.0,0
0.833333,1.0,0.682583,0.442812,0.714286,0.285139,1.0,0.0,0.682583,1.0,0
0.75,0.8,1.0,1.0,0.0,0.184978,0.166667,0.416667,1.0,1.0,1
1.0,1.0,0.471678,0.120838,0.285714,0.722042,0.166667,0.416667,0.471678,1.0,0
1.0,0.8,0.295289,0.113592,0.142857,0.480862,0.125,0.583333,0.369111,1.0,0
0.75,0.4,0.618634,0.886604,1.0,0.12907,1.0,0.0,1.0,1.0,1
0.833333,1.0,0.443621,0.181943,0.571429,0.451023,0.5,0.083333,0.443621,1.0,0
1.0,1.0,0.621859,0.442415,1.0,0.2765,0.333333,0.2,0.621859,1.0,0
0.6,0.8,0.415027,0.533723,0.666667,0.152965,1.0,0.0,0.518783,1.0,0
0.6,0.2,0.823864,0.885805,0.0,0.182958,0.166667,0.5,1.0,1.0,1
0.7,0.4,0.710855,0.386657,1.0,0.36165,0.333333,0.2,1.0,1.0,1
0.8,0.8,1.0,1.0,1.0,0.196713,0.5,0.1,1.0,1.0,1
0.583333,0.8,1.0,1.0,0.75,0.141231,1.0,0.0,1.0,1.0,1
0.916667,0.8,0.558827,0.450508,1.0,0.175188,0.25,0.25,0.698534,1.0,0
1.0,0.4,0.957495,0.864885,1.0,0.156353,0.142857,0.5,1.0,1.0,1
0.583333,1.0,0.529647,0.133045,0.0,0.562235,0.333333,0.166667,0.529647,1.0,0
1.0,0.2,0.734577,0.53726,1.0,0.1931,0.125,0.583333,1.0,1.0,1
1.0,1.0,0.715025,0.375588,0.8,0.345874,0.25,0.272727,0.715025,1.0,0
0.818182,1.0,0.968467,1.0,0.8,0.175951,0.5,0.090909,0.968467,1.0,1
0.545455,0.75,0.408872,0.157973,0.2,0.47023,0.333333,0.181818,0.545162,1.0,0
0.727273,0.25,0.83398,0.629543,0.4,0.240679,0.166667,0.454545,1.0,1.0,1
0.818182,1.0,0.701377,0.443566,0.8,0.287277,0.5,0.090909,0.701377,1.0,0
0.909091,1.0,0.679139,0.494228,1.0,0.249654,0.5,0.090909,0.679139,1.0,0
0.818182,0.5,1.0,0.908508,0.4,0.199976,0.166667,0.454545,1.0,1.0,1
0.909091,0.75,0.211437,0.254382,0.0,0.151008,0.125,0.636364,0.281916,1.0,1
1.0,0.75,0.666,0.500363,0.833333,0.217344,0.2,0.333333,0.887999,1.0,1
0.916667,1.0,1.0,1.0,1.0,0.16329,0.5,0.083333,1.0,1.0,1
1.0,0.25,0.883589,0.540305,0.166667,0.267036,0.090909,0.833333,1.0,1.0,1
0.833333,0.25,0.537803,0.696986,0.333333,0.125996,0.125,0.583333,1.0,1.0,1
0.583333,1.0,0.987325,0.401961,0.166667,0.401084,0.333333,0.166667,0.987325,1.0,0
0.75,0.75,0.320102,0.166848,0.166667,0.313275,0.166667,0.416667,0.426803,1.0,1
1.0,1.0,0.485483,0.285775,0.857143,0.22367,0.333333,0.166667,0.485483,0.75,0
0.75,0.5,0.071128,0.018332,1.0,0.510853,1.0,0.0,0.142256,0.75,0
0.5,0.75,1.0,1.0,0.428571,0.131661,1.0,0.0,1.0,0.5,1
0.833333,1.0,0.698435,0.375728,0.571429,0.244743,0.333333,0.166667,0.698435,1.0,1
1.0,1.0,0.466487,0.319881,0.428571,0.192004,0.166667,0.416667,0.466487,1.0,0
0.666667,1.0,0.13938,0.034455,0.142857,0.743678,0.333333,0.166667,0.13938,1.0,0
1.0,0.4,0.388195,0.34297,0.285714,0.208083,0.111111,0.666667,0.970487,1.0,1
0.916667,0.2,0.80084,1.0,0.571429,0.147228,0.142857,0.5,1.0,0.857143,1
0.416667,0.2,1.0,0.188119,0.428571,0.977263,0.5,0.083333,1.0,0.714286,1
0.75,1.0,0.370315,0.409109,0.571429,0.166409,1.0,0.0,0.370315,0.857143,0
0.25,0.4,0.778221,0.808911,0.142857,0.176867,1.0,0.0,1.0,0.428571,1
0.916667,0.4,0.589078,0.682574,1.0,0.15866,0.333333,0.166667,1.0,0.714286,1
0.833333,0.6,0.183757,0.215446,0.285714,0.156801,0.166667,0.416667,0.306262,1.0,1
0.636364,0.2,0.16123,0.161458,0.4,0.13463,0.2,0.363636,0.806151,1.0,0
0.909091,1.0,0.565587,0.460185,0.6,0.1657,0.333333,0.181818,0.565587,1.0,0
0.636364,1.0,0.763514,0.334223,0.0,0.307989,0.333333,0.181818,0.763514,1.0,1
0.818182,1.0,0.539609,0.561803,0.8,0.129494,1.0,0.0,0.539609,1.0,0
0.727273,0.4,1.0,1.0,0.8,0.13482,0.333333,0.181818,1.0,1.0,1
1.0,0.8,0.410298,0.131773,1.0,0.419785,0.333333,0.181818,0.512873,1.0,1
0.545455,0.2,0.921365,0.587561,0.6,0.211414,0.333333,0.181818,1.0,1.0,1
1.0,1.0,0.554498,0.183486,0.428571,0.659853,0.166667,0.416667,0.554498,1.0,1
0.833333,1.0,0.474172,0.327847,0.428571,0.315802,0.25,0.25,0.474172,1.0,0
1.0,1.0,0.826001,1.0,0.857143,0.180356,0.333333,0.166667,0.826001,1.0,1
0.75,0.5,1.0,0.084458,1.0,1.0,1.0,0.0,1.0,1.0,1
0.583333,0.75,0.122211,0.035006,0.666667,0.487854,1.0,0.0,0.162948,1.0,1
0.5,1.0,0.577789,0.581491,0.166667,0.13885,0.5,0.083333,0.577789,0.666667,1
0.833333,0.25,1.0,1.0,0.833333,0.139739,0.2,0.333333,1.0,1.0,1
1.0,0.25,0.209635,0.210034,1.0,0.139474,0.166667,0.416667,0.83854,0.666667,1
0.583333,0.2,0.435624,0.150831,0.142857,0.540308,0.166667,0.416667,1.0,0.75,1
1.0,1.0,1.0,1.0,0.714286,0.187076,0.333333,0.166667,1.0,0.75,1
0.5,0.6,0.172616,0.161794,0.428571,0.199589,1.0,0.0,0.287693,0.75,0
0.416667,0.8,0.697567,0.465449,0.142857,0.280371,1.0,0.0,0.871959,0.5,1
0.833333,0.6,0.252353,0.104651,1.0,0.451111,1.0,0.0,0.420588,0.25,0
0.666667,0.2,0.44847,0.262426,1.0,0.297915,1.0,0.0,1.0,0.8,1
0.916667,0.8,0.178656,0.145919,0.714286,0.213438,0.333333,0.166667,0.223319,1.0,0
0.833333,0.4,0.524326,0.338577,0.714286,0.269966,0.25,0.25,1.0,1.0,1
0.916667,0.6,0.392624,0.462152,1.0,0.148101,0.5,0.083333,0.654373,0.8,1
0.583333,1.0,1.0,0.93844,0.0,0.185763,0.333333,0.166667,1.0,0.6,1
1.0,0.2,0.738164,1.0,0.714286,0.128682,0.142857,0.5,1.0,1.0,1
0.909091,0.4,0.927346,0.831717,1.0,0.152251,1.0,0.0,1.0,0.571429,1
1.0,0.8,0.649077,0.178428,0.5,0.496739,0.25,0.272727,0.811346,1.0,0
0.909091,0.6,0.991587,0.77801,0.125,0.174036,0.142857,0.545455,1.0,1.0,1
0.909091,1.0,0.179504,0.152171,0.5,0.161078,0.5,0.090909,0.179504,1.0,0
0.636364,0.4,0.893696,0.136208,0.25,0.895947,0.25,0.272727,1.0,0.857143,1
0.909091,0.8,0.264176,0.240042,0.0,0.15028,0.142857,0.545455,0.33022,1.0,0
0.727273,0.4,1.0,1.0,0.5,0.136551,0.333333,0.181818,1.0,0.857143,1
0.727273,0.2,0.632033,0.387886,0.125,0.2225,0.142857,0.545455,1.0,0.857143,1
0.75,0.2,0.251735,0.220551,0.0,0.308108,0.111111,0.666667,1.0,1.0,1
1.0,0.2,0.884963,0.38717,1.0,0.617009,0.142857,0.5,1.0,0.833333,1
0.583333,0.2,0.745321,0.572807,0.6,0.351239,0.25,0.25,1.0,1.0,1
0.75,0.4,0.555415,0.386886,0.2,0.387528,0.142857,0.5,1.0,1.0,1
0.416667,0.2,1.0,1.0,0.0,0.26994,0.2,0.333333,1.0,0.666667,1
0.916667,1.0,0.485804,0.729492,0.8,0.179767,0.333333,0.166667,0.485804,1.0,1
0.833333,0.4,0.411462,0.190463,1.0,0.583159,0.25,0.25,1.0,0.833333,1
0.583333,1.0,1.0,0.238017,0.333333,0.857407,0.25,0.25,1.0,0.5,1
1.0,1.0,0.284152,0.187603,1.0,0.309104,0.333333,0.166667,0.284152,0.833333,1
1.0,1.0,0.395518,0.358127,0.666667,0.225385,0.166667,0.416667,0.395518,1.0,1
0.833333,1.0,0.916442,0.987328,1.0,0.189425,1.0,0.0,0.916442,0.833333,1
1.0,1.0,0.215983,0.171901,0.0,0.25641,0.083333,0.916667,0.215983,1.0,1
0.916667,1.0,0.675891,0.192287,0.888889,0.717335,0.333333,0.166667,0.675891,0.833333,1
0.916667,1.0,0.916037,1.0,0.444444,0.186942,0.142857,0.5,0.916037,1.0,1
0.833333,1.0,0.489615,0.637332,0.5,0.138669,0.5,0.083333,0.489615,1.0,0
1.0,1.0,0.176869,0.046567,0.625,0.685593,0.333333,0.166667,0.176869,1.0,0
0.75,0.2,0.687145,0.776243,0.875,0.159786,0.5,0.083333,1.0,0.8,1
0.666667,1.0,0.785199,0.348856,0.125,0.406278,0.333333,0.166667,0.785199,0.8,1
1.0,0.2,1.0,1.0,1.0,0.180505,0.25,0.25,1.0,0.6,1
0.583333,0.8,0.057499,0.062155,0.25,0.166984,0.5,0.083333,0.071874,0.6,0
1.0,1.0,0.210775,0.048476,1.0,0.837118,0.5,0.090909,0.210775,1.0,1
0.545455,1.0,1.0,1.0,0.0,0.192528,0.5,0.090909,1.0,1.0,1
0.727273,0.8,0.539967,0.102032,0.4,1.0,0.333333,0.181818,0.674959,1.0,0
0.545455,0.4,0.431226,0.456393,0.0,0.181911,0.2,0.363636,1.0,1.0,1
0.181818,0.25,0.060254,0.022093,0.166667,0.389474,1.0,0.0,0.241018,0.166667,1
0.818182,0.5,0.915827,1.0,0.833333,0.130785,0.333333,0.181818,1.0,0.666667,1
0.818182,0.75,0.83888,0.187064,0.166667,0.640404,0.166667,0.454545,1.0,1.0,1
0.909091,1.0,0.31369,0.147093,0.5,0.304545,0.25,0.272727,0.31369,0.666667,0
1.0,1.0,0.67827,0.620494,1.0,0.156102,0.5,0.090909,0.67827,0.666667,1
0.272727,0.25,1.0,0.96686,0.333333,0.1477,1.0,0.0,1.0,0.166667,1
1.0,0.25,0.517557,0.342733,1.0,0.215649,0.2,0.363636,1.0,0.666667,0
0.833333,0.4,0.744658,1.0,0.857143,0.144447,0.333333,0.166667,1.0,0.666667,1
1.0,0.4,0.185692,0.131898,1.0,0.27309,0.25,0.25,0.464231,0.666667,1
0.5,0.2,0.793531,0.037783,0.142857,1.0,0.2,0.333333,1.0,0.5,1
1.0,1.0,0.870735,0.320357,0.714286,0.527234,0.333333,0.166667,0.870735,0.833333,0
0.833333,0.6,0.801086,0.326311,0.142857,0.476211,0.142857,0.5,1.0,1.0,1
0.833333,0.6,1.0,0.876574,0.857143,0.22129,0.5,0.083333,1.0,0.666667,1
0.416667,1.0,0.780545,0.209297,0.0,0.723414,1.0,0.0,0.780545,0.333333,0
0.909091,0.8,0.135217,0.099303,0.857143,0.229791,1.0,0.0,0.169021,1.0,0
0.818182,0.4,0.109201,0.047484,0.714286,0.388095,0.333333,0.181818,0.273001,1.0,0
0.727273,0.8,0.13946,0.094027,0.428571,0.250301,0.5,0.090909,0.174324,1.0,1
0.727273,1.0,0.964493,0.592614,0.428571,0.274658,1.0,0.0,0.964493,1.0,0
0.727273,0.2,0.164694,0.102695,1.0,0.270642,1.0,0.0,0.82347,1.0,0
0.818182,1.0,0.931889,1.0,0.571429,0.157264,1.0,0.0,0.931889,1.0,0
1.0,1.0,1.0,0.767477,0.714286,0.219887,0.5,0.090909,1.0,1.0,1
0.666667,1.0,1.0,1.0,0.714286,0.147649,1.0,0.0,1.0,1.0,1
1.0,1.0,0.816542,0.695512,1.0,0.173342,0.333333,0.166667,0.816542,1.0,1
1.0,0.333333,0.315694,0.139102,0.142857,0.33509,0.090909,0.833333,0.947082,1.0,1
0.666667,1.0,0.113224,0.036832,0.714286,0.453883,1.0,0.0,0.113224,1.0,0
0.666667,0.666667,0.353112,0.096013,0.857143,0.543017,1.0,0.0,0.529668,1.0,0
0.666667,0.333333,0.586341,0.545146,0.857143,0.158806,0.5,0.083333,1.0,1.0,1
0.833333,1.0,0.114071,0.091901,0.142857,0.183268,0.142857,0.5,0.114071,1.0,1
0.916667,0.2,0.761298,1.0,1.0,0.130607,0.25,0.25,1.0,0.857143,1
0.75,0.4,0.624141,0.059938,1.0,1.0,1.0,0.0,1.0,0.857143,0
1.0,0.8,0.573425,0.409513,0.857143,0.240227,0.333333,0.166667,0.716781,0.857143,1
0.5,0.4,0.167249,0.157579,0.285714,0.182086,0.333333,0.166667,0.418122,0.428571,0
0.916667,1.0,1.0,0.585847,0.285714,0.292838,0.2,0.333333,1.0,1.0,1
0.833333,1.0,0.349262,0.462684,0.714286,0.129503,1.0,0.0,0.349262,1.0,0
0.833333,0.6,0.204328,0.176721,1.0,0.198359,1.0,0.0,0.340546,0.857143,0
1.0,1.0,0.642849,0.290217,0.285714,0.380013,0.166667,0.416667,0.642849,1.0,0
1.0,0.2,0.821596,1.0,1.0,0.144157,0.333333,0.166667,1.0,0.333333,1
0.75,1.0,0.584562,0.657663,0.333333,0.155957,0.5,0.083333,0.584562,0.666667,0
0.75,0.6,0.4566,0.613985,0.0,0.130484,0.142857,0.5,0.761,0.833333,0
0.25,0.6,0.825964,0.250766,0.0,0.577922,1.0,0.0,1.0,0.333333,1
0.833333,0.8,1.0,0.994636,0.666667,0.176406,1.0,0.0,1.0,0.666667,1
1.0,0.6,0.806529,0.234483,0.333333,0.603513,0.142857,0.5,1.0,0.833333,1
0.5,0.8,0.248499,0.076437,0.111111,0.570426,0.5,0.083333,0.310623,0.666667,0
0.636364,0.2,0.490345,0.43771,1.0,0.21976,1.0,0.0,1.0,0.857143,1
0.727273,0.4,0.059429,0.054714,0.333333,0.213077,0.2,0.363636,0.148573,1.0,0
0.363636,0.4,1.0,0.945286,0.0,0.207524,0.333333,0.181818,1.0,0.428571,1
1.0,1.0,0.553529,0.506524,0.833333,0.214375,0.5,0.090909,0.553529,0.857143,1
0.818182,0.6,0.589037,0.885522,0.166667,0.13049,0.166667,0.454545,0.981728,1.0,1
0.636364,1.0,0.477473,0.412247,0.0,0.227208,0.333333,0.181818,0.477473,1.0,0
0.636364,0.2,0.953873,1.0,0.833333,0.187121,0.5,0.090909,1.0,0.857143,1
0.909091,0.6,0.276228,0.331439,0.833333,0.163492,0.333333,0.181818,0.46038,0.857143,0
0.333333,0.6,0.130653,0.076667,0.0,0.472727,0.5,0.083333,0.217755,0.5,0
0.583333,0.6,1.0,0.922424,0.125,0.300723,0.25,0.25,1.0,0.833333,1
1.0,0.8,0.504042,0.048788,0.625,1.0,0.25,0.25,0.630052,0.833333,1
0.75,0.2,0.720341,1.0,1.0,0.199818,1.0,0.0,1.0,0.5,1
0.5,1.0,0.425825,0.490303,0.0,0.240915,0.5,0.083333,0.425825,0.833333,0
0.916667,0.6,0.144418,0.252424,0.5,0.158703,0.2,0.333333,0.240696,0.833333,0
0.833333,0.8,0.9078,0.091515,0.375,1.0,0.25,0.25,1.0,1.0,1
0.583333,1.0,0.861975,0.882214,0.25,0.156223,0.5,0.083333,0.861975,1.0,1
1.0,1.0,0.212145,0.189655,0.5,0.178852,0.166667,0.416667,0.212145,1.0,0
0.916667,0.6,1.0,0.19637,0.0,0.814233,0.111111,0.666667,1.0,1.0,1
0.833333,0.2,0.700114,0.489474,0.0,0.228699,0.1,0.75,1.0,1.0,1
0.666667,0.2,0.863678,1.0,1.0,0.138094,0.25,0.25,1.0,1.0,1
1.0,0.4,0.269449,0.258961,1.0,0.523446,0.2,0.333333,0.673622,0.8,0
0.666667,1.0,0.23106,0.648135,0.333333,0.179345,0.5,0.083333,0.23106,1.0,0
1.0,1.0,0.963211,0.351134,0.0,1.0,0.125,0.583333,0.963211,1.0,1
0.5,0.2,0.345354,0.837601,0.666667,0.207424,0.5,0.083333,1.0,0.8,1
0.75,0.6,1.0,1.0,0.833333,0.503072,0.5,0.083333,1.0,1.0,1
0.583333,0.6,0.511706,0.968544,0.166667,0.265785,0.25,0.25,0.852843,1.0,1
0.833333,0.6,0.953564,1.0,0.285714,0.130309,0.166667,0.416667,1.0,0.857143,1
0.583333,0.4,0.331233,0.092634,0.0,0.48864,0.166667,0.416667,0.828083,0.857143,1
1.0,0.8,0.456773,0.344388,0.285714,0.18125,0.142857,0.5,0.570966,0.857143,0
0.916667,0.6,0.551978,0.471142,1.0,0.160102,0.5,0.083333,0.919963,0.714286,1
0.666667,0.8,0.253179,0.174107,0.571429,0.198718,1.0,0.0,0.316474,0.857143,0
0.666667,0.6,0.350134,0.34104,0.285714,0.140299,0.25,0.25,0.583557,0.857143,1
0.166667,0.2,1.0,0.696429,0.142857,0.196223,1.0,0.0,1.0,0.142857,1
1.0,1.0,0.910862,0.22449,0.571429,0.554474,0.25,0.25,0.910862,0.857143,0
0.833333,0.75,0.605511,0.334525,0.857143,0.339786,0.5,0.083333,0.807348,1.0,0
0.916667,0.75,1.0,0.030698,1.0,1.0,0.5,0.083333,1.0,0.714286,1
0.833333,0.5,0.300739,0.242641,1.0,0.232669,0.5,0.083333,0.601478,0.714286,0
0.583333,0.75,0.254928,0.152019,0.428571,0.314799,0.5,0.083333,0.339904,0.714286,0
0.833333,0.25,0.919131,1.0,0.428571,0.17254,0.142857,0.5,1.0,1.0,1
1.0,1.0,0.565748,0.510513,0.714286,0.208031,0.25,0.25,0.565748,1.0,1
0.583333,1.0,0.101927,0.09672,0.0,0.197826,0.25,0.25,0.101927,0.714286,1
1.0,0.5,0.09767,0.092935,0.285714,0.197285,0.111111,0.666667,0.195341,1.0,0
0.833333,0.6,0.205521,0.158789,0.2,0.243073,0.142857,0.5,0.342535,1.0,0
0.583333,0.4,0.717235,0.595949,0.2,0.226023,0.2,0.333333,1.0,1.0,1
0.5,0.6,0.839364,1.0,0.6,0.157635,1.0,0.0,1.0,1.0,1
0.75,1.0,0.630712,0.368983,0.8,0.321015,1.0,0.0,0.630712,1.0,0
0.833333,0.4,0.457203,0.124809,1.0,0.687958,0.25,0.25,1.0,1.0,1
0.75,1.0,1.0,0.648878,0.4,0.289426,0.333333,0.166667,1.0,1.0,0
1.0,0.6,0.495941,0.169026,0.8,0.551031,0.166667,0.416667,0.826568,1.0,1
0.818182,1.0,0.634297,0.541951,0.5,0.219748,0.5,0.090909,0.634297,1.0,0
1.0,0.6,0.595452,0.639787,0.666667,0.174745,0.2,0.363636,0.992421,0.857143,1
0.545455,0.4,0.748934,0.795731,0.166667,0.176714,0.25,0.272727,1.0,0.857143,1
0.545455,0.4,0.841465,1.0,0.166667,0.15799,0.25,0.272727,1.0,0.857143,1
0.818182,1.0,0.320069,0.464868,0.666667,0.129273,1.0,0.0,0.320069,0.857143,0
0.363636,0.2,0.786515,0.72102,0.166667,0.204811,0.333333,0.181818,1.0,0.571429,1
0.545455,0.2,0.411653,0.076786,0.166667,1.0,0.2,0.363636,1.0,0.857143,1
0.909091,0.2,1.0,0.796917,1.0,0.235603,0.25,0.272727,1.0,0.428571,1
1.0,0.4,0.621754,0.195901,1.0,0.452009,0.25,0.25,1.0,1.0,1
0.666667,0.8,0.60559,0.354523,0.571429,0.243276,1.0,0.0,0.756987,1.0,0
1.0,0.6,1.0,1.0,0.142857,0.142418,0.111111,0.666667,1.0,1.0,1
1.0,1.0,0.490771,0.22011,0.285714,0.317544,0.166667,0.416667,0.490771,1.0,0
0.833333,0.8,0.802586,0.879548,0.857143,0.129956,1.0,0.0,1.0,1.0,0
1.0,0.8,0.940348,0.92559,0.714286,0.144689,0.25,0.25,1.0,1.0,1
0.666667,0.8,0.119095,0.09149,0.0,0.18539,0.2,0.333333,0.148868,1.0,0
0.833333,0.4,0.460736,0.19501,0.428571,0.336481,0.166667,0.416667,1.0,1.0,1
1.0,0.6,0.396433,0.112937,0.714286,0.588806,0.25,0.272727,0.660721,1.0,0
0.545455,0.4,0.923,1.0,0.428571,0.154825,0.5,0.090909,1.0,0.833333,1
1.0,1.0,0.296822,0.322798,0.428571,0.154243,0.25,0.272727,0.296822,1.0,0
0.818182,0.4,0.273584,0.194058,1.0,0.236482,1.0,0.0,0.683959,0.833333,0
1.0,1.0,1.0,0.417404,0.571429,0.401868,0.333333,0.181818,1.0,1.0,1
0.818182,1.0,0.538249,0.505268,0.571429,0.178691,1.0,0.0,0.538249,1.0,0
0.727273,0.2,0.631453,0.541509,0.428571,0.195603,0.2,0.363636,1.0,1.0,1
0.9,0.6,0.619747,0.572066,0.666667,0.218673,0.333333,0.2,1.0,1.0,0
0.8,0.6,0.696998,0.415816,0.833333,0.338344,1.0,0.0,1.0,1.0,0
1.0,1.0,0.943286,1.0,0.166667,0.190402,0.2,0.4,0.943286,1.0,1
0.8,0.4,0.566825,0.482781,0.666667,0.236988,0.333333,0.2,1.0,1.0,0
1.0,0.8,1.0,0.765944,0.0,0.26353,0.142857,0.6,1.0,1.0,1
0.9,0.4,0.712006,0.716518,0.333333,0.200579,0.166667,0.5,1.0,1.0,1
1.0,0.8,0.197788,0.13074,1.0,0.305366,1.0,0.0,0.247235,1.0,0
1.0,0.75,0.399869,0.498601,0.571429,0.189589,0.166667,0.416667,0.533158,1.0,1
0.916667,0.75,1.0,1.0,1.0,0.2364,0.5,0.083333,1.0,1.0,1
0.666667,1.0,0.295464,0.043208,0.428571,1.0,0.5,0.083333,0.295464,1.0,0
0.916667,0.5,0.941091,0.170967,0.571429,1.0,0.166667,0.416667,1.0,1.0,1
0.666667,0.5,0.185141,0.330121,0.857143,0.13258,1.0,0.0,0.370283,1.0,0
0.666667,1.0,0.098619,0.092944,0.571429,0.250836,1.0,0.0,0.098619,1.0,0
0.583333,0.25,0.153674,0.282653,0.8,0.133299,0.333333,0.166667,0.614694,1.0,1
0.583333,1.0,0.336641,0.208514,0.4,0.395833,0.5,0.083333,0.336641,1.0,1
1.0,0.5,1.0,0.084275,0.4,1.0,0.111111,0.666667,1.0,1.0,1
0.916667,0.75,0.583274,1.0,1.0,0.143006,0.25,0.25,0.777699,1.0,1
0.75,1.0,1.0,0.971653,0.428571,0.178183,0.5,0.083333,1.0,1.0,1
1.0,0.4,0.563588,0.505616,1.0,0.192983,0.25,0.25,1.0,1.0,1
0.916667,0.6,0.579446,0.649314,0.714286,0.154503,0.25,0.25,0.965743,1.0,1
0.666667,0.8,0.454742,0.113211,0.285714,0.695433,0.333333,0.166667,0.568428,1.0,0
0.75,0.2,0.84914,1.0,0.0,0.147014,0.111111,0.666667,1.0,1.0,1
0.833333,0.6,0.574915,0.553218,0.571429,0.179923,0.25,0.25,0.958192,1.0,0
0.5,0.8,0.951542,1.0,0.25,0.156019,1.0,0.0,1.0,0.666667,1
1.0,1.0,0.069628,0.04675,0.125,0.244206,0.142857,0.5,0.069628,1.0,0
0.916667,0.8,0.520069,0.12821,0.5,0.665102,0.25,0.25,0.650086,1.0,1
0.916667,0.8,0.31767,0.051565,0.75,1.0,0.5,0.083333,0.397088,0.666667,0
1.0,0.4,1.0,0.904294,1.0,0.181318,0.333333,0.166667,1.0,0.666667,1
0.833333,0.6,0.279736,0.04374,0.5,1.0,0.25,0.25,0.466226,1.0,0
0.5,0.4,0.801517,0.657103,0.5,0.2,1.0,0.0,1.0,0.666667,0
0.9,1.0,0.364178,0.181371,0.428571,0.687209,0.5,0.1,0.364178,0.8,0
0.7,1.0,1.0,0.79754,0.0,0.429132,0.333333,0.2,1.0,0.8,1
0.9,0.4,0.278525,0.144815,1.0,0.658252,1.0,0.0,0.696313,0.6,0
1.0,0.8,0.461333,1.0,0.142857,0.157891,0.166667,0.5,0.576666,1.0,0
0.9,0.8,0.731334,0.097715,0.285714,1.0,0.25,0.3,0.914168,1.0,1
0.3,0.2,0.31139,0.356063,0.285714,0.299309,1.0,0.0,1.0,0.6,0
0.666667,1.0,0.93532,0.259972,0.142857,0.479968,0.25,0.25,0.93532,1.0,0
0.833333,1.0,0.172238,0.14446,0.857143,0.15906,1.0,0.0,0.172238,0.857143,0
0.916667,0.5,0.295681,0.31385,0.857143,0.125684,0.25,0.25,0.591362,0.857143,0
0.75,0.5,0.565926,0.59349,1.0,0.127211,1.0,0.0,1.0,0.857143,1
1.0,1.0,1.0,1.0,0.428571,0.133407,0.166667,0.416667,1.0,1.0,1
0.833333,0.5,0.565718,0.163296,0.0,0.462171,0.111111,0.666667,1.0,1.0,1
0.666667,0.75,0.927222,0.85651,0.428571,0.144421,0.333333,0.166667,1.0,1.0,1
0.5,0.5,0.676184,0.24349,0.142857,0.370478,0.25,0.25,1.0,0.571429,1
1.0,0.8,0.920545,0.20835,0.111111,0.74535,0.125,0.583333,1.0,1.0,1
0.916667,0.6,0.780225,0.134039,0.555556,0.981967,0.25,0.25,1.0,0.714286,1
0.833333,1.0,0.108467,0.138434,0.555556,0.132179,1.0,0.0,0.108467,0.714286,0
0.416667,0.4,0.179633,0.062525,0.0,0.484665,0.25,0.25,0.449082,0.428571,1
1.0,0.2,1.0,0.894726,1.0,0.188547,0.333333,0.166667,1.0,0.571429,1
0.916667,1.0,0.114387,0.04974,0.444444,0.387952,0.333333,0.166667,0.114387,0.857143,0
0.333333,0.2,0.796921,1.0,0.0,0.134439,0.25,0.25,1.0,0.285714,1
0.666667,0.2,0.465246,0.472034,0.777778,0.166272,1.0,0.0,1.0,0.571429,1
0.545455,0.2,0.434212,0.703143,0.0,0.151836,0.166667,0.454545,1.0,0.666667,1
0.909091,0.8,1.0,0.467733,1.0,0.525675,1.0,0.0,1.0,0.833333,1
1.0,1.0,0.115714,0.132716,0.0,0.214376,0.142857,0.545455,0.115714,1.0,0
0.909091,0.6,0.601735,0.283109,0.333333,0.522597,0.166667,0.454545,1.0,1.0,1
0.909091,0.2,0.873217,1.0,1.0,0.214703,0.25,0.272727,1.0,0.833333,1
0.909091,0.2,0.37122,0.304994,0.5,0.299264,0.142857,0.545455,1.0,1.0,1
0.636364,0.4,0.572977,0.847082,0.833333,0.166313,1.0,0.0,1.0,1.0,0
0.545455,0.8,0.622784,0.307112,0.5,0.277232,1.0,0.0,0.77848,1.0,0
1.0,0.4,0.844667,0.460866,0.5,0.25056,0.125,0.636364,1.0,1.0,1
0.909091,1.0,0.922988,0.747914,0.25,0.168712,0.2,0.363636,0.922988,1.0,0
0.545455,0.4,0.440134,0.218315,0.75,0.275614,0.5,0.090909,1.0,1.0,1
0.545455,1.0,1.0,0.474573,0.0,0.28807,0.5,0.090909,1.0,1.0,1
0.727273,0.6,0.548242,0.399881,0.75,0.187432,0.333333,0.181818,0.913736,1.0,0
0.909091,0.6,0.923278,1.0,0.5,0.126222,0.166667,0.454545,1.0,1.0,1
0.818182,0.8,0.680616,0.689511,1.0,0.134947,0.5,0.090909,0.85077,1.0,0
0.75,1.0,0.970766,0.457777,0.5,0.269337,1.0,0.0,0.970766,1.0,0
1.0,0.2,1.0,1.0,0.375,0.127009,0.111111,0.666667,1.0,1.0,1
1.0,0.2,0.963102,0.625538,1.0,0.195548,0.25,0.25,1.0,0.857143,1
0.666667,0.2,0.833512,0.751641,0.375,0.140843,0.2,0.333333,1.0,0.571429,1
0.833333,0.6,0.804456,0.509848,0.875,0.2004,1.0,0.0,1.0,1.0,1
0.833333,0.2,0.874153,0.581843,1.0,0.190817,0.5,0.083333,1.0,0.857143,1
0.75,0.2,0.393583,0.243604,1.0,0.205204,1.0,0.0,1.0,0.857143,0
0.75,1.0,0.789483,0.37401,0.125,0.268099,0.25,0.25,0.789483,1.0,1
0.833333,0.4,1.0,1.0,0.6,0.169841,0.166667,0.416667,1.0,1.0,1
0.75,1.0,0.200647,0.240066,0.4,0.141953,0.333333,0.166667,0.200647,1.0,0
0.833333,1.0,0.264043,0.030764,1.0,1.0,1.0,0.0,0.264043,1.0,0
0.75,0.8,0.058113,0.074895,1.0,0.131785,1.0,0.0,0.072642,1.0,0
0.833333,1.0,0.532075,0.050906,0.0,1.0,0.166667,0.416667,0.532075,1.0,1
1.0,1.0,0.374016,0.301227,1.0,0.210881,0.333333,0.166667,0.374016,1.0,1
0.666667,0.6,0.259299,0.114082,0.6,0.386035,0.333333,0.166667,0.432165,1.0,0
0.833333,1.0,0.741348,0.288042,0.4,0.437127,0.25,0.25,0.741348,1.0,0
1.0,0.6,1.0,0.470464,1.0,0.426963,0.5,0.090909,1.0,0.666667,1
0.545455,0.6,0.510135,0.592375,0.285714,0.172984,0.5,0.090909,0.850225,0.666667,0
0.909091,0.2,0.781488,1.0,0.714286,0.156978,0.2,0.363636,1.0,1.0,1
1.0,1.0,0.715876,0.292304,0.428571,0.491948,0.25,0.272727,0.715876,1.0,1
0.818182,1.0,0.432731,0.277237,0.333333,0.346656,0.25,0.272727,0.432731,1.0,0
1.0,1.0,0.614654,0.388966,1.0,0.350954,0.25,0.272727,0.614654,1.0,0
0.454545,0.4,0.785304,1.0,0.666667,0.174409,0.5,0.090909,1.0,1.0,1
1.0,0.8,0.374804,0.085999,0.0,0.967925,0.125,0.636364,0.468505,1.0,1
0.818182,0.8,1.0,0.145341,0.333333,1.0,0.2,0.363636,1.0,1.0,1
0.833333,1.0,0.581924,0.429898,0.75,0.187041,0.333333,0.166667,0.581924,1.0,1
0.5,0.2,1.0,1.0,0.75,0.138177,0.333333,0.166667,1.0,1.0,1
0.416667,0.2,0.53791,0.184308,0.5,0.403275,0.333333,0.166667,1.0,1.0,1
1.0,1.0,0.264195,0.203962,1.0,0.178983,0.25,0.25,0.264195,1.0,0
0.833333,0.75,1.0,1.0,0.444444,0.13637,0.25,0.25,1.0,1.0,1
0.833333,0.25,0.862003,0.4891,1.0,0.240343,1.0,0.0,1.0,0.6,1
0.5,0.5,0.547616,0.336315,0.444444,0.22205,1.0,0.0,1.0,0.8,1
1.0,0.25,0.795191,0.84945,0.0,0.12766,0.083333,0.916667,1.0,1.0,1
0.416667,0.25,0.373685,0.291783,0.444444,0.174649,1.0,0.0,1.0,0.6,1
0.916667,1.0,0.992212,0.450531,0.555556,0.300331,0.333333,0.166667,0.992212,0.8,0
0.916667,1.0,0.219934,0.064599,0.166667,0.660615,0.166667,0.416667,0.219934,1.0,0
0.833333,1.0,0.868674,0.224806,0.5,0.749779,0.333333,0.166667,0.868674,1.0,0
0.333333,0.4,0.121082,0.022461,0.333333,1.0,1.0,0.0,0.302704,0.5,0
1.0,0.8,1.0,0.227986,0.833333,0.85109,0.25,0.25,1.0,0.833333,1
0.916667,0.4,0.920815,1.0,1.0,0.178672,0.25,0.25,1.0,0.833333,1
0.75,0.8,0.493444,0.336315,0.666667,0.284693,0.5,0.083333,0.616805,0.833333,0
0.75,0.8,0.270949,0.190022,0.5,0.276674,0.333333,0.166667,0.338686,1.0,1
0.416667,1.0,0.934171,0.036839,0.0,1.0,1.0,0.0,0.934171,0.4,0
0.75,0.2,0.779718,0.419222,0.888889,0.344232,1.0,0.0,1.0,0.4,1
0.666667,0.6,0.091516,0.091788,0.444444,0.184529,0.5,0.083333,0.152526,0.6,1
1.0,0.2,1.0,0.337106,1.0,0.549023,0.333333,0.166667,1.0,0.2,1
0.833333,1.0,0.803625,0.160938,0.555556,0.924169,1.0,0.0,0.803625,0.8,0
0.75,1.0,0.749027,1.0,0.111111,0.138629,0.25,0.25,0.749027,0.8,1
0.416667,0.4,0.367185,0.261538,0.142857,0.255224,0.333333,0.166667,0.917961,0.428571,1
0.833333,0.2,0.986358,1.0,1.0,0.179311,0.333333,0.166667,1.0,0.857143,1
0.666667,0.6,1.0,0.419747,0.571429,0.433096,0.5,0.083333,1.0,1.0,1
0.833333,0.2,0.462296,0.061998,0.857143,1.0,0.25,0.25,1.0,0.857143,1
1.0,0.6,0.146394,0.208955,0.285714,0.127363,0.125,0.583333,0.24399,1.0,0
0.75,0.4,0.837691,0.152468,0.857143,0.998795,0.5,0.083333,1.0,0.857143,1
0.75,1.0,0.799924,0.144202,0.428571,1.0,0.5,0.083333,0.799924,1.0,0
0.916667,0.8,0.187066,0.041102,0.714286,0.827374,0.333333,0.166667,0.233832,0.857143,0
0.7,0.4,0.75644,0.407807,0.428571,0.234929,0.333333,0.2,1.0,0.833333,1
0.7,0.8,0.724471,0.041655,0.142857,1.0,0.333333,0.2,0.905589,0.833333,0
0.9,0.4,0.74264,0.592048,1.0,0.158868,1.0,0.0,1.0,0.5,1
0.9,0.6,0.666743,0.141421,0.857143,0.597116,1.0,0.0,1.0,0.833333,0
1.0,1.0,1.0,1.0,0.0,0.126653,0.166667,0.5,1.0,1.0,1
0.9,1.0,0.899034,0.605593,0.142857,0.188023,0.25,0.3,0.899034,1.0,0
0.6,0.6,0.180543,0.039615,0.0,0.577206,0.25,0.3,0.300905,0.666667,0
0.583333,1.0,0.911335,0.059656,0.142857,1.0,0.333333,0.166667,0.911335,0.833333,1
0.666667,0.75,0.614415,0.233787,0.571429,0.354713,0.5,0.083333,0.81922,0.833333,0
0.416667,1.0,1.0,1.0,0.0,0.13497,0.5,0.083333,1.0,0.666667,1
0.333333,0.5,0.677993,0.10086,0.285714,0.907282,1.0,0.0,1.0,0.5,0
0.916667,0.5,0.59477,0.484235,1.0,0.165779,0.333333,0.166667,1.0,0.5,1
1.0,0.75,0.205203,0.064314,0.428571,0.430641,0.142857,0.5,0.273604,1.0,0
0.75,0.5,0.539952,0.142601,0.857143,0.511055,0.5,0.083333,1.0,0.666667,1
1.0,1.0,0.348943,0.575478,0.75,0.168737,0.25,0.272727,0.348943,1.0,0
0.909091,0.4,0.512012,0.277572,0.75,0.513319,0.166667,0.454545,1.0,1.0,1
0.909091,1.0,1.0,0.947936,0.25,0.293565,0.2,0.363636,1.0,1.0,1
0.727273,0.2,0.826746,0.943315,0.0,0.243893,0.125,0.636364,1.0,1.0,1
1.0,0.8,0.559393,1.0,1.0,0.155669,0.25,0.272727,0.699242,1.0,1
0.666667,1.0,0.169628,0.824923,0.5,0.160924,0.5,0.083333,0.169628,1.0,1
0.583333,1.0,0.513883,0.84758,0.166667,0.474484,0.333333,0.166667,0.513883,1.0,1
0.666667,0.25,0.902224,1.0,0.0,0.706076,0.125,0.583333,1.0,1.0,1
1.0,1.0,1.0,0.253347,1.0,1.0,0.333333,0.166667,1.0,1.0,1
0.833333,0.8,0.9287,0.566019,0.857143,0.302058,1.0,0.0,1.0,1.0,0
1.0,0.6,0.687375,0.873786,1.0,0.144822,0.333333,0.166667,1.0,1.0,1
1.0,0.2,0.386352,0.037476,0.857143,1.0,0.166667,0.416667,1.0,1.0,1
0.916667,0.8,0.752241,0.686019,0.857143,0.201868,0.5,0.083333,0.940302,1.0,0
1.0,1.0,0.738741,0.68233,0.142857,0.199317,0.142857,0.5,0.738741,1.0,1
0.916667,0.6,1.0,1.0,0.0,0.184097,0.111111,0.666667,1.0,1.0,1
0.666667,0.2,0.419049,0.389515,0.142857,0.198056,0.142857,0.5,1.0,1.0,1
1.0,1.0,0.886686,0.644844,0.5,0.275641,0.2,0.333333,0.886686,1.0,1
0.75,0.75,0.222454,0.108136,0.25,0.412379,0.2,0.333333,0.296605,1.0,0
0.666667,1.0,0.815213,0.081782,0.25,1.0,0.333333,0.166667,0.815213,0.8,1
0.833333,0.75,1.0,1.0,0.5,0.20046,0.25,0.25,1.0,1.0,1
0.916667,0.5,0.232888,0.082828,1.0,0.563636,0.5,0.083333,0.465776,0.6,0
0.583333,0.5,0.168093,0.267936,0.25,0.125761,0.25,0.25,0.336185,0.8,0
1.0,0.4,0.410729,0.104503,0.875,0.543631,0.333333,0.181818,1.0,1.0,1
0.727273,0.2,0.195025,0.104645,0.625,0.257781,0.333333,0.181818,0.975123,0.857143,1
1.0,0.4,0.169328,0.018408,1.0,1.0,0.5,0.090909,0.423321,0.857143,0
0.909091,0.8,0.972973,1.0,0.75,0.134579,1.0,0.0,1.0,1.0,0
0.909091,0.4,1.0,0.376097,0.0,0.367771,0.111111,0.727273,1.0,1.0,1
1.0,0.6,0.994165,0.833192,0.875,0.165041,0.5,0.090909,1.0,1.0,1
0.909091,1.0,0.828829,0.672048,0.625,0.170586,1.0,0.0,0.828829,1.0,0
1.0,0.8,0.160422,0.092467,0.25,0.239969,0.166667,0.454545,0.200527,1.0,1
0.333333,0.666667,0.454569,0.629443,0.0,0.14165,0.333333,0.166667,0.681853,0.2,1
0.666667,0.666667,0.128775,0.088984,0.555556,0.283853,0.5,0.083333,0.193163,0.4,1
0.583333,1.0,0.420383,0.430552,0.0,0.191511,0.2,0.333333,0.420383,0.6,1
0.833333,0.333333,1.0,0.308041,0.888889,0.636743,0.5,0.083333,1.0,0.4,1
0.833333,0.333333,0.728056,1.0,1.0,0.142803,1.0,0.0,1.0,0.4,1
1.0,1.0,0.916463,0.537434,0.444444,0.334475,0.166667,0.416667,0.916463,0.8,1
0.666667,1.0,0.069593,0.070833,0.285714,0.203595,0.5,0.083333,0.069593,1.0,0
0.916667,0.6,0.417002,0.631713,1.0,0.13679,0.5,0.083333,0.695003,0.571429,1
0.5,0.2,0.590036,0.817361,0.428571,0.149589,0.333333,0.166667,1.0,0.714286,1
0.75,1.0,0.498771,0.759259,0.571429,0.136128,1.0,0.0,0.498771,0.857143,0
0.25,0.2,0.564678,0.307639,0.285714,0.380361,1.0,0.0,1.0,0.571429,1
1.0,0.6,1.0,1.0,0.285714,0.207222,0.125,0.583333,1.0,1.0,1
0.75,0.6,0.086349,0.120833,0.285714,0.148084,0.2,0.333333,0.143916,1.0,0
0.5,0.4,0.78597,0.416667,0.285714,0.390889,0.333333,0.166667,1.0,0.857143,1
1.0,0.8,0.921243,0.079289,0.333333,1.0,0.142857,0.5,1.0,1.0,0
0.833333,0.4,0.914433,0.653904,1.0,0.191909,0.333333,0.166667,1.0,0.833333,1
0.75,0.6,0.303822,0.062858,0.5,0.663309,0.25,0.25,0.506371,1.0,0
0.666667,0.2,0.539323,0.338107,0.5,0.218903,0.2,0.333333,1.0,1.0,1
1.0,0.8,1.0,0.233796,0.5,0.586976,0.166667,0.416667,1.0,1.0,1
0.416667,0.6,0.324583,0.289267,0.333333,0.153986,1.0,0.0,0.540971,0.833333,0
0.916667,1.0,0.94453,1.0,0.166667,0.12962,0.166667,0.416667,0.94453,1.0,1
0.166667,0.2,0.371889,0.15873,0.0,0.386889,0.5,0.083333,1.0,0.166667,1
0.75,0.2,0.734914,0.861905,1.0,0.140802,0.333333,0.166667,1.0,0.833333,1
1.0,0.8,0.90847,0.296825,1.0,0.505407,0.333333,0.166667,1.0,0.833333,0
1.0,1.0,1.0,0.697884,0.833333,0.236619,0.333333,0.166667,1.0,0.833333,1
0.916667,1.0,0.557086,0.08254,0.666667,1.0,0.333333,0.166667,0.557086,0.833333,0
0.833333,1.0,0.387483,0.306526,0.0,0.208746,0.166667,0.416667,0.387483,1.0,1
1.0,0.8,0.808288,1.0,1.0,0.133474,0.333333,0.166667,1.0,0.833333,0
0.416667,0.5,0.269546,0.130715,0.25,0.402862,0.333333,0.166667,0.539092,1.0,0
1.0,1.0,0.648867,0.507897,0.5,0.249591,0.142857,0.5,0.648867,1.0,1
0.75,0.75,0.604723,0.459684,0.25,0.257007,0.166667,0.416667,0.806297,1.0,1
1.0,0.5,1.0,0.580632,1.0,0.336471,0.142857,0.5,1.0,1.0,1
0.583333,0.75,0.70535,1.0,1.0,0.137801,1.0,0.0,0.940467,1.0,1
0.666667,0.25,0.617657,0.217937,1.0,0.385456,0.2,0.333333,1.0,1.0,1
1.0,0.75,0.938245,0.877593,0.333333,0.145406,0.111111,0.666667,1.0,1.0,1
0.833333,1.0,1.0,1.0,0.0,0.136006,0.142857,0.5,1.0,1.0,1
0.583333,0.75,0.357212,0.336109,0.333333,0.144546,0.25,0.25,0.476283,1.0,1
0.916667,0.8,1.0,1.0,0.833333,0.162328,0.333333,0.166667,1.0,1.0,1
0.833333,0.8,0.350423,0.053346,1.0,1.0,1.0,0.0,0.438029,1.0,0
1.0,0.8,0.499492,0.548488,0.5,0.147828,0.166667,0.416667,0.624365,1.0,1
0.833333,0.8,0.940937,0.859028,1.0,0.177806,1.0,0.0,1.0,1.0,0
0.833333,1.0,0.507962,0.485976,0.0,0.169672,0.166667,0.416667,0.507962,1.0,1
1.0,0.6,0.098065,0.023927,1.0,0.603175,0.333333,0.166667,0.163441,0.714286,0
0.833333,0.4,0.068258,0.031333,1.0,0.320606,0.5,0.083333,0.170645,0.714286,0
1.0,0.6,0.16529,0.046715,0.714286,0.520732,0.2,0.333333,0.275484,1.0,0
1.0,1.0,1.0,1.0,0.714286,0.147171,0.333333,0.166667,1.0,1.0,1
0.916667,0.8,0.617935,0.637866,0.857143,0.142572,0.5,0.083333,0.772419,0.857143,0
0.583333,0.4,0.907226,0.886441,0.571429,0.150621,0.5,0.083333,1.0,0.714286,1
0.5,0.6,0.572645,0.138245,0.428571,0.609615,1.0,0.0,0.954409,0.428571,1
1.0,0.8,0.339742,0.380175,0.857143,0.131518,0.333333,0.166667,0.424677,0.857143,0
0.8,0.6,0.875086,1.0,0.571429,0.137478,0.5,0.1,1.0,1.0,1
1.0,0.6,0.082177,0.032383,1.0,0.398667,1.0,0.0,0.136961,0.666667,0
1.0,0.6,1.0,0.896589,0.857143,0.175223,0.5,0.1,1.0,1.0,1
0.7,1.0,0.193074,0.034542,0.285714,0.878125,1.0,0.0,0.193074,0.666667,0
0.916667,0.4,1.0,1.0,1.0,0.132973,0.333333,0.166667,1.0,0.8,1
1.0,1.0,0.821948,0.018007,0.714286,1.0,0.333333,0.166667,0.821948,0.8,0
1.0,1.0,0.338449,0.150193,0.571429,0.299645,0.25,0.25,0.338449,1.0,0
0.416667,0.6,0.60337,0.176871,0.285714,0.45362,1.0,0.0,1.0,0.4,1
0.833333,1.0,0.886749,0.136054,0.428571,0.866667,0.333333,0.166667,0.886749,1.0,1
0.833333,0.6,0.298325,0.108577,0.857143,0.365356,0.5,0.083333,0.497208,0.8,0
1.0,0.8,0.846771,0.906928,1.0,0.134775,0.5,0.090909,1.0,1.0,1
1.0,0.6,0.933296,1.0,0.666667,0.134721,0.2,0.363636,1.0,1.0,1
0.909091,1.0,1.0,0.375342,0.333333,0.384582,0.25,0.272727,1.0,1.0,0
0.909091,0.8,0.643541,0.687028,1.0,0.135213,1.0,0.0,0.804427,1.0,0
0.636364,0.8,0.212918,0.06896,0.0,0.445688,0.25,0.272727,0.266147,1.0,1
0.636364,1.0,1.0,1.0,0.666667,0.280101,0.5,0.090909,1.0,1.0,1
1.0,1.0,0.539337,0.868247,0.0,0.173993,0.125,0.636364,0.539337,1.0,1
0.909091,1.0,0.217705,0.361834,1.0,0.168528,0.25,0.272727,0.217705,1.0,0
0.727273,0.5,0.192729,0.380101,0.333333,0.142025,0.166667,0.454545,0.385459,1.0,1
1.0,1.0,0.751574,0.636253,1.0,0.186456,0.5,0.090909,0.751574,0.5,1
0.909091,1.0,1.0,0.244728,0.0,0.644988,0.111111,0.727273,1.0,1.0,1
1.0,0.5,0.890302,1.0,0.375,0.140531,0.125,0.636364,1.0,1.0,1
0.545455,0.5,0.545279,0.414842,0.5,0.207478,0.5,0.090909,1.0,0.75,1
0.636364,0.5,0.099422,0.068735,0.625,0.228319,0.5,0.090909,0.198844,0.75,1
1.0,0.8,0.706241,0.022861,0.555556,1.0,0.333333,0.181818,0.882801,0.833333,0
1.0,0.2,0.412251,0.379711,1.0,0.168721,0.5,0.090909,1.0,0.333333,0
0.636364,1.0,1.0,1.0,0.111111,0.155403,0.5,0.090909,1.0,0.833333,0
0.727273,0.6,0.869555,0.599571,0.555556,0.22538,1.0,0.0,1.0,0.666667,1
0.727273,1.0,0.492932,0.123772,0.333333,0.618903,1.0,0.0,0.492932,0.833333,0
0.363636,0.8,0.988047,0.215038,0.0,0.714037,1.0,0.0,1.0,0.5,1
1.0,0.8,0.879094,0.721022,0.222222,0.189472,0.166667,0.454545,1.0,1.0,1
1.0,0.6,0.974502,1.0,1.0,0.135437,0.5,0.090909,1.0,1.0,1
0.727273,1.0,0.887472,0.824082,0.142857,0.149671,0.333333,0.181818,0.887472,1.0,1
0.818182,1.0,0.615585,0.276623,0.142857,0.309281,0.25,0.272727,0.615585,1.0,0
0.818182,0.6,1.0,0.90508,0.857143,0.153556,1.0,0.0,1.0,1.0,1
0.916667,0.4,0.204042,0.161265,0.857143,0.224149,0.25,0.25,0.510106,0.857143,0
0.833333,0.8,0.98141,1.0,0.714286,0.173863,0.5,0.083333,1.0,0.857143,0
1.0,0.8,0.191502,0.140878,0.571429,0.240816,0.2,0.333333,0.239377,1.0,0
0.833333,0.2,0.282089,0.073968,1.0,0.675618,0.333333,0.166667,1.0,0.857143,1
0.833333,0.6,0.673207,0.553842,0.428571,0.215337,0.2,0.333333,1.0,1.0,1
0.416667,1.0,0.793302,0.587036,0.0,0.239403,1.0,0.0,0.793302,0.428571,0
0.916667,0.8,1.0,0.817041,0.0,0.216827,0.125,0.583333,1.0,1.0,1
0.833333,0.6,0.894512,0.980397,0.714286,0.161637,0.333333,0.166667,1.0,0.857143,1
0.75,1.0,0.304274,0.106963,0.285714,0.48915,0.25,0.25,0.304274,1.0,0
0.833333,0.75,1.0,1.0,1.0,0.171954,1.0,0.0,1.0,1.0,1
1.0,1.0,0.753543,0.38588,0.428571,0.335789,0.166667,0.416667,0.753543,1.0,1
0.833333,1.0,0.72081,0.294004,0.857143,0.421579,1.0,0.0,0.72081,1.0,0
0.75,0.25,0.241395,0.068279,1.0,0.607932,0.5,0.083333,0.965579,1.0,1
0.833333,0.2,0.381666,0.107149,1.0,0.523994,0.25,0.25,1.0,0.833333,1
0.5,0.2,1.0,0.430917,0.0,0.341378,0.166667,0.416667,1.0,0.833333,1
1.0,0.4,0.090653,0.022392,0.333333,0.595556,0.111111,0.666667,0.226632,1.0,1
0.583333,0.8,0.185703,0.061868,0.0,0.441555,0.25,0.25,0.232129,1.0,0
0.833333,0.6,0.880483,0.801791,0.833333,0.161543,0.333333,0.166667,1.0,1.0,1
0.666667,1.0,0.970459,1.0,0.333333,0.14276,0.5,0.083333,0.970459,1.0,1
0.833333,1.0,0.813057,0.887875,0.833333,0.13471,1.0,0.0,0.813057,1.0,0
1.0,0.8,0.846938,0.201993,0.285714,0.747478,0.166667,0.454545,1.0,1.0,1
0.818182,1.0,0.224997,0.150166,0.428571,0.267109,0.5,0.090909,0.224997,1.0,0
1.0,0.8,1.0,0.530011,0.428571,0.336356,0.2,0.363636,1.0,1.0,1
0.818182,0.2,0.971052,1.0,1.0,0.173112,0.5,0.090909,1.0,0.8,1
0.545455,1.0,0.461424,0.277519,0.0,0.296409,0.5,0.090909,0.461424,0.6,0
0.727273,0.4,0.526277,0.049169,0.857143,1.0,1.0,0.0,1.0,0.8,0
0.75,1.0,0.505468,0.57911,0.0,0.140621,0.2,0.333333,0.505468,1.0,0
1.0,1.0,0.851956,1.0,0.25,0.137257,0.166667,0.416667,0.851956,1.0,1
0.583333,0.2,0.806517,0.473933,0.5,0.274166,0.333333,0.166667,1.0,0.75,1
1.0,0.4,0.900778,0.763306,1.0,0.190124,0.333333,0.166667,1.0,0.75,1
0.833333,0.6,1.0,0.125341,0.75,1.0,0.5,0.083333,1.0,1.0,1
0.833333,0.6,0.607725,0.522866,0.857143,0.226739,0.5,0.083333,1.0,0.714286,1
0.916667,0.4,0.640991,0.532012,0.142857,0.235039,0.111111,0.666667,1.0,1.0,1
0.166667,0.4,1.0,0.85257,0.0,0.228812,1.0,0.0,1.0,0.285714,1
1.0,0.6,0.876758,1.0,0.428571,0.171037,0.142857,0.5,1.0,0.857143,1
0.416667,1.0,0.948314,0.400479,0.0,0.461936,1.0,0.0,0.948314,0.714286,0
0.583333,1.0,0.106385,0.115636,0.285714,0.179473,1.0,0.0,0.106385,0.714286,0
0.833333,0.2,0.662871,0.027003,1.0,1.0,0.333333,0.166667,1.0,0.571429,0
1.0,0.6,0.846729,0.777657,0.428571,0.212405,0.142857,0.5,1.0,0.857143,1
0.909091,0.8,0.199043,0.085302,0.75,0.673022,1.0,0.0,0.248803,0.833333,0
0.545455,0.8,0.755,0.810064,0.125,0.268826,0.5,0.090909,0.94375,0.5,1
1.0,0.2,0.426489,0.938325,0.25,0.131099,0.111111,0.727273,1.0,1.0,1
0.727273,1.0,0.175319,0.244554,0.375,0.206775,1.0,0.0,0.175319,0.833333,0
0.909091,0.2,0.172234,0.142375,1.0,0.348922,0.5,0.090909,0.86117,0.5,1
0.818182,0.6,0.544255,1.0,0.5,0.156981,0.333333,0.181818,0.907092,1.0,0
0.727273,0.4,1.0,0.725376,0.75,0.397631,1.0,0.0,1.0,0.666667,1
1.0,1.0,1.0,0.14349,0.0,1.0,0.125,0.583333,1.0,1.0,1
0.916667,0.8,0.083899,0.196676,0.2,0.205352,0.142857,0.5,0.104874,1.0,0
0.5,0.8,0.182875,0.119668,0.4,0.735648,1.0,0.0,0.228594,1.0,0
0.583333,0.4,0.257222,0.773961,0.8,0.159986,0.5,0.083333,0.643054,1.0,0
0.75,0.4,0.799517,0.233795,0.8,1.0,0.25,0.25,1.0,1.0,1
0.416667,0.6,0.837381,1.0,0.4,0.403102,1.0,0.0,1.0,0.833333,1
0.583333,0.2,0.508919,0.67313,1.0,0.363951,0.5,0.083333,1.0,0.833333,1
0.916667,0.4,1.0,0.896702,1.0,0.222831,0.5,0.083333,1.0,0.5,1
0.666667,0.2,0.999792,1.0,0.0,0.199772,0.125,0.583333,1.0,0.5,1
0.166667,0.4,0.97249,0.760216,0.0,0.255607,1.0,0.0,1.0,0.25,1
1.0,1.0,0.426762,0.253267,0.25,0.336691,0.166667,0.416667,0.426762,0.75,1
0.916667,0.4,0.096751,0.119685,1.0,0.161525,0.5,0.083333,0.241877,0.5,1
0.5,0.2,0.448792,0.099294,0.444444,0.840909,0.5,0.083333,1.0,0.428571,1
0.916667,0.4,0.932813,0.308281,0.888889,0.562954,0.5,0.083333,1.0,0.571429,1
1.0,1.0,1.0,0.952512,0.222222,0.195323,0.166667,0.416667,1.0,1.0,0
0.583333,0.8,0.71638,0.356162,0.222222,0.374215,0.5,0.083333,0.895475,0.571429,0
0.916667,0.4,0.068664,0.076727,0.777778,0.166496,0.333333,0.166667,0.171659,0.714286,0
0.916667,0.2,0.057061,0.020212,1.0,0.525243,0.5,0.083333,0.285307,0.571429,0
1.0,0.4,0.949794,1.0,0.666667,0.176707,0.2,0.333333,1.0,0.857143,1
0.666667,0.8,0.841578,0.819859,0.444444,0.190977,1.0,0.0,1.0,0.714286,1
0.818182,0.666667,0.981187,0.772512,1.0,0.205697,0.25,0.272727,1.0,0.666667,1
0.272727,1.0,1.0,0.416385,0.0,0.388943,1.0,0.0,1.0,0.333333,1
1.0,0.666667,0.901338,1.0,1.0,0.145972,0.166667,0.454545,1.0,0.666667,1
0.636364,0.666667,0.294314,0.331754,0.5,0.143673,0.25,0.272727,0.441472,1.0,1
0.818182,0.333333,0.759864,1.0,0.666667,0.140901,0.142857,0.545455,1.0,1.0,1
0.727273,1.0,0.546523,0.312998,1.0,0.323778,0.333333,0.181818,0.546523,1.0,1
1.0,1.0,1.0,0.116562,0.666667,1.0,0.142857,0.545455,1.0,1.0,1
0.636364,0.666667,0.262408,0.160168,0.666667,0.303796,0.25,0.272727,0.393612,1.0,1
0.833333,0.6,1.0,1.0,0.75,0.163111,0.5,0.083333,1.0,0.8,1
1.0,1.0,0.604,0.625992,0.125,0.15738,0.142857,0.5,0.604,1.0,1
0.5,0.6,0.700541,0.268736,0.375,0.425197,1.0,0.0,1.0,0.4,0
1.0,0.4,0.963784,0.277023,1.0,0.567473,0.333333,0.166667,1.0,0.8,1
1.0,0.2,0.120649,0.088697,0.875,0.221869,0.2,0.333333,0.603243,0.8,1
0.833333,1.0,0.586919,0.151649,0.25,0.631279,0.25,0.25,0.586919,1.0,0
1.0,1.0,0.777565,1.0,0.833333,0.248265,0.5,0.090909,0.777565,1.0,0
0.818182,0.6,0.262917,0.604422,1.0,0.138886,1.0,0.0,0.438195,1.0,0
0.909091,0.8,0.453926,0.378231,1.0,0.383183,1.0,0.0,0.567407,1.0,0
0.818182,0.8,1.0,0.976871,0.666667,0.326845,0.5,0.090909,1.0,1.0,1
0.636364,1.0,0.813892,0.637415,0.0,0.407684,0.333333,0.181818,0.813892,1.0,1
0.727273,1.0,0.644295,0.784014,0.333333,0.262386,0.5,0.090909,0.644295,1.0,0
1.0,0.6,0.531226,0.35789,1.0,0.294869,0.25,0.25,0.885377,0.857143,1
0.666667,0.8,0.444265,0.144352,0.333333,0.611391,0.333333,0.166667,0.555332,1.0,0
0.916667,0.4,0.131248,0.190049,0.666667,0.137191,0.166667,0.416667,0.32812,1.0,1
0.666667,0.6,1.0,0.175742,0.166667,1.0,0.2,0.333333,1.0,1.0,1
0.5,0.2,0.611308,0.338458,0.833333,0.358801,1.0,0.0,1.0,0.857143,1
0.75,0.6,0.814791,1.0,0.666667,0.161862,0.333333,0.166667,1.0,1.0,1
0.916667,0.6,0.670536,0.165279,0.5,0.805943,0.166667,0.416667,1.0,1.0,0
0.583333,1.0,0.840159,0.391629,0.333333,0.426172,1.0,0.0,0.840159,1.0,0
0.818182,1.0,0.768349,0.978054,0.571429,0.137023,0.5,0.090909,0.768349,1.0,0
0.909091,1.0,0.835034,0.865399,0.428571,0.168301,0.25,0.272727,0.835034,1.0,1
1.0,0.75,1.0,1.0,1.0,0.174421,0.5,0.090909,1.0,1.0,1
0.909091,0.75,0.621138,0.175567,0.857143,0.617083,0.5,0.090909,0.828184,1.0,0
0.833333,0.8,1.0,0.273565,0.428571,0.642316,0.25,0.25,1.0,1.0,0
0.916667,1.0,0.779744,0.066232,0.0,1.0,0.142857,0.5,0.779744,1.0,1
0.916667,0.4,0.612805,0.580726,0.571429,0.185421,0.166667,0.416667,1.0,1.0,1
0.916667,0.2,0.481481,0.520253,0.428571,0.16262,0.125,0.583333,1.0,1.0,0
0.5,0.2,0.838632,0.604147,0.714286,0.243915,1.0,0.0,1.0,0.714286,1
1.0,0.6,0.225718,0.081014,0.857143,0.489573,0.25,0.25,0.376197,0.857143,0
0.666667,0.2,0.130558,0.133231,1.0,0.17219,1.0,0.0,0.652791,0.857143,0
0.75,0.8,0.828909,1.0,0.428571,0.145652,0.333333,0.166667,1.0,1.0,1
0.818182,0.6,0.262304,0.11221,0.0,0.48295,0.142857,0.545455,0.437173,1.0,1
0.727273,0.6,0.118614,0.059544,0.714286,0.411552,1.0,0.0,0.19769,1.0,0
0.909091,0.6,0.756321,0.993551,1.0,0.15727,1.0,0.0,1.0,1.0,1
0.727273,1.0,1.0,1.0,0.142857,0.206599,0.333333,0.181818,1.0,1.0,1
0.909091,0.8,0.380189,0.407137,0.714286,0.192925,0.5,0.090909,0.475237,1.0,0
0.909091,0.6,0.383207,0.393809,1.0,0.201037,1.0,0.0,0.638678,1.0,0
1.0,1.0,0.557174,0.688736,0.428571,0.167135,0.25,0.272727,0.557174,1.0,0
0.833333,1.0,0.360852,0.300612,0.625,0.197091,1.0,0.0,0.360852,0.857143,0
0.666667,0.2,1.0,1.0,0.5,0.164189,0.25,0.25,1.0,0.857143,1
0.416667,1.0,0.240613,0.168561,0.0,0.234371,1.0,0.0,0.240613,0.714286,1
0.833333,0.4,0.325166,0.037167,0.25,1.0,0.142857,0.5,0.812916,1.0,1
0.833333,1.0,0.236485,0.113467,0.375,0.342197,0.333333,0.166667,0.236485,1.0,0
1.0,0.2,0.886285,0.351334,1.0,0.414188,0.25,0.25,1.0,0.571429,1
0.75,0.2,0.500133,0.152602,0.375,0.538109,0.166667,0.416667,1.0,1.0,1
0.583333,0.2,0.835819,0.432444,0.375,0.317341,0.25,0.25,1.0,0.857143,1
0.916667,0.25,0.837918,0.617418,0.333333,0.249197,0.111111,0.666667,1.0,1.0,1
0.833333,0.75,1.0,0.891905,0.5,0.205875,0.2,0.333333,1.0,0.833333,1
1.0,0.75,0.862725,1.0,1.0,0.158414,0.25,0.25,1.0,0.833333,1
0.833333,1.0,0.337275,0.078121,1.0,0.792749,1.0,0.0,0.337275,0.833333,0
0.25,0.25,0.479692,0.426953,0.166667,0.206302,0.5,0.083333,1.0,0.333333,1
1.0,0.5,0.513368,0.64692,0.166667,0.145713,0.1,0.75,1.0,1.0,1
0.666667,1.0,0.44383,0.394383,0.666667,0.206643,1.0,0.0,0.44383,0.833333,0
0.75,1.0,0.910434,1.0,0.375,0.156103,0.333333,0.166667,0.910434,1.0,1
1.0,0.5,0.722927,0.23574,1.0,0.525804,0.333333,0.166667,1.0,0.75,0
1.0,1.0,1.0,0.446949,0.0,0.383623,0.111111,0.666667,1.0,1.0,1
0.75,0.75,0.809585,0.180694,0.375,0.768212,0.25,0.25,1.0,1.0,0
0.416667,0.75,0.719902,0.318708,0.25,0.387297,1.0,0.0,0.95987,0.75,1
1.0,0.75,0.969209,0.666007,1.0,0.248752,0.333333,0.166667,1.0,0.333333,1
0.75,1.0,0.225836,0.226949,0.0,0.170096,0.166667,0.416667,0.225836,1.0,1
0.333333,0.5,1.0,1.0,0.0,0.170934,0.333333,0.166667,1.0,0.666667,1
0.416667,0.75,0.660377,0.317768,0.285714,0.35523,1.0,0.0,0.880503,0.666667,1
1.0,0.75,0.135457,0.207306,0.857143,0.165315,0.25,0.25,0.18061,1.0,0
0.916667,0.75,0.989457,0.806031,0.428571,0.310576,0.166667,0.416667,1.0,1.0,1
0.916667,0.5,1.0,0.136851,0.714286,1.0,0.2,0.333333,1.0,1.0,1
1.0,0.75,0.235503,0.090461,1.0,0.658654,0.333333,0.166667,0.314004,0.666667,1
0.583333,1.0,0.285698,0.470861,0.285714,0.15351,0.5,0.083333,0.285698,0.833333,0
0.583333,0.5,0.847697,1.0,0.0,0.214468,0.166667,0.416667,1.0,0.833333,1
0.916667,0.5,0.797043,0.295448,0.857143,0.682532,0.25,0.25,1.0,1.0,1
0.818182,0.2,0.280396,0.029958,1.0,1.0,0.25,0.272727,1.0,0.666667,1
1.0,1.0,0.779698,0.763217,1.0,0.12882,0.5,0.090909,0.779698,0.666667,1
0.454545,0.8,0.206962,0.092438,0.2,0.282322,1.0,0.0,0.258703,0.333333,0
1.0,0.6,1.0,1.0,0.4,0.126097,0.142857,0.545455,1.0,1.0,1
1.0,0.8,0.582511,1.0,1.0,0.194262,0.333333,0.166667,0.728138,0.666667,1
0.5,0.8,0.231312,0.094073,0.333333,0.82,1.0,0.0,0.28914,0.666667,0
0.833333,0.8,0.10141,0.174976,0.833333,0.19328,0.5,0.083333,0.126763,1.0,0
0.833333,1.0,1.0,0.29492,0.5,1.0,0.333333,0.166667,1.0,1.0,1
0.916667,0.4,1.0,1.0,1.0,0.176929,0.25,0.25,1.0,0.714286,1
0.5,0.6,0.359,0.367834,0.333333,0.172679,0.5,0.083333,0.598333,0.714286,0
0.75,1.0,0.8222,0.04034,0.166667,1.0,0.25,0.25,0.8222,1.0,1
1.0,1.0,0.1107,0.134112,0.666667,0.146042,0.25,0.25,0.1107,1.0,0
1.0,1.0,0.1679,0.183298,0.833333,0.162066,0.333333,0.166667,0.1679,0.857143,0
1.0,0.2,0.7105,0.023001,0.333333,1.0,0.1,0.75,1.0,1.0,1
0.916667,0.8,0.1669,0.045824,1.0,0.644402,0.5,0.083333,0.208625,0.714286,0
0.416667,0.4,0.5844,0.707006,0.333333,0.146246,0.5,0.083333,1.0,0.571429,1
0.333333,0.2,0.824166,0.746495,0.333333,0.390203,1.0,0.0,1.0,0.666667,1
0.916667,1.0,1.0,0.708223,0.111111,0.499037,0.166667,0.416667,1.0,1.0,1
1.0,0.2,0.099282,0.277378,1.0,0.126503,0.333333,0.166667,0.496408,0.333333,1
0.333333,0.8,0.374075,1.0,0.0,0.132209,1.0,0.0,0.467594,0.666667,1
0.909091,0.6,0.538556,0.252177,0.8,0.377842,0.25,0.272727,0.897594,1.0,0
1.0,0.8,1.0,1.0,1.0,0.176923,0.333333,0.181818,1.0,1.0,1
0.818182,0.2,0.924631,0.667997,1.0,0.244894,0.25,0.272727,1.0,1.0,1
0.545455,1.0,0.623257,0.348331,0.2,0.316563,1.0,0.0,0.623257,1.0,1
0.583333,0.2,0.194545,0.13855,0.5,0.251295,0.333333,0.166667,0.972724,0.714286,1
0.583333,0.2,0.819394,0.77369,0.375,0.189538,0.25,0.25,1.0,0.714286,1
1.0,0.4,0.995487,0.874551,1.0,0.203714,0.333333,0.166667,1.0,0.571429,1
0.833333,1.0,0.798335,0.399318,0.25,0.357798,0.25,0.25,0.798335,1.0,0
0.75,0.6,0.898616,1.0,0.75,0.160822,1.0,0.0,1.0,1.0,1
0.666667,0.8,1.0,0.875987,0.125,0.204302,0.25,0.25,1.0,0.857143,1
0.75,0.4,0.816787,0.182161,0.875,0.802463,1.0,0.0,1.0,0.714286,0
0.916667,0.6,0.139791,0.075018,0.125,0.333493,0.125,0.583333,0.232986,1.0,0
0.916667,0.2,1.0,0.638675,0.6,0.348064,0.125,0.583333,1.0,1.0,1
1.0,0.8,0.75404,1.0,0.6,0.167623,0.166667,0.416667,0.94255,1.0,1
1.0,0.2,0.275656,0.15582,1.0,0.393263,0.142857,0.5,1.0,0.833333,1
0.833333,0.6,0.72361,0.028691,0.8,1.0,0.25,0.25,1.0,0.833333,1
0.333333,0.8,0.078594,0.115465,0.0,0.151313,1.0,0.0,0.098242,0.5,1
1.0,1.0,0.36894,0.131094,1.0,0.625623,0.333333,0.166667,0.36894,0.833333,0
0.75,1.0,0.606506,0.436436,0.6,0.308926,0.5,0.083333,0.606506,1.0,0
0.909091,0.8,0.953461,0.880455,0.666667,0.213894,1.0,0.0,1.0,0.857143,1
0.818182,0.4,0.508873,0.271588,0.666667,0.370085,0.5,0.090909,1.0,0.714286,0
0.818182,0.4,0.169938,0.219824,0.666667,0.152693,0.5,0.090909,0.424844,0.714286,0
1.0,1.0,1.0,1.0,0.0,0.197516,0.142857,0.545455,1.0,1.0,1
0.909091,0.6,0.286285,0.063138,0.222222,0.895588,0.166667,0.454545,0.477142,1.0,0
0.545455,0.8,0.089787,0.107242,0.0,0.165368,0.333333,0.181818,0.112234,0.428571,0
1.0,0.2,0.086967,0.10701,1.0,0.160521,0.5,0.090909,0.434834,0.571429,1
1.0,0.8,0.267011,0.283426,0.555556,0.186077,0.333333,0.181818,0.333764,1.0,0
0.583333,0.8,0.897656,0.478589,0.2,0.349298,0.333333,0.166667,1.0,1.0,1
1.0,0.6,0.059739,0.033585,0.8,0.33125,0.166667,0.416667,0.099564,1.0,0
0.833333,1.0,0.969229,1.0,0.6,0.1805,0.333333,0.166667,0.969229,1.0,1
1.0,0.4,0.130748,0.053526,1.0,0.454902,0.166667,0.416667,0.326871,0.8,1
0.416667,0.8,0.7695,0.502519,0.2,0.285171,1.0,0.0,0.961874,0.8,0
0.583333,0.2,1.0,0.27183,0.4,0.685097,0.2,0.333333,1.0,1.0,1
1.0,1.0,0.742288,0.750156,0.285714,0.250518,0.25,0.3,0.742288,1.0,1
0.9,0.4,0.11417,0.034536,1.0,0.836937,1.0,0.0,0.285425,0.666667,0
1.0,0.6,0.648888,1.0,0.428571,0.164281,0.2,0.4,1.0,1.0,1
0.6,0.2,1.0,0.700685,0.142857,0.361323,0.2,0.4,1.0,0.666667,1
1.0,0.6,0.52957,0.228857,0.8,0.329177,0.166667,0.416667,0.882616,1.0,1
0.666667,0.2,0.749173,0.761583,1.0,0.139938,0.333333,0.166667,1.0,1.0,1
0.666667,1.0,0.316791,0.194293,0.6,0.231945,1.0,0.0,0.316791,1.0,0
0.75,0.2,0.892783,0.674952,0.4,0.188167,0.142857,0.5,1.0,1.0,1
0.833333,0.4,0.082093,0.060156,1.0,0.194132,0.25,0.25,0.205232,1.0,0
0.583333,0.8,0.782775,0.184586,0.4,0.603267,0.5,0.083333,0.978469,1.0,0
0.75,0.8,1.0,1.0,1.0,0.142256,1.0,0.0,1.0,1.0,1
0.75,0.8,0.31102,0.426133,0.571429,0.180514,0.5,0.083333,0.388774,1.0,0
1.0,0.6,0.976313,0.551961,0.857143,0.437471,0.25,0.25,1.0,1.0,1
0.916667,0.4,0.56035,0.397351,0.0,0.348782,0.1,0.75,1.0,1.0,1
0.916667,1.0,0.82966,0.941161,0.0,0.218024,0.142857,0.5,0.82966,1.0,1
0.583333,0.6,1.0,1.0,0.571429,0.247326,1.0,0.0,1.0,0.857143,1
0.833333,0.4,0.563337,0.34106,1.0,0.408514,0.5,0.083333,1.0,0.857143,0
0.833333,1.0,0.34861,0.217015,0.714286,0.3973,1.0,0.0,0.34861,1.0,0
0.833333,0.6,0.091555,0.069536,0.0,0.325641,0.125,0.583333,0.152592,1.0,0
0.583333,0.6,0.604326,0.692135,0.8,0.134452,1.0,0.0,1.0,1.0,1
0.75,0.8,0.740095,0.802127,0.8,0.14208,0.5,0.083333,0.925118,1.0,0
0.5,0.8,1.0,0.8637,0.0,0.178289,0.333333,0.166667,1.0,1.0,1
1.0,1.0,0.708288,0.327176,1.0,0.333362,0.333333,0.166667,0.708288,1.0,0
0.833333,0.8,0.887314,1.0,0.6,0.136636,0.25,0.25,1.0,1.0,1
0.545455,0.8,0.826472,0.53236,0.0,0.395511,0.333333,0.181818,1.0,0.666667,1
1.0,0.4,0.222642,0.261533,1.0,0.216878,0.5,0.090909,0.556605,0.333333,1
0.636364,1.0,1.0,0.820445,0.25,0.310518,1.0,0.0,1.0,0.666667,0
0.818182,0.8,0.637962,1.0,0.625,0.162529,1.0,0.0,0.797453,1.0,1
0.833333,0.8,0.147195,0.078505,0.75,0.367324,1.0,0.0,0.183994,1.0,0
0.833333,0.2,0.160853,0.088899,0.625,0.354478,0.2,0.333333,0.804267,1.0,0
0.916667,0.8,0.983294,0.206546,0.625,0.932655,0.333333,0.166667,1.0,1.0,1
1.0,1.0,0.849306,0.091552,0.625,1.0,0.333333,0.166667,0.849306,1.0,0
0.833333,0.4,0.659104,1.0,1.0,0.129124,1.0,0.0,1.0,0.857143,1
0.583333,0.4,0.37905,0.199912,0.375,0.37146,0.333333,0.166667,0.947624,0.714286,1
1.0,0.2,0.793995,0.162318,0.875,0.958311,0.2,0.333333,1.0,0.857143,1
1.0,0.2,1.0,0.825299,0.25,0.237379,0.1,0.75,1.0,1.0,1
0.7,1.0,0.344791,0.182546,0.166667,0.270682,0.5,0.1,0.344791,1.0,0
0.7,0.6,0.897954,0.456451,0.5,0.281927,0.5,0.1,1.0,1.0,1
0.6,1.0,0.717174,0.523607,0.166667,0.196289,1.0,0.0,0.717174,0.857143,0
0.4,0.2,0.974667,1.0,0.5,0.13968,1.0,0.0,1.0,0.714286,1
0.9,0.6,0.444458,0.353162,1.0,0.180357,1.0,0.0,0.740763,0.714286,0
0.9,1.0,1.0,0.661326,0.5,0.216701,0.5,0.1,1.0,1.0,0
1.0,0.8,0.462298,0.478609,0.666667,0.138426,0.333333,0.2,0.577872,0.857143,1
1.0,0.4,0.54246,0.244588,0.166667,0.31784,0.125,0.7,1.0,1.0,1
0.916667,1.0,0.441254,0.317867,0.111111,0.252774,0.166667,0.416667,0.441254,1.0,1
0.166667,0.4,0.086475,0.103086,0.0,0.152749,1.0,0.0,0.216188,0.166667,0
1.0,0.4,1.0,1.0,0.888889,0.182091,0.333333,0.166667,1.0,0.666667,1
1.0,0.2,0.114724,0.132899,0.888889,0.157188,0.25,0.25,0.573619,0.666667,1
0.916667,0.4,0.659633,0.12954,0.666667,0.927229,0.25,0.25,1.0,0.833333,1
0.916667,0.2,0.442984,0.235146,1.0,0.343036,0.5,0.083333,1.0,0.666667,1
0.583333,0.2,0.158423,0.023095,0.333333,1.0,0.25,0.25,0.792113,0.333333,1
0.818182,1.0,1.0,0.03491,0.8,1.0,1.0,0.0,1.0,0.666667,0
0.272727,0.4,0.1047,0.067568,0.0,0.247143,0.5,0.090909,0.261751,0.333333,1
0.727273,0.6,0.385515,0.327864,0.0,0.187537,0.166667,0.454545,0.642526,1.0,1
0.636364,0.4,0.631229,0.393983,0.8,0.255533,0.5,0.090909,1.0,0.666667,1
0.272727,0.2,0.290196,0.208655,0.2,0.22182,0.5,0.090909,1.0,0.333333,1
1.0,0.8,0.910631,1.0,1.0,0.145238,0.333333,0.181818,1.0,0.666667,0
1.0,0.8,0.952592,0.951898,1.0,0.159608,0.333333,0.181818,1.0,0.666667,1
1.0,0.4,0.36047,0.286182,1.0,0.224206,0.5,0.090909,0.901175,0.2,1
0.545455,0.2,0.924821,0.934545,0.0,0.176148,0.166667,0.454545,1.0,0.8,1
0.909091,1.0,0.127171,0.166727,0.375,0.135769,0.333333,0.181818,0.127171,1.0,1
0.727273,1.0,0.770991,0.245818,0.125,0.558284,0.333333,0.181818,0.770991,0.8,0
0.454545,0.6,1.0,1.0,0.25,0.178,1.0,0.0,1.0,0.8,1
0.363636,0.8,0.53524,0.043273,0.0,1.0,1.0,0.0,0.66905,0.8,0
0.833333,1.0,1.0,0.308596,0.5,1.0,0.333333,0.166667,1.0,1.0,1
1.0,0.6,0.08124,0.12682,1.0,0.251481,0.25,0.25,0.135399,1.0,0
0.583333,0.8,0.293611,0.208549,0.0,0.552703,0.25,0.25,0.367014,1.0,1
0.666667,0.8,0.810481,0.125411,0.666667,1.0,1.0,0.0,1.0,1.0,0
1.0,0.6,0.917444,1.0,0.0,0.360169,0.1,0.75,1.0,1.0,1
1.0,0.6,0.090931,0.220291,0.5,0.162047,0.142857,0.5,0.151551,1.0,0
1.0,0.8,0.824587,1.0,0.857143,0.134446,0.5,0.090909,1.0,0.714286,1
0.909091,0.2,0.435103,0.414097,0.142857,0.171318,0.111111,0.727273,1.0,1.0,1
1.0,0.6,0.617271,0.464927,1.0,0.216472,0.5,0.090909,1.0,0.571429,0
0.727273,1.0,1.0,0.618604,0.285714,0.263572,0.5,0.090909,1.0,1.0,0
0.363636,0.4,0.329107,0.298373,0.285714,0.179841,1.0,0.0,0.822768,0.714286,0
0.636364,0.6,0.813468,0.325822,0.142857,0.407072,0.25,0.272727,1.0,0.857143,1
0.727273,1.0,0.65967,0.322094,0.428571,0.33393,1.0,0.0,0.65967,1.0,0
0.363636,0.6,0.354983,0.311759,0.0,0.185652,0.5,0.090909,0.591638,0.714286,1
0.5,1.0,0.65657,0.555813,0.0,0.153955,0.5,0.083333,0.65657,0.5,1
1.0,1.0,0.556507,0.343044,0.625,0.211429,0.333333,0.166667,0.556507,1.0,0
0.75,0.6,0.876541,0.043017,0.375,1.0,0.25,0.25,1.0,1.0,0
0.666667,0.4,1.0,1.0,0.75,0.130329,1.0,0.0,1.0,0.5,1
1.0,0.4,0.677669,0.522189,1.0,0.169135,0.333333,0.166667,1.0,0.5,1
0.75,0.2,0.795708,1.0,1.0,0.187691,1.0,0.0,1.0,0.857143,1
0.833333,1.0,0.388141,0.617251,0.375,0.148326,0.333333,0.166667,0.388141,1.0,0
0.666667,0.6,0.356653,0.52351,0.375,0.160698,0.333333,0.166667,0.594422,0.714286,0
0.75,0.6,0.443245,0.814016,0.375,0.12844,0.25,0.25,0.738742,1.0,1
1.0,0.4,0.5,0.351602,0.875,0.335434,0.25,0.25,1.0,1.0,1
0.833333,1.0,0.851574,0.984426,0.0,0.204046,0.166667,0.416667,0.851574,1.0,1
0.916667,0.8,0.340655,0.537287,0.75,0.149554,0.5,0.083333,0.425819,1.0,0
0.833333,0.4,1.0,0.787062,1.0,0.299696,1.0,0.0,1.0,0.857143,1
0.75,1.0,1.0,0.11748,0.5,1.0,1.0,0.0,1.0,1.0,0
0.916667,0.6,0.652957,1.0,0.875,0.167648,0.5,0.083333,1.0,1.0,1
1.0,0.8,0.506134,0.162406,0.25,0.800159,0.142857,0.5,0.632668,1.0,1
0.833333,0.4,0.195696,0.02866,1.0,1.0,1.0,0.0,0.48924,1.0,0
1.0,1.0,0.670656,0.538601,0.25,0.319703,0.166667,0.416667,0.670656,1.0,0
0.75,0.8,0.952836,0.213013,0.125,1.0,0.2,0.333333,1.0,1.0,1
0.5,0.8,0.711648,0.866598,0.285714,0.138971,1.0,0.0,0.88956,0.6,0
1.0,1.0,0.389894,0.215416,0.571429,0.306298,0.25,0.25,0.389894,0.8,0
0.333333,0.4,1.0,1.0,0.285714,0.169229,1.0,0.0,1.0,0.4,1
1.0,0.4,0.381756,0.457143,0.857143,0.141322,0.2,0.333333,0.954391,0.6,1
0.75,0.6,0.389408,0.080576,0.142857,0.817857,0.166667,0.416667,0.649014,1.0,1
0.916667,0.6,0.318839,0.090236,1.0,0.59795,0.5,0.083333,0.531398,0.6,1
0.666667,1.0,0.890497,0.235229,0.0,0.798014,0.25,0.25,0.890497,0.6,1
1.0,0.4,1.0,0.072822,1.0,1.0,0.333333,0.166667,1.0,0.4,1
0.833333,0.2,0.073393,0.107722,1.0,0.143622,0.5,0.083333,0.366966,0.4,1
0.583333,0.2,0.414157,0.663369,0.625,0.131607,0.5,0.083333,1.0,0.4,1
1.0,0.8,0.710207,1.0,0.625,0.149711,0.25,0.25,0.887759,0.8,1
0.416667,0.6,0.615565,0.464413,0.125,0.279408,0.5,0.083333,1.0,0.2,0
0.777778,0.2,0.877207,0.173,0.4,0.951596,0.2,0.444444,1.0,1.0,1
0.777778,0.6,0.872381,0.443217,0.2,0.369392,0.25,0.333333,1.0,1.0,1
1.0,1.0,0.566047,0.631021,0.4,0.168347,0.333333,0.222222,0.566047,1.0,0
0.666667,0.2,0.54356,0.762483,1.0,0.133787,1.0,0.0,1.0,0.8,1
0.888889,1.0,1.0,1.0,0.4,0.187671,0.5,0.111111,1.0,1.0,0
0.444444,0.2,0.211914,0.133451,0.0,0.298013,0.25,0.333333,1.0,0.8,1
0.75,0.4,0.306464,0.396472,0.8,0.151366,0.25,0.25,0.766161,1.0,1
0.583333,0.8,0.377114,0.521201,0.4,0.141686,0.5,0.083333,0.471392,1.0,1
1.0,1.0,0.400664,0.290003,1.0,0.270544,0.333333,0.166667,0.400664,1.0,0
1.0,0.8,0.392129,0.134943,0.8,0.569037,0.2,0.333333,0.490161,1.0,0
0.916667,0.8,1.0,1.0,1.0,0.195822,0.333333,0.166667,1.0,1.0,1
1.0,0.75,0.984663,0.384868,1.0,0.640171,0.333333,0.166667,1.0,0.75,1
0.666667,0.75,1.0,1.0,0.428571,0.250219,0.333333,0.166667,1.0,1.0,1
0.833333,1.0,0.827052,0.514985,0.571429,0.401845,0.333333,0.166667,0.827052,1.0,1
0.583333,0.5,0.655273,0.606725,0.142857,0.270241,0.2,0.333333,1.0,0.75,1
0.666667,0.5,0.317558,0.609649,0.857143,0.130336,1.0,0.0,0.635115,1.0,0
0.833333,0.75,0.989039,1.0,1.0,0.254045,0.5,0.083333,1.0,1.0,1
0.916667,1.0,0.885599,0.084142,0.666667,1.0,0.25,0.25,0.885599,1.0,0
1.0,0.75,1.0,0.15534,0.5,1.0,0.142857,0.5,1.0,1.0,1
1.0,0.75,0.443115,0.376052,0.666667,0.302668,0.166667,0.416667,0.590819,1.0,1
0.75,1.0,1.0,0.581647,0.333333,0.449192,0.333333,0.166667,1.0,0.833333,1
1.0,0.5,0.902705,0.601881,0.555556,0.391856,0.166667,0.416667,1.0,0.833333,1
0.583333,1.0,0.609948,1.0,0.111111,0.159362,0.333333,0.166667,0.609948,0.833333,0
1.0,0.25,0.396161,0.512112,1.0,0.202115,0.333333,0.166667,1.0,0.333333,1
0.583333,0.25,0.148015,0.22656,0.0,0.170692,0.142857,0.5,0.592059,0.833333,1
0.333333,0.75,0.59195,0.46623,0.111111,0.331724,1.0,0.0,0.789267,0.666667,1
1.0,0.5,0.464332,0.704759,0.222222,0.172139,0.111111,0.666667,0.928665,1.0,1
0.75,0.4,0.51887,0.386754,1.0,0.221018,0.333333,0.166667,1.0,0.8,1
0.166667,0.4,1.0,1.0,0.0,0.164742,1.0,0.0,1.0,0.4,1
0.916667,1.0,0.939756,0.070863,0.0,1.0,0.142857,0.5,0.939756,1.0,1
0.583333,0.6,0.314698,0.324773,0.8,0.159631,1.0,0.0,0.524496,0.8,0
0.5,0.4,0.893577,0.960996,0.0,0.153185,0.2,0.333333,1.0,1.0,1
1.0,0.8,0.204641,0.204673,1.0,0.164717,0.25,0.25,0.255802,0.8,0
0.25,0.2,0.659153,0.906325,0.25,0.175906,0.5,0.083333,1.0,0.6,1
0.333333,0.8,0.940847,1.0,0.0,0.22756,1.0,0.0,1.0,0.8,0
1.0,0.4,1.0,0.400301,0.25,0.604214,0.1,0.75,1.0,1.0,1
0.75,1.0,0.565255,0.820783,0.5,0.166569,0.333333,0.166667,0.565255,1.0,1
0.833333,0.6,0.301993,0.176506,1.0,0.413823,0.25,0.25,0.503321,0.6,1
0.916667,1.0,0.406849,0.100602,0.75,0.978144,0.25,0.25,0.406849,0.8,0
0.833333,1.0,0.409149,0.641205,0.5,0.174973,0.25,0.25,0.409149,1.0,0
0.75,1.0,0.084845,0.110021,0.25,0.211465,0.25,0.25,0.084845,1.0,0
1.0,0.8,0.727447,0.203924,0.5,0.978179,0.142857,0.5,0.909309,1.0,1
0.666667,0.4,1.0,1.0,0.0,0.274212,0.142857,0.5,1.0,1.0,1
0.666667,0.8,0.844237,0.639103,1.0,0.362226,1.0,0.0,1.0,1.0,1
0.833333,0.2,0.269359,0.515767,0.25,0.143207,0.111111,0.666667,1.0,1.0,1
0.75,0.8,0.16573,0.167484,1.0,0.271339,0.5,0.083333,0.207162,1.0,0
1.0,0.4,0.217203,0.100947,1.0,0.485044,0.333333,0.166667,0.543007,0.333333,1
0.583333,0.2,0.683388,0.782712,0.0,0.196823,0.142857,0.5,1.0,0.666667,1
0.75,1.0,1.0,1.0,0.375,0.225429,0.5,0.083333,1.0,1.0,1
0.666667,0.8,0.212344,0.381587,0.0,0.125446,0.2,0.333333,0.26543,0.666667,1
0.916667,1.0,0.961749,0.757143,0.333333,0.219333,0.2,0.333333,0.961749,1.0,1
0.666667,0.4,0.587837,0.180705,0.333333,0.561704,0.2,0.333333,1.0,1.0,0
0.916667,1.0,0.583862,0.216512,0.833333,0.465638,0.5,0.083333,0.583862,1.0,0
0.833333,0.8,1.0,1.0,0.166667,0.172672,0.166667,0.416667,1.0,1.0,1
1.0,0.4,0.783604,0.522635,0.333333,0.258892,0.111111,0.666667,1.0,1.0,1
0.833333,0.6,0.207156,0.036549,1.0,0.97868,0.5,0.083333,0.34526,1.0,0
0.636364,1.0,1.0,0.998711,0.6,0.228954,0.5,0.090909,1.0,1.0,1
0.363636,1.0,0.907514,1.0,0.2,0.207511,1.0,0.0,0.907514,0.666667,1
1.0,0.333333,0.819399,0.363636,1.0,0.515248,0.166667,0.454545,1.0,0.666667,1
0.727273,0.333333,0.451149,0.754997,0.6,0.136635,0.2,0.363636,1.0,1.0,1
0.916667,1.0,0.411959,0.430713,1.0,0.161433,0.5,0.083333,0.411959,1.0,0
0.5,0.6,0.633068,0.103713,0.6,1.0,1.0,0.0,1.0,1.0,0
0.583333,0.4,0.309615,0.058393,0.8,0.894925,0.5,0.083333,0.774037,1.0,1
1.0,1.0,0.375607,0.395503,0.8,0.160291,0.25,0.25,0.375607,1.0,0
0.916667,1.0,1.0,1.0,0.8,0.168782,0.333333,0.166667,1.0,1.0,1
0.916667,1.0,0.256945,0.018302,1.0,1.0,0.5,0.083333,0.256945,1.0,0
0.5,0.4,0.963648,0.806868,0.6,0.201577,0.5,0.083333,1.0,1.0,1
0.666667,0.8,0.311309,0.046438,0.0,1.0,0.2,0.333333,0.389137,0.833333,0
1.0,1.0,1.0,1.0,0.0,0.196261,0.125,0.583333,1.0,1.0,1
1.0,0.8,0.764387,0.78414,0.125,0.191317,0.125,0.583333,0.955484,1.0,1
0.416667,1.0,0.402146,0.39453,0.0,0.20005,1.0,0.0,0.402146,0.833333,0
0.5,0.4,0.129035,0.172176,0.25,0.147086,0.333333,0.166667,0.322589,0.833333,1
0.666667,0.2,0.657309,0.082841,0.0,1.0,0.125,0.583333,1.0,0.833333,1
0.916667,0.2,0.986766,0.316608,1.0,0.611684,0.333333,0.166667,1.0,0.333333,1
1.0,0.2,0.926389,1.0,0.833333,0.138651,0.142857,0.5,1.0,0.857143,1
0.916667,0.4,0.085453,0.074723,0.833333,0.171159,0.2,0.333333,0.213632,0.857143,1
1.0,0.8,0.923429,0.090634,1.0,1.0,0.333333,0.166667,1.0,0.857143,0
0.916667,1.0,0.408155,0.101108,0.166667,0.604183,0.166667,0.416667,0.408155,1.0,0
0.666667,0.2,0.947786,0.476334,0.666667,0.297801,0.25,0.25,1.0,0.857143,1
0.75,0.2,0.783878,0.128298,0.666667,0.914443,0.2,0.333333,1.0,0.857143,1
0.666667,0.8,0.791145,0.449345,0.666667,0.263514,1.0,0.0,0.988932,0.857143,1
0.333333,0.2,1.0,0.238671,0.166667,0.627089,0.333333,0.166667,1.0,0.142857,1
0.25,0.2,0.303525,0.189726,0.285714,0.308785,1.0,0.0,1.0,0.285714,0
0.666667,0.2,1.0,1.0,0.428571,0.193014,0.2,0.333333,1.0,0.857143,1
0.666667,0.4,0.119115,0.13653,0.285714,0.168395,0.2,0.333333,0.297788,1.0,0
0.583333,0.4,0.694109,0.457078,0.571429,0.293107,0.5,0.083333,1.0,0.714286,1
0.583333,0.4,0.258221,0.13379,0.571429,0.372526,0.5,0.083333,0.645552,0.714286,0
0.5,0.8,0.609652,0.554338,0.285714,0.212273,1.0,0.0,0.762065,0.857143,1
1.0,0.6,0.831204,0.237671,1.0,0.675024,0.333333,0.166667,1.0,0.428571,1
0.75,1.0,0.663709,0.234018,0.428571,0.547415,0.5,0.083333,0.663709,0.857143,0
0.916667,0.4,0.142945,0.123857,0.25,0.166429,0.111111,0.666667,0.357362,1.0,1
0.75,0.8,0.386605,0.212327,0.75,0.262569,0.333333,0.166667,0.483257,1.0,1
1.0,1.0,0.928834,1.0,0.25,0.133943,0.142857,0.5,0.928834,1.0,1
1.0,1.0,0.090593,0.044087,1.0,0.296321,0.25,0.25,0.090593,1.0,0
1.0,0.2,1.0,0.741079,0.5,0.194588,0.1,0.75,1.0,1.0,1
0.666667,0.8,0.383597,0.312662,0.666667,0.192575,1.0,0.0,0.479496,1.0,0
1.0,0.6,0.073741,0.088799,1.0,0.130347,0.25,0.25,0.122901,1.0,1
0.833333,0.6,1.0,1.0,0.166667,0.156964,0.142857,0.5,1.0,1.0,1
0.75,1.0,0.656531,0.451948,0.333333,0.228017,0.333333,0.166667,0.656531,1.0,1
0.909091,0.2,0.70883,0.672743,1.0,0.16301,0.2,0.363636,1.0,1.0,1
1.0,0.8,1.0,0.247749,0.4,0.624468,0.166667,0.454545,1.0,1.0,1
0.909091,1.0,0.886428,1.0,1.0,0.13714,1.0,0.0,0.886428,1.0,0
0.636364,0.6,0.620102,0.03602,0.8,1.0,1.0,0.0,1.0,1.0,1
0.909091,0.8,0.441511,0.264441,1.0,0.258306,0.5,0.090909,0.551888,1.0,0
0.583333,0.25,0.09059,0.066211,0.333333,0.277686,0.25,0.25,0.362362,0.4,1
0.916667,0.25,1.0,1.0,1.0,0.202955,0.5,0.083333,1.0,0.8,1
0.916667,1.0,0.880291,0.488372,0.444444,0.365826,0.25,0.25,0.880291,1.0,1
0.916667,1.0,0.083446,0.064295,0.333333,0.263404,0.2,0.333333,0.083446,1.0,0
0.833333,0.75,0.659073,0.801642,0.777778,0.16686,1.0,0.0,0.878763,0.8,1
1.0,0.5,0.285117,0.197264,0.888889,0.293343,0.333333,0.166667,0.570235,0.8,0
0.833333,0.2,0.656231,0.692703,1.0,0.219379,1.0,0.0,1.0,0.166667,1
0.583333,0.6,0.768128,0.764733,0.111111,0.232599,0.25,0.25,1.0,0.833333,1
0.75,0.6,0.48364,0.431244,0.444444,0.259707,0.333333,0.166667,0.806066,0.833333,1
0.75,0.4,0.592406,0.469598,0.222222,0.292131,0.166667,0.416667,1.0,0.833333,1
1.0,0.2,1.0,0.709775,0.444444,0.32626,0.125,0.583333,1.0,1.0,1
0.75,1.0,0.633003,1.0,0.111111,0.146586,0.25,0.25,0.633003,0.833333,0
0.666667,0.2,0.253181,0.072732,0.666667,0.806109,0.5,0.083333,1.0,0.833333,1
0.833333,0.5,1.0,0.701967,0.285714,0.341443,0.142857,0.5,1.0,1.0,1
1.0,0.5,0.549948,0.822101,0.857143,0.160336,0.2,0.333333,1.0,1.0,1
0.833333,0.25,0.975899,0.759314,0.714286,0.308049,0.2,0.333333,1.0,1.0,1
0.833333,1.0,0.562347,1.0,0.428571,0.134784,0.25,0.25,0.562347,1.0,1
0.833333,0.5,0.56584,0.597321,0.285714,0.22705,0.142857,0.5,1.0,1.0,1
1.0,0.75,0.37321,0.652993,1.0,0.136987,0.333333,0.166667,0.497613,1.0,0
0.916667,1.0,1.0,0.549452,0.555556,0.299141,0.5,0.083333,1.0,1.0,0
0.833333,0.2,0.186161,0.158214,1.0,0.193397,1.0,0.0,0.930805,0.666667,0
1.0,0.2,0.764223,0.950969,1.0,0.132087,0.333333,0.166667,1.0,0.666667,1
0.583333,0.6,0.605638,0.384667,0.333333,0.258782,0.5,0.083333,1.0,0.5,0
0.5,0.2,0.774782,0.902106,0.555556,0.141165,1.0,0.0,1.0,0.5,1
1.0,0.8,0.892158,1.0,0.444444,0.146639,0.2,0.333333,1.0,1.0,1
0.916667,0.4,0.755407,0.250548,0.777778,0.495562,0.333333,0.166667,1.0,0.666667,1
0.666667,0.4,0.450343,0.902831,0.714286,0.13911,0.5,0.083333,1.0,1.0,1
1.0,0.4,0.387929,0.537108,1.0,0.201425,0.25,0.25,0.969822,1.0,1
0.916667,0.4,0.720439,0.212701,0.285714,0.944604,0.125,0.583333,1.0,1.0,1
0.666667,1.0,0.387654,0.635042,0.285714,0.170241,0.5,0.083333,0.387654,1.0,0
1.0,0.2,0.1107,0.179419,0.0,0.172068,0.083333,0.916667,0.553498,1.0,1
0.916667,1.0,0.160219,0.171385,0.428571,0.260714,0.25,0.25,0.160219,1.0,0
1.0,0.6,1.0,1.0,0.142857,0.278883,0.111111,0.666667,1.0,1.0,1
0.75,0.6,0.513247,0.634754,1.0,0.172276,1.0,0.0,0.855411,1.0,0
1.0,1.0,0.607792,0.821527,0.833333,0.157629,0.333333,0.166667,0.607792,1.0,1
0.583333,0.2,1.0,1.0,0.333333,0.21306,0.2,0.333333,1.0,1.0,1
0.666667,0.2,0.574286,0.350858,0.333333,0.348738,0.166667,0.416667,1.0,1.0,1
0.75,0.8,0.186037,0.164734,0.142857,0.185528,0.2,0.333333,0.232547,1.0,0
0.916667,0.2,1.0,1.0,1.0,0.164283,0.25,0.25,1.0,0.75,1
1.0,0.6,0.617597,0.643686,0.571429,0.157624,0.166667,0.416667,1.0,1.0,1
0.916667,0.6,0.109818,0.03866,0.571429,0.466667,0.2,0.333333,0.18303,1.0,0
0.583333,1.0,0.339914,0.179124,0.285714,0.311751,1.0,0.0,0.339914,0.75,1
1.0,0.6,0.231355,0.23883,0.8,0.190313,0.166667,0.416667,0.385592,1.0,1
1.0,0.8,0.796121,0.21252,1.0,0.735966,0.25,0.25,0.995151,0.8,1
0.666667,0.4,1.0,0.421184,0.4,0.466451,0.2,0.333333,1.0,1.0,1
0.416667,0.4,0.697414,0.181901,0.0,0.753242,0.25,0.25,1.0,0.8,1
0.833333,0.2,0.848649,1.0,0.8,0.166727,0.166667,0.416667,1.0,1.0,1
0.916667,1.0,0.735973,0.215922,0.6,0.669643,0.25,0.25,0.735973,1.0,0
1.0,0.5,0.623803,0.499854,1.0,0.318695,0.5,0.090909,1.0,0.6,1
0.909091,1.0,1.0,1.0,0.625,0.255371,0.5,0.090909,1.0,1.0,1
0.636364,1.0,0.781236,0.130713,0.375,1.0,1.0,0.0,0.781236,0.6,0
0.636364,0.5,0.299932,0.191557,0.5,0.399848,0.5,0.090909,0.599863,0.6,0
0.818182,0.25,0.597241,0.707424,0.375,0.215597,0.166667,0.454545,1.0,1.0,1
0.909091,0.25,0.859895,0.657351,1.0,0.334057,0.5,0.090909,1.0,0.6,1
0.75,1.0,1.0,0.937844,1.0,0.243283,1.0,0.0,1.0,0.666667,1
0.333333,0.75,0.496961,0.485776,0.2,0.233415,1.0,0.0,0.662615,0.333333,1
1.0,0.5,0.788453,1.0,0.8,0.179895,0.142857,0.5,1.0,0.666667,1
1.0,0.5,0.229044,0.409993,0.6,0.127464,0.125,0.583333,0.458089,1.0,1
0.583333,1.0,1.0,1.0,0.285714,0.169431,1.0,0.0,1.0,0.6,1
0.916667,0.2,0.446561,0.143433,0.285714,0.5275,0.111111,0.666667,1.0,1.0,1
1.0,0.4,0.189683,0.229269,1.0,0.140176,0.25,0.25,0.474206,0.8,1
1.0,0.2,0.862698,0.247647,0.714286,0.590226,0.142857,0.5,1.0,1.0,1
0.666667,0.2,0.664286,0.11004,1.0,1.0,1.0,0.0,1.0,0.8,1
0.833333,1.0,0.678439,0.533169,0.142857,0.215595,0.2,0.333333,0.678439,1.0,0
0.833333,0.8,1.0,0.933873,0.857143,0.27646,1.0,0.0,1.0,0.857143,1
0.75,0.4,0.394005,0.352093,1.0,0.288911,1.0,0.0,0.985014,0.857143,0
1.0,0.6,0.296594,0.328174,1.0,0.233333,0.333333,0.166667,0.494323,0.857143,0
1.0,1.0,0.455995,0.821316,0.285714,0.14334,0.166667,0.416667,0.455995,1.0,0
0.75,0.4,0.945504,1.0,0.714286,0.244108,0.333333,0.166667,1.0,1.0,1
0.5,0.8,0.699183,0.485051,0.0,0.372154,0.333333,0.166667,0.873978,0.571429,1
0.916667,1.0,0.279292,0.0707,0.428571,1.0,0.25,0.25,0.279292,1.0,0
0.916667,0.8,0.190463,0.344003,0.714286,0.142945,0.333333,0.166667,0.238079,1.0,0
0.5,1.0,1.0,0.616197,0.0,0.503065,0.5,0.083333,1.0,1.0,1
1.0,1.0,0.938249,1.0,1.0,0.290845,0.333333,0.166667,0.938249,1.0,1
0.75,0.8,0.392297,0.773367,1.0,0.157243,1.0,0.0,0.490371,1.0,0
1.0,0.8,0.088187,0.106594,0.8,0.256456,0.2,0.333333,0.110233,1.0,0
0.545455,0.25,0.0898,0.116968,0.428571,0.13088,0.333333,0.181818,0.359202,0.5,0
1.0,0.25,1.0,1.0,0.571429,0.170475,0.142857,0.545455,1.0,1.0,1
0.909091,0.75,0.474008,0.624948,0.714286,0.129301,0.333333,0.181818,0.632011,1.0,1
0.909091,0.75,0.441365,0.427131,1.0,0.176155,1.0,0.0,0.588486,0.833333,0
0.727273,0.75,0.715201,0.845023,0.285714,0.144284,0.25,0.272727,0.953601,1.0,1
1.0,0.75,0.975487,0.246325,0.857143,0.675107,0.333333,0.181818,1.0,0.833333,1
0.909091,1.0,0.452205,0.388282,0.857143,0.19854,1.0,0.0,0.452205,0.833333,0
0.636364,0.75,1.0,0.128183,0.571429,1.0,1.0,0.0,1.0,0.5,1
0.909091,1.0,0.568645,0.14584,0.285714,0.608033,0.2,0.363636,0.568645,1.0,0
0.818182,1.0,0.939793,0.577929,0.142857,0.253584,0.2,0.363636,0.939793,1.0,1
1.0,0.75,0.835057,1.0,1.0,0.130221,0.5,0.090909,1.0,0.5,1
0.363636,0.75,0.250735,0.108829,0.0,0.359282,0.5,0.090909,0.334313,0.5,0
0.916667,1.0,0.561581,0.278919,0.285714,0.303898,0.2,0.333333,0.561581,1.0,0
0.416667,0.2,0.136068,0.104349,0.428571,0.196816,0.5,0.083333,0.68034,0.571429,1
0.916667,0.8,0.188594,0.087436,0.857143,0.325561,0.5,0.083333,0.235743,0.857143,0
0.833333,0.6,0.925663,0.129417,0.857143,1.0,0.5,0.083333,1.0,0.857143,1
0.75,0.6,1.0,0.542736,0.142857,0.278102,0.166667,0.416667,1.0,1.0,1
1.0,0.2,0.197399,0.236786,0.428571,0.125829,0.111111,0.666667,0.986993,1.0,1
0.75,0.2,0.842021,1.0,1.0,0.127092,0.5,0.083333,1.0,0.857143,1
1.0,0.4,0.665833,0.185442,0.428571,0.541938,0.125,0.583333,1.0,1.0,1
0.75,0.666667,0.510186,0.872593,1.0,0.14829,0.5,0.083333,0.765279,0.8,1
0.416667,0.333333,0.782994,1.0,0.333333,0.198588,0.333333,0.166667,1.0,0.2,1
0.916667,1.0,0.309503,0.555841,1.0,0.141224,0.333333,0.166667,0.309503,0.8,1
0.75,1.0,0.563204,0.491656,1.0,0.290535,1.0,0.0,0.563204,0.8,0
1.0,1.0,1.0,0.53819,0.5,0.471258,0.142857,0.5,1.0,1.0,1
0.583333,0.333333,0.899911,0.837612,1.0,0.27249,1.0,0.0,1.0,0.8,1
0.272727,0.2,0.235335,0.473626,0.166667,0.155452,0.5,0.090909,1.0,0.75,0
1.0,0.2,0.422667,1.0,0.333333,0.132234,0.111111,0.727273,1.0,1.0,1
1.0,0.6,0.654958,0.49304,1.0,0.415602,0.333333,0.181818,1.0,0.75,1
0.636364,1.0,0.904929,0.916484,0.333333,0.308913,1.0,0.0,0.904929,1.0,1
1.0,0.4,1.0,0.531868,0.166667,0.588223,0.111111,0.727273,1.0,1.0,1
0.916667,0.2,0.166253,0.071585,1.0,0.428691,0.25,0.25,0.831263,0.857143,1
0.5,0.8,0.836556,1.0,0.142857,0.154417,0.5,0.083333,1.0,0.714286,1
1.0,0.4,0.434698,0.479163,0.857143,0.167457,0.2,0.333333,1.0,0.857143,1
0.666667,0.8,0.734255,0.555932,0.571429,0.243795,1.0,0.0,0.917819,1.0,0
0.833333,0.4,0.098952,0.021735,0.428571,0.840367,0.166667,0.416667,0.24738,1.0,1
0.75,0.4,1.0,0.53001,0.714286,0.348269,0.333333,0.166667,1.0,1.0,1
0.666667,0.4,0.443988,0.621735,0.0,0.131815,0.142857,0.5,1.0,1.0,1
0.666667,1.0,0.242843,0.085743,0.0,0.522791,0.25,0.25,0.242843,1.0,0
0.833333,0.6,1.0,1.0,1.0,0.208934,1.0,0.0,1.0,1.0,1
0.75,0.4,0.362672,0.193349,0.714286,0.391906,0.333333,0.166667,0.906679,1.0,0
1.0,1.0,0.55025,0.180633,0.0,0.636462,0.125,0.583333,0.55025,1.0,1
0.666667,0.4,0.743602,0.55657,0.571429,0.279145,0.333333,0.166667,1.0,1.0,1
1.0,0.75,0.155228,0.107958,1.0,0.209983,0.333333,0.166667,0.20697,1.0,1
0.916667,0.5,0.08401,0.0485,0.0,0.252963,0.1,0.75,0.16802,1.0,1
0.833333,1.0,0.103567,0.087121,0.428571,0.173608,0.25,0.25,0.103567,1.0,1
0.666667,1.0,1.0,1.0,0.285714,0.146039,0.333333,0.166667,1.0,1.0,1
0.916667,0.8,0.192337,0.09254,1.0,0.318297,0.333333,0.166667,0.240421,0.666667,0
0.75,0.6,0.347674,0.050796,0.6,1.0,0.25,0.25,0.579456,1.0,0
0.75,0.8,0.892392,1.0,1.0,0.136664,1.0,0.0,1.0,0.666667,1
0.416667,1.0,0.897865,0.890193,0.0,0.154463,1.0,0.0,0.897865,0.5,1
0.416667,0.2,0.238971,0.034702,0.6,1.0,0.5,0.083333,1.0,0.5,1
1.0,1.0,0.145594,0.029003,0.2,0.768786,0.142857,0.5,0.145594,1.0,0
1.0,0.2,1.0,0.10176,1.0,1.0,0.142857,0.5,1.0,0.666667,1
0.416667,0.2,0.345733,0.208161,0.2,0.348698,0.25,0.25,1.0,0.75,1
0.833333,0.4,0.992256,1.0,0.4,0.20832,0.142857,0.5,1.0,1.0,1
1.0,1.0,1.0,0.391457,0.6,0.536319,0.2,0.333333,1.0,1.0,1
0.75,0.6,0.841178,0.936245,1.0,0.188628,0.5,0.083333,1.0,0.75,1
0.666667,0.6,0.169147,0.047816,0.8,0.742667,0.5,0.083333,0.281911,1.0,0
0.916667,0.25,0.142212,0.245973,1.0,0.15869,0.5,0.083333,0.568849,0.4,0
0.416667,1.0,0.397856,0.680917,0.0,0.160373,0.5,0.083333,0.397856,0.4,0
0.666667,0.75,0.836117,0.606877,0.111111,0.378152,0.2,0.333333,1.0,0.8,1
0.916667,0.75,0.592212,1.0,0.777778,0.162546,0.5,0.083333,0.789616,0.6,1
0.583333,0.75,0.686117,0.093866,0.333333,1.0,0.5,0.083333,0.914823,0.6,1
1.0,0.75,1.0,0.733271,0.666667,0.374313,0.25,0.25,1.0,0.8,1
0.916667,1.0,0.526975,0.113306,1.0,0.760063,0.5,0.083333,0.526975,0.833333,0
0.583333,1.0,0.966597,1.0,0.5,0.157964,1.0,0.0,0.966597,1.0,1
1.0,1.0,0.210856,0.112228,1.0,0.30704,0.333333,0.166667,0.210856,0.833333,0
1.0,1.0,1.0,0.212785,1.0,0.768017,0.333333,0.166667,1.0,0.833333,1
0.5,0.5,0.07208,0.054049,0.5,0.21794,0.5,0.083333,0.14416,0.5,0
0.75,0.75,0.077574,0.050637,0.833333,0.250355,0.5,0.083333,0.103432,1.0,0
0.666667,0.75,0.253159,0.207937,0.666667,0.198964,0.5,0.083333,0.337545,1.0,0
0.666667,0.8,0.537004,0.509862,0.5,0.185466,0.5,0.083333,0.671255,1.0,1
0.416667,0.6,1.0,1.0,0.166667,0.176092,0.5,0.083333,1.0,0.666667,1
0.666667,1.0,0.286193,0.381382,0.333333,0.132141,0.5,0.083333,0.286193,1.0,0
0.916667,0.4,0.065215,0.041106,1.0,0.279372,0.25,0.25,0.163038,0.833333,0
1.0,0.4,0.361248,0.321843,0.833333,0.197652,0.166667,0.416667,0.903119,0.833333,1
0.583333,1.0,0.579085,0.290323,0.0,0.351238,0.333333,0.166667,0.579085,1.0,0
0.833333,0.6,0.614571,0.419724,0.333333,0.257839,0.166667,0.416667,1.0,1.0,1
0.75,1.0,0.308478,0.300237,0.4,0.132,0.25,0.25,0.308478,1.0,1
1.0,0.5,1.0,1.0,1.0,0.128474,0.166667,0.416667,1.0,1.0,1
1.0,0.75,0.874022,0.631476,1.0,0.17782,0.2,0.333333,1.0,1.0,1
1.0,0.5,0.645326,0.605781,1.0,0.13686,0.166667,0.416667,1.0,1.0,1
1.0,1.0,0.932066,0.540674,0.2,0.251884,0.142857,0.5,0.932066,1.0,1
0.75,0.8,0.602182,0.082169,0.0,1.0,0.166667,0.416667,0.752727,1.0,1
0.583333,0.4,0.621752,0.345111,1.0,0.263238,1.0,0.0,1.0,0.857143,0
0.916667,0.6,0.4725,0.119967,0.2,0.575479,0.125,0.583333,0.7875,1.0,0
0.833333,0.6,0.962097,0.081841,0.4,1.0,0.166667,0.416667,1.0,1.0,0
0.416667,0.4,0.405916,0.394248,0.6,0.150438,1.0,0.0,1.0,0.857143,0
0.75,0.8,0.8936,1.0,0.8,0.130567,0.5,0.083333,1.0,1.0,1
0.833333,0.8,1.0,0.247001,0.4,0.59155,0.2,0.333333,1.0,1.0,0
0.833333,1.0,0.398316,0.349386,0.571429,0.19173,0.5,0.083333,0.398316,1.0,0
0.916667,0.8,0.453116,0.599811,0.142857,0.127047,0.142857,0.5,0.566395,1.0,0
1.0,0.6,0.776979,0.437583,0.285714,0.298619,0.125,0.583333,1.0,1.0,1
0.666667,0.8,1.0,0.460434,0.0,0.365258,0.2,0.333333,1.0,1.0,1
0.916667,0.6,0.860191,1.0,1.0,0.144665,0.5,0.083333,1.0,0.8,1
0.583333,0.4,0.596294,0.692351,0.0,0.144845,0.166667,0.416667,1.0,0.8,1
0.916667,1.0,0.734296,0.555714,0.4,0.166735,0.2,0.333333,0.734296,1.0,0
1.0,1.0,0.905267,0.756084,0.2,0.151082,0.142857,0.5,0.905267,1.0,1
0.833333,0.8,1.0,1.0,0.0,0.126185,0.142857,0.5,1.0,1.0,1
0.5,1.0,0.672945,0.183578,0.0,0.462558,0.5,0.083333,0.672945,1.0,0
0.833333,1.0,0.848878,0.590579,1.0,0.181373,1.0,0.0,0.848878,1.0,0
0.75,0.8,0.920237,1.0,0.0,0.156182,0.166667,0.416667,1.0,1.0,1
1.0,1.0,0.832202,0.456622,0.75,0.309316,0.2,0.333333,0.832202,1.0,1
1.0,1.0,0.540314,0.55658,0.5,0.164759,0.166667,0.416667,0.540314,1.0,0
0.916667,0.2,0.244351,0.236588,0.75,0.175288,0.125,0.583333,1.0,1.0,1
0.833333,0.4,1.0,0.682942,0.0,0.248512,0.111111,0.666667,1.0,1.0,1
0.666667,0.2,0.948265,0.404443,1.0,0.397927,0.25,0.25,1.0,1.0,1
1.0,1.0,1.0,0.863636,0.833333,0.619883,1.0,0.0,1.0,0.75,1
0.5,0.2,0.172956,0.183502,0.0,0.504587,0.2,0.4,0.86478,0.5,1
0.6,0.2,0.503145,0.305836,0.166667,0.880734,0.2,0.4,1.0,0.75,1
0.9,0.6,0.747275,1.0,1.0,0.400056,1.0,0.0,1.0,0.5,0
0.7,0.8,0.354927,0.962963,0.333333,0.197319,0.5,0.1,0.443658,1.0,1
0.75,1.0,0.720713,0.924175,0.571429,0.127888,1.0,0.0,0.720713,1.0,0
0.666667,0.8,0.082418,0.080925,0.285714,0.167017,0.333333,0.166667,0.103022,1.0,1
1.0,0.8,0.809973,0.459028,0.857143,0.28937,0.333333,0.166667,1.0,1.0,1
0.916667,1.0,0.986627,0.891874,0.571429,0.181414,0.333333,0.166667,0.986627,1.0,0
0.583333,0.2,1.0,1.0,0.857143,0.163992,1.0,0.0,1.0,0.666667,1
0.833333,0.2,0.58729,0.079565,1.0,1.0,0.333333,0.166667,1.0,0.833333,1
0.916667,0.2,0.78955,0.263006,1.0,0.492308,0.25,0.25,1.0,0.833333,1
1.0,0.2,0.703063,0.026015,0.5,1.0,0.125,0.636364,1.0,1.0,1
0.727273,0.4,0.463123,0.143824,1.0,0.495882,1.0,0.0,1.0,0.75,0
0.818182,1.0,1.0,1.0,0.5,0.153997,0.5,0.090909,1.0,1.0,1
0.363636,0.2,0.25024,0.233714,0.166667,0.164887,0.333333,0.181818,1.0,0.5,1
0.818182,1.0,0.640297,0.302665,0.666667,0.325786,1.0,0.0,0.640297,0.75,0
1.0,0.25,1.0,0.244411,1.0,1.0,0.333333,0.181818,1.0,0.333333,1
0.727273,1.0,0.711223,1.0,0.0,0.176014,0.2,0.363636,0.711223,0.833333,1
0.272727,0.25,0.458735,0.863585,0.125,0.131461,0.5,0.090909,1.0,0.333333,1
1.0,0.75,0.81427,0.420614,0.875,0.479099,0.5,0.090909,1.0,0.666667,0
0.272727,0.5,0.312203,0.3687,0.125,0.209558,1.0,0.0,0.624407,0.333333,0
1.0,0.5,0.887307,0.859416,0.875,0.255511,0.333333,0.181818,1.0,0.666667,1
0.727273,0.5,0.890675,0.438803,0.75,0.502332,1.0,0.0,1.0,0.5,1
0.583333,0.2,0.62719,0.684753,1.0,0.175836,1.0,0.0,1.0,1.0,1
0.583333,0.4,0.336916,0.160099,0.0,0.403995,0.166667,0.416667,0.842289,1.0,0
0.916667,0.6,0.671682,0.950072,0.666667,0.135722,0.2,0.333333,1.0,1.0,0
0.916667,0.8,0.447931,0.602022,0.666667,0.142838,0.25,0.25,0.559914,1.0,0
1.0,1.0,0.996561,0.934392,0.833333,0.204747,0.333333,0.166667,0.996561,1.0,1
0.75,1.0,0.397851,0.428925,0.166667,0.178066,0.25,0.25,0.397851,1.0,0
0.666667,0.6,0.696077,1.0,0.166667,0.133629,0.2,0.333333,1.0,1.0,1
0.666667,0.6,1.0,0.511863,0.5,0.37505,0.333333,0.166667,1.0,1.0,1
0.75,0.6,0.33221,0.334579,0.555556,0.136595,0.5,0.083333,0.553684,0.833333,0
0.833333,0.6,0.22832,0.216624,0.777778,0.144997,1.0,0.0,0.380533,0.833333,0
0.833333,1.0,0.927624,1.0,0.444444,0.127612,0.5,0.083333,0.927624,1.0,1
0.5,0.6,0.147251,0.149649,0.0,0.135365,0.25,0.25,0.245418,0.666667,0
1.0,0.2,0.625082,0.183435,1.0,0.468786,0.333333,0.166667,1.0,0.666667,1
0.833333,1.0,0.208216,0.045298,0.222222,0.632343,0.25,0.25,0.208216,1.0,0
1.0,0.8,1.0,0.263717,0.222222,0.521655,0.142857,0.5,1.0,1.0,1
0.833333,0.4,0.330601,0.052252,0.888889,0.931724,1.0,0.0,0.826502,0.6,0
1.0,0.2,0.971369,1.0,1.0,0.143045,0.333333,0.166667,1.0,0.6,1
0.833333,0.4,0.607733,0.313514,0.444444,0.28546,0.2,0.333333,1.0,0.8,1
0.416667,0.4,1.0,0.244685,0.333333,0.601841,1.0,0.0,1.0,0.4,1
0.25,0.2,0.373914,0.348829,0.111111,0.157851,0.5,0.083333,1.0,0.2,1
1.0,1.0,0.704515,0.317658,0.0,0.326602,0.125,0.583333,0.704515,1.0,1
1.0,1.0,0.344517,0.028571,1.0,1.0,1.0,0.0,0.344517,0.75,1
1.0,1.0,1.0,0.803361,0.5,0.245846,0.2,0.4,1.0,1.0,1
0.8,0.5,0.253708,0.20072,0.75,0.249641,0.5,0.1,0.507416,0.75,0
1.0,1.0,0.723559,0.336615,0.375,0.424536,0.166667,0.5,0.723559,1.0,1
1.0,1.0,0.880987,1.0,0.875,0.173998,0.5,0.1,0.880987,1.0,1
0.5,1.0,1.0,0.219272,0.0,0.850952,0.5,0.083333,1.0,0.5,1
1.0,0.6,0.822304,0.837822,1.0,0.183133,0.333333,0.166667,1.0,0.75,1
1.0,0.8,0.75216,1.0,0.571429,0.140345,0.2,0.333333,0.9402,1.0,1
0.916667,0.8,0.810308,0.706563,0.714286,0.213987,0.333333,0.166667,1.0,1.0,0
0.916667,0.8,0.556369,0.349772,0.857143,0.2968,0.5,0.083333,0.695461,0.75,0
0.416667,1.0,0.30774,0.253419,0.166667,0.201554,1.0,0.0,0.30774,0.714286,1
0.583333,0.75,0.779276,0.438873,0.666667,0.294712,1.0,0.0,1.0,1.0,1
0.666667,1.0,0.090762,0.069416,0.333333,0.217015,0.333333,0.166667,0.090762,1.0,0
0.833333,0.25,0.981648,0.983216,0.5,0.165711,0.142857,0.5,1.0,1.0,1
1.0,1.0,1.0,1.0,1.0,0.165976,0.333333,0.166667,1.0,0.857143,1
0.833333,0.75,0.231211,0.278492,1.0,0.137798,0.5,0.083333,0.308281,0.857143,0
0.75,1.0,0.535955,0.513262,0.333333,0.173314,0.25,0.25,0.535955,1.0,0
0.75,0.75,0.217104,0.277455,0.5,0.129873,0.25,0.25,0.289471,1.0,0
0.75,0.8,0.270592,0.040009,0.285714,1.0,0.25,0.25,0.33824,1.0,1
0.5,0.2,0.467168,0.165597,0.285714,0.578165,0.25,0.25,1.0,0.571429,1
1.0,0.4,0.615722,1.0,0.857143,0.126187,0.2,0.333333,1.0,0.714286,1
0.25,0.4,0.214219,0.033804,0.0,1.0,0.5,0.083333,0.535547,0.285714,1
0.833333,0.8,0.269444,0.406076,0.857143,0.135985,1.0,0.0,0.336804,0.714286,0
0.75,0.4,0.131538,0.110612,1.0,0.243714,1.0,0.0,0.328844,0.714286,0
0.916667,0.6,1.0,0.439024,0.714286,0.466813,0.25,0.25,1.0,0.857143,1
0.916667,1.0,0.678463,0.377621,0.571429,0.368215,0.333333,0.166667,0.678463,0.857143,0
1.0,0.8,1.0,1.0,0.857143,0.136565,0.5,0.090909,1.0,1.0,1
0.909091,1.0,0.993888,0.908918,0.571429,0.149331,0.5,0.090909,0.993888,1.0,0
1.0,0.4,0.359532,0.261239,1.0,0.187948,0.333333,0.181818,0.898831,1.0,1
0.727273,0.2,0.455822,0.016694,0.428571,1.0,0.2,0.363636,1.0,1.0,1
0.916667,0.2,0.279968,0.016422,1.0,1.0,0.125,0.583333,1.0,1.0,1
0.5,0.2,0.564484,0.630122,0.333333,0.13862,0.2,0.333333,1.0,1.0,0
1.0,0.8,0.884475,0.806537,0.0,0.169692,0.111111,0.666667,1.0,1.0,1
0.833333,0.6,1.0,0.276509,0.0,0.559615,0.125,0.583333,1.0,1.0,1
0.583333,1.0,0.87174,1.0,0.666667,0.134892,1.0,0.0,0.87174,1.0,1
1.0,1.0,0.253835,0.323562,0.833333,0.184928,0.5,0.090909,0.253835,0.666667,0
0.636364,0.2,0.421083,0.215616,1.0,0.460356,1.0,0.0,1.0,0.666667,1
0.454545,0.8,0.201534,0.291781,0.0,0.162817,0.5,0.090909,0.251918,0.666667,0
0.818182,0.6,0.799861,0.64274,0.333333,0.29335,0.2,0.363636,1.0,1.0,1
0.636364,0.8,0.457229,0.666027,0.166667,0.161826,0.333333,0.181818,0.571536,1.0,0
1.0,0.6,0.821711,1.0,0.666667,0.193699,0.2,0.363636,1.0,0.833333,1
0.363636,0.2,1.0,0.033699,0.333333,1.0,0.5,0.090909,1.0,0.5,1
0.583333,0.2,0.158892,0.295455,0.444444,0.252724,0.333333,0.166667,0.794458,0.5,1
1.0,0.2,0.539244,1.0,0.888889,0.253409,0.25,0.25,1.0,0.5,1
0.583333,1.0,0.391335,0.178504,0.222222,1.0,1.0,0.0,0.391335,0.5,1
0.75,0.4,0.572292,0.573864,0.666667,0.468647,0.5,0.083333,1.0,0.75,1
0.833333,0.2,1.0,0.649621,1.0,0.723397,1.0,0.0,1.0,0.25,1
1.0,0.5,0.616685,0.399525,1.0,0.254957,0.333333,0.166667,1.0,0.8,0
0.666667,0.75,0.95116,1.0,0.0,0.157109,0.166667,0.416667,1.0,0.8,1
1.0,1.0,0.869724,0.473444,0.0,0.303431,0.111111,0.666667,0.869724,1.0,1
1.0,0.5,0.867182,0.861471,0.375,0.166271,0.125,0.583333,1.0,1.0,1
0.916667,0.25,0.640442,0.397335,0.375,0.266238,0.125,0.583333,1.0,1.0,1
0.75,0.75,1.0,0.065705,0.625,1.0,0.5,0.083333,1.0,1.0,1
1.0,0.2,0.086985,0.162526,1.0,0.171762,0.5,0.090909,0.434925,0.75,0
1.0,0.6,1.0,0.061053,0.555556,1.0,0.25,0.272727,1.0,1.0,1
0.909091,0.6,0.232747,0.095579,0.777778,0.781498,1.0,0.0,0.387912,1.0,0
0.818182,1.0,0.804513,1.0,0.444444,0.258189,1.0,0.0,0.804513,0.75,1
1.0,1.0,0.214904,0.455158,0.444444,0.151526,0.333333,0.181818,0.214904,1.0,0
0.909091,0.666667,0.889067,0.371418,0.5,0.411029,0.2,0.363636,1.0,1.0,1
0.454545,0.333333,0.72914,1.0,0.0,0.125202,0.2,0.363636,1.0,0.4,1
0.909091,1.0,0.338682,0.398053,0.75,0.146101,0.5,0.090909,0.338682,0.6,1
1.0,0.333333,0.129867,0.067781,1.0,0.328997,0.333333,0.181818,0.389602,0.6,1
0.818182,1.0,0.080017,0.044453,0.75,0.309091,1.0,0.0,0.080017,0.6,0
0.454545,0.666667,1.0,0.835415,0.125,0.205541,0.333333,0.181818,1.0,0.4,1
0.555556,0.6,1.0,1.0,0.25,0.162137,0.5,0.111111,1.0,1.0,1
0.666667,0.6,0.612358,0.469347,0.25,0.21154,0.333333,0.222222,1.0,1.0,0
0.444444,0.2,0.320422,0.352384,0.75,0.14743,1.0,0.0,1.0,0.666667,1
1.0,1.0,0.841275,0.606579,1.0,0.22487,1.0,0.0,0.841275,0.666667,1
1.0,1.0,0.895225,0.127496,0.222222,1.0,0.2,0.363636,0.895225,1.0,0
0.909091,0.8,0.459284,0.493242,0.666667,0.141636,1.0,0.0,0.574105,0.857143,1
0.727273,0.2,1.0,0.183982,0.555556,0.826754,0.333333,0.181818,1.0,0.714286,1
0.909091,0.2,0.200928,0.127093,1.0,0.240476,1.0,0.0,1.0,0.714286,1
1.0,0.8,0.577851,0.093202,0.666667,0.943074,0.5,0.090909,0.722314,0.857143,0
0.909091,0.4,0.169629,0.051442,0.888889,0.501569,1.0,0.0,0.424072,0.714286,0
0.909091,1.0,0.861141,0.037523,0.555556,1.0,1.0,0.0,0.861141,1.0,0
0.545455,0.4,0.996021,1.0,0.222222,0.151503,0.333333,0.181818,1.0,0.428571,1
0.555556,0.5,0.7746,0.88133,1.0,0.181325,1.0,0.0,1.0,0.666667,0
1.0,0.5,1.0,0.957511,1.0,0.215464,0.2,0.444444,1.0,0.666667,1
0.333333,0.5,0.460474,0.273605,0.333333,0.347216,1.0,0.0,0.920949,0.333333,1
0.777778,1.0,0.767735,1.0,0.333333,0.158391,0.333333,0.222222,0.767735,1.0,1
1.0,0.75,0.710833,0.615818,0.857143,0.182149,0.25,0.25,0.947778,1.0,1
0.833333,1.0,0.908795,0.181562,0.714286,0.789863,0.5,0.083333,0.908795,1.0,0
0.583333,1.0,0.920984,1.0,0.285714,0.145332,0.5,0.083333,0.920984,0.6,1
1.0,0.5,1.0,0.561598,1.0,0.280986,0.25,0.25,1.0,0.8,1
0.75,0.75,0.515288,0.055546,0.0,1.0,0.142857,0.5,0.687051,1.0,1
1.0,0.25,0.341074,0.187697,1.0,0.286749,0.2,0.333333,1.0,0.8,1
0.666667,0.4,0.32911,0.650167,0.666667,0.159736,0.333333,0.166667,0.822775,1.0,1
1.0,0.8,0.168929,0.219895,1.0,0.242424,0.333333,0.166667,0.211161,0.8,1
0.75,0.6,0.363348,0.798667,0.5,0.143564,0.25,0.25,0.605581,1.0,1
0.75,0.8,0.305279,0.207044,0.5,0.465287,0.333333,0.166667,0.381599,1.0,0
0.416667,0.4,1.0,1.0,0.0,0.315564,0.25,0.25,1.0,0.8,1
0.833333,1.0,0.23273,0.436935,0.666667,0.168083,0.5,0.083333,0.23273,1.0,0
0.666667,0.6,1.0,0.719881,0.166667,0.238774,0.2,0.333333,1.0,1.0,1
0.75,0.6,0.126367,0.167161,1.0,0.129941,1.0,0.0,0.210611,0.857143,0
0.666667,0.2,0.33318,0.126805,0.5,0.451638,0.2,0.333333,1.0,0.857143,1
0.833333,1.0,0.743584,1.0,0.666667,0.127814,0.5,0.083333,0.743584,0.857143,0
0.25,0.2,0.415468,0.400198,0.333333,0.178448,1.0,0.0,1.0,0.285714,1
1.0,1.0,0.430659,0.295153,0.5,0.250804,0.2,0.333333,0.430659,0.857143,0
0.583333,0.4,0.845667,0.50544,0.166667,0.287593,0.2,0.333333,1.0,1.0,1
0.916667,0.6,0.497065,0.578635,0.5,0.147658,0.166667,0.416667,0.828442,0.857143,1
1.0,0.2,0.954323,0.133089,0.571429,1.0,0.125,0.583333,1.0,0.833333,1
0.333333,0.4,0.865838,0.903366,0.142857,0.157386,0.5,0.083333,1.0,0.333333,1
1.0,1.0,1.0,0.330019,0.714286,0.497569,0.333333,0.166667,1.0,0.833333,1
0.916667,0.8,0.599108,0.523286,0.714286,0.188,0.333333,0.166667,0.748885,0.833333,0
0.75,0.2,0.856065,1.0,1.0,0.140572,0.5,0.083333,1.0,0.833333,1
0.833333,0.2,0.641279,0.780394,0.142857,0.134935,0.111111,0.666667,1.0,1.0,1
0.75,0.6,0.755895,0.929182,0.0,0.133584,0.142857,0.5,1.0,1.0,1
0.833333,1.0,0.089797,0.031668,1.0,0.507383,1.0,0.0,0.089797,0.833333,0
0.75,1.0,0.276636,0.329437,0.0,0.150258,0.2,0.333333,0.276636,1.0,0
0.333333,0.4,0.280437,0.100744,0.0,0.498101,0.333333,0.166667,0.701093,0.5,1
0.75,0.4,0.128519,0.094368,0.8,0.243694,0.25,0.25,0.321297,0.833333,1
0.5,1.0,0.192422,0.253135,0.2,0.13602,1.0,0.0,0.192422,1.0,0
1.0,0.4,0.913173,1.0,1.0,0.163401,0.166667,0.416667,1.0,0.833333,1
0.5,0.8,1.0,0.245484,0.2,0.728918,0.5,0.083333,1.0,1.0,1
0.727273,0.2,0.087248,0.060175,0.333333,0.419095,0.166667,0.454545,0.436238,1.0,1
0.454545,0.8,0.81201,0.42153,0.0,0.556815,0.5,0.090909,1.0,0.833333,1
0.727273,0.4,0.484256,0.792561,1.0,0.176612,1.0,0.0,1.0,0.833333,0
1.0,0.4,0.569306,0.744179,0.666667,0.22113,0.166667,0.454545,1.0,1.0,1
1.0,1.0,0.933257,0.365286,0.666667,0.738493,0.333333,0.181818,0.933257,1.0,0
0.909091,1.0,1.0,1.0,0.666667,0.289054,0.5,0.090909,1.0,1.0,1
0.909091,1.0,0.366042,0.524947,0.5,0.201555,0.333333,0.181818,0.366042,1.0,0
0.833333,0.5,0.427161,0.50028,0.666667,0.227334,0.333333,0.166667,0.854322,1.0,1
0.833333,0.25,0.84739,0.253356,1.0,0.890508,1.0,0.0,1.0,1.0,1
1.0,0.25,1.0,0.26594,0.333333,1.0,0.111111,0.666667,1.0,1.0,1
1.0,1.0,0.631866,1.0,0.333333,0.168233,0.166667,0.416667,0.631866,1.0,1
0.833333,0.2,0.978076,0.322014,1.0,0.502324,0.5,0.083333,1.0,0.5,1
0.416667,0.4,0.92744,0.755971,0.375,0.202893,1.0,0.0,1.0,0.75,1
1.0,0.2,1.0,0.467626,0.375,0.353662,0.111111,0.666667,1.0,1.0,1
0.75,1.0,0.518705,0.38964,0.0,0.220162,0.2,0.333333,0.518705,1.0,1
0.666667,0.4,0.89786,1.0,0.0,0.148489,0.142857,0.5,1.0,0.75,1
0.916667,0.5,0.253562,0.149315,0.2,0.260822,0.111111,0.666667,0.507125,1.0,1
0.75,1.0,1.0,0.409286,1.0,0.375262,1.0,0.0,1.0,1.0,1
1.0,0.5,0.493807,0.039885,0.8,1.0,0.142857,0.5,0.987615,1.0,1
0.916667,0.25,0.940605,1.0,0.0,0.144467,0.090909,0.833333,1.0,1.0,1
0.583333,0.25,0.27527,0.25629,0.2,0.164964,0.166667,0.416667,1.0,1.0,1
0.416667,0.2,0.512336,0.972173,0.125,0.154294,0.25,0.25,1.0,0.428571,1
1.0,0.8,0.672599,0.118117,0.75,1.0,0.333333,0.166667,0.840748,0.857143,0
0.583333,1.0,1.0,0.753108,0.0,0.388758,0.333333,0.166667,1.0,0.714286,1
0.916667,0.2,0.773407,0.494375,1.0,0.458024,0.333333,0.166667,1.0,0.571429,1
0.833333,0.2,0.627199,0.859384,1.0,0.213676,0.5,0.083333,1.0,0.571429,1
0.75,0.8,0.552174,1.0,0.25,0.161664,0.25,0.25,0.690217,1.0,0
0.666667,0.4,0.532154,0.988751,0.25,0.157575,0.2,0.333333,1.0,0.714286,1
1.0,0.6,0.089383,0.107756,0.75,0.242857,0.25,0.25,0.148972,0.857143,1
1.0,0.8,0.197772,0.177981,1.0,0.168441,0.333333,0.166667,0.247215,0.75,1
0.75,1.0,0.169243,0.197795,0.5,0.129704,0.5,0.083333,0.169243,1.0,0
0.916667,0.6,1.0,1.0,0.166667,0.151585,0.125,0.583333,1.0,1.0,1
0.833333,0.6,0.439759,0.404376,1.0,0.164849,0.5,0.083333,0.732932,0.75,1
0.416667,0.6,0.492271,0.150069,0.0,0.497245,0.333333,0.166667,0.820452,0.5,1
0.75,0.6,0.311879,0.414428,0.4,0.143272,0.2,0.333333,0.519798,1.0,0
0.75,0.2,0.548777,0.35866,0.2,0.291298,0.125,0.583333,1.0,1.0,1
0.916667,0.6,0.802069,1.0,0.8,0.152699,0.2,0.333333,1.0,1.0,1
0.666667,1.0,1.0,0.57713,0.0,0.329876,0.25,0.25,1.0,1.0,1
1.0,1.0,0.729374,0.926836,1.0,0.149821,0.333333,0.166667,0.729374,1.0,0
0.75,0.6,0.66165,0.842415,1.0,0.149529,0.5,0.083333,1.0,1.0,1
0.583333,1.0,0.763006,0.159299,0.0,1.0,0.2,0.333333,0.763006,1.0,1
0.583333,1.0,1.0,0.616616,0.5,0.569036,0.5,0.083333,1.0,1.0,1
1.0,1.0,0.597263,1.0,0.5,0.209566,0.142857,0.5,0.597263,1.0,1
1.0,0.333333,0.283263,0.145198,1.0,0.684514,0.166667,0.416667,0.849788,1.0,1
1.0,0.2,0.542609,0.304155,0.125,0.260259,0.1,0.818182,1.0,1.0,1
0.818182,0.2,0.704829,0.176548,1.0,0.582419,1.0,0.0,1.0,0.333333,1
0.727273,1.0,0.583136,0.105929,0.0,0.803101,0.25,0.272727,0.583136,0.666667,0
0.545455,0.6,1.0,1.0,0.375,0.145886,1.0,0.0,1.0,0.666667,1
1.0,0.2,0.52316,0.606491,1.0,0.129866,0.333333,0.166667,1.0,0.666667,1
0.916667,0.8,0.96521,1.0,0.0,0.145313,0.125,0.583333,1.0,1.0,1
1.0,1.0,0.899539,0.026566,0.555556,1.0,0.333333,0.166667,0.899539,0.666667,1
0.416667,0.4,1.0,0.050113,0.333333,1.0,1.0,0.0,1.0,0.333333,1
0.818182,0.6,0.644337,0.791572,1.0,0.148611,1.0,0.0,1.0,1.0,1
0.727273,1.0,0.792614,0.400206,0.0,0.361582,0.25,0.272727,0.792614,1.0,1
1.0,0.8,0.359716,0.514697,0.333333,0.127596,0.166667,0.454545,0.449645,1.0,0
0.636364,0.2,1.0,1.0,1.0,0.182569,1.0,0.0,1.0,1.0,1
0.818182,0.6,1.0,0.140615,0.625,1.0,0.5,0.090909,1.0,1.0,1
0.545455,1.0,0.983961,1.0,0.0,0.193964,0.5,0.090909,0.983961,0.666667,1
0.636364,1.0,0.630664,0.241654,0.25,0.514456,1.0,0.0,0.630664,0.833333,0
1.0,0.8,0.421489,0.039133,0.5,1.0,0.25,0.272727,0.526862,1.0,1
0.818182,0.4,0.237887,0.27725,0.75,0.169139,0.5,0.090909,0.594717,0.833333,0
0.909091,0.4,0.134365,0.107672,1.0,0.245996,1.0,0.0,0.335913,0.666667,0
1.0,0.6,0.137842,0.071855,0.625,0.378154,0.25,0.272727,0.229737,1.0,0
0.916667,0.75,1.0,0.202318,0.666667,1.0,0.142857,0.5,1.0,1.0,1
0.666667,0.75,0.292285,1.0,0.0,0.133172,0.166667,0.416667,0.389713,1.0,1
1.0,1.0,0.099618,0.266538,1.0,0.17029,0.166667,0.416667,0.099618,1.0,1
0.75,0.25,0.838597,0.102366,0.666667,1.0,0.142857,0.5,1.0,1.0,1
0.833333,0.5,1.0,0.520308,0.0,0.337514,0.111111,0.666667,1.0,1.0,1
0.666667,1.0,0.92882,1.0,1.0,0.163111,1.0,0.0,0.92882,1.0,1
1.0,1.0,0.133603,0.177642,0.25,0.132075,0.125,0.583333,0.133603,1.0,1
0.416667,0.5,0.874818,0.326893,0.25,0.469964,0.333333,0.166667,1.0,1.0,1
0.75,0.6,0.541231,0.140058,0.0,0.616879,0.142857,0.5,0.902052,1.0,1
1.0,1.0,0.654326,0.41386,0.0,0.252387,0.125,0.583333,0.654326,1.0,0
0.833333,1.0,0.649254,0.816062,1.0,0.127004,1.0,0.0,0.649254,1.0,0
1.0,0.6,0.978801,0.159165,0.8,0.981689,0.166667,0.416667,1.0,1.0,1
0.916667,0.6,1.0,1.0,0.0,0.159634,0.111111,0.666667,1.0,1.0,1
0.666667,0.6,0.510194,0.440091,0.8,0.185063,0.5,0.083333,0.850323,1.0,1
0.75,1.0,0.094528,0.053973,0.111111,0.372222,0.25,0.25,0.094528,0.857143,0
0.333333,0.6,0.148544,0.107089,0.111111,0.2948,1.0,0.0,0.247573,0.285714,1
0.833333,0.2,0.536128,0.905547,1.0,0.125828,1.0,0.0,1.0,0.571429,1
0.833333,1.0,0.819409,0.413365,0.555556,0.421295,1.0,0.0,0.819409,0.857143,0
0.75,0.4,1.0,1.0,0.0,0.212529,0.125,0.583333,1.0,0.857143,1
1.0,0.4,0.726494,0.778539,0.666667,0.198322,0.2,0.333333,1.0,0.857143,1
1.0,0.8,0.59871,0.396016,0.666667,0.321309,0.333333,0.166667,0.748388,0.857143,0
0.833333,0.6,0.901643,0.468194,0.777778,0.409286,1.0,0.0,1.0,0.857143,1
0.833333,1.0,0.398382,0.279596,1.0,0.185405,0.5,0.083333,0.398382,1.0,0
0.833333,0.6,0.201241,0.189474,0.75,0.138204,0.2,0.333333,0.335402,1.0,0
0.416667,0.2,1.0,1.0,1.0,0.130123,1.0,0.0,1.0,1.0,1
1.0,0.2,0.697584,0.25739,0.5,0.352661,0.1,0.75,1.0,1.0,1
0.75,1.0,0.677083,0.262149,0.25,0.336084,0.25,0.25,0.677083,1.0,1
1.0,0.8,0.176053,0.140984,1.0,0.211585,0.333333,0.181818,0.220066,1.0,0
0.909091,1.0,0.55378,0.074576,0.6,1.0,0.333333,0.181818,0.55378,1.0,1
0.909091,0.4,0.644089,0.384268,0.0,0.284004,0.111111,0.727273,1.0,1.0,1
0.909091,0.4,0.752029,1.0,0.6,0.127423,0.166667,0.454545,1.0,1.0,1
0.727273,0.2,1.0,0.553406,0.8,0.306175,0.25,0.272727,1.0,1.0,1
1.0,0.5,0.86009,0.600487,0.5,0.1969,0.142857,0.5,1.0,0.5,1
0.25,0.25,0.813185,0.217372,0.0,0.514271,0.333333,0.166667,1.0,0.25,1
1.0,0.25,1.0,1.0,1.0,0.13747,0.25,0.25,1.0,0.5,1
0.333333,1.0,0.259349,0.279858,0.0,0.127395,1.0,0.0,0.259349,0.25,1
0.75,1.0,0.195519,0.151119,0.5,0.177859,0.5,0.083333,0.195519,0.5,1
0.25,0.6,1.0,0.435655,0.0,0.326032,1.0,0.0,1.0,0.428571,1
1.0,0.2,0.33256,0.121348,1.0,0.389259,0.333333,0.166667,1.0,0.714286,1
0.833333,1.0,0.107162,0.058577,0.0,0.259847,0.166667,0.416667,0.107162,1.0,0
0.833333,0.4,0.926274,1.0,0.888889,0.131566,1.0,0.0,1.0,0.714286,1
0.833333,0.8,0.103154,0.052584,0.555556,0.278632,0.5,0.083333,0.128942,0.857143,0
0.583333,0.6,0.950216,0.484195,0.444444,0.278744,1.0,0.0,1.0,0.571429,1
0.833333,1.0,0.215378,0.179026,0.222222,0.170879,0.25,0.25,0.215378,1.0,0
0.916667,0.8,0.817213,0.391011,0.111111,0.296858,0.142857,0.5,1.0,1.0,0
1.0,0.75,0.862077,1.0,0.75,0.364275,0.25,0.25,1.0,1.0,1
0.666667,1.0,0.091987,0.082064,0.5,0.473653,1.0,0.0,0.091987,0.666667,0
0.833333,0.75,1.0,0.942998,0.25,0.448098,0.166667,0.416667,1.0,1.0,1
0.916667,0.5,0.567159,0.785258,1.0,0.305194,0.5,0.083333,1.0,0.666667,1
0.666667,0.6,0.75189,0.612223,0.5,0.195009,0.5,0.083333,1.0,0.75,1
1.0,0.4,0.684192,0.247363,1.0,0.439191,0.333333,0.166667,1.0,0.75,1
0.833333,0.8,1.0,0.261732,0.75,0.606671,1.0,0.0,1.0,1.0,0
0.833333,1.0,0.497938,0.178429,0.0,0.443119,0.166667,0.416667,0.497938,1.0,1
0.833333,0.6,0.843414,1.0,0.25,0.133921,0.166667,0.416667,1.0,1.0,1
0.833333,0.6,1.0,0.194483,1.0,0.684686,0.5,0.083333,1.0,1.0,1
1.0,1.0,0.731705,0.276558,0.166667,0.352308,0.142857,0.5,0.731705,1.0,0
0.916667,1.0,0.151618,0.140955,0.833333,0.143233,0.5,0.083333,0.151618,1.0,0
0.916667,1.0,0.413111,0.024705,0.0,1.0,0.142857,0.5,0.413111,1.0,0
0.833333,0.8,0.987838,1.0,0.666667,0.13154,0.333333,0.166667,1.0,1.0,1
1.0,0.6,0.381075,1.0,0.0,0.247141,0.1,0.75,0.635125,1.0,1
0.666667,0.6,0.061505,0.146444,1.0,0.272381,0.5,0.083333,0.102509,1.0,0
0.5,1.0,1.0,0.649233,0.0,0.998926,0.5,0.083333,1.0,1.0,1
0.916667,0.8,0.222151,0.285216,1.0,0.505134,0.25,0.25,0.277688,1.0,0
0.666667,0.6,0.864301,0.449093,0.75,1.0,0.333333,0.166667,1.0,1.0,1
0.75,0.6,0.367957,0.668061,0.75,0.357203,0.25,0.25,0.613262,1.0,0
0.75,0.8,0.89914,0.999303,0.0,0.583531,0.166667,0.416667,1.0,1.0,0
0.75,0.4,0.686452,0.818689,0.5,0.543782,0.166667,0.416667,1.0,1.0,1
1.0,0.8,1.0,1.0,0.5,0.172694,0.166667,0.416667,1.0,1.0,1
0.833333,0.6,0.950213,0.189026,1.0,0.868114,0.5,0.083333,1.0,1.0,1
1.0,1.0,0.261821,0.147116,0.833333,0.307342,0.333333,0.166667,0.261821,1.0,0
0.916667,0.4,0.322117,0.36617,0.166667,0.151917,0.111111,0.666667,0.805291,1.0,1
0.583333,1.0,0.288842,0.045366,0.0,1.0,0.333333,0.166667,0.288842,1.0,0
1.0,1.0,0.919545,0.868734,0.125,0.197174,0.142857,0.5,0.919545,1.0,1
0.416667,1.0,0.566375,0.032558,0.0,1.0,1.0,0.0,0.566375,0.5,0
0.833333,0.2,0.616729,0.463049,1.0,0.248103,0.5,0.083333,1.0,0.75,1
0.916667,0.4,0.524067,0.427907,1.0,0.22814,0.5,0.083333,1.0,0.75,0
0.916667,0.8,1.0,1.0,0.375,0.186279,0.2,0.333333,1.0,1.0,1
0.833333,0.4,0.560758,0.216798,1.0,0.447584,0.25,0.25,1.0,1.0,1
0.833333,0.6,0.204317,0.060474,0.8,0.584641,0.25,0.25,0.340528,1.0,1
0.833333,1.0,0.211626,0.044466,0.0,0.823556,0.166667,0.416667,0.211626,1.0,0
1.0,0.8,0.657949,0.669763,0.6,0.169991,0.166667,0.416667,0.822436,1.0,1
1.0,0.8,1.0,1.0,0.0,0.173043,0.111111,0.666667,1.0,1.0,1
0.5,0.8,0.520865,0.165758,0.166667,0.531031,0.5,0.083333,0.651081,0.666667,0
1.0,0.8,0.797914,1.0,1.0,0.134842,0.333333,0.166667,0.997392,0.666667,1
1.0,1.0,1.0,0.452744,0.166667,0.373264,0.142857,0.5,1.0,1.0,1
0.583333,0.4,0.81082,0.968557,0.333333,0.141471,0.25,0.25,1.0,1.0,1
0.916667,0.8,1.0,1.0,1.0,0.210816,0.5,0.083333,1.0,1.0,1
0.833333,0.6,0.849792,0.362613,0.5,0.494052,0.2,0.333333,1.0,1.0,1
1.0,0.4,0.586447,0.954673,0.833333,0.129502,0.166667,0.416667,1.0,1.0,1
0.833333,1.0,0.525208,0.834323,0.666667,0.132709,0.5,0.083333,0.525208,1.0,0
1.0,0.8,0.903033,1.0,0.0,0.26479,0.125,0.636364,1.0,1.0,1
0.636364,0.8,1.0,0.705271,0.111111,0.41576,0.333333,0.181818,1.0,0.8,1
1.0,0.2,0.364392,0.243815,1.0,0.438235,0.5,0.090909,1.0,0.2,1
0.727273,0.8,0.270726,0.303693,0.444444,0.261393,1.0,0.0,0.338408,0.6,0
0.727273,1.0,0.278185,0.143421,0.333333,0.56875,1.0,0.0,0.278185,0.6,0
0.272727,0.2,0.44583,0.709215,0.222222,0.184328,1.0,0.0,1.0,0.4,1
1.0,0.8,1.0,1.0,0.75,0.172987,0.333333,0.166667,1.0,1.0,1
0.916667,0.4,0.19823,0.261815,0.875,0.130975,0.333333,0.166667,0.495574,0.857143,0
0.583333,1.0,0.209595,0.23913,0.125,0.151621,0.5,0.083333,0.209595,0.571429,0
0.666667,0.2,0.466944,0.514745,0.25,0.156923,0.166667,0.416667,1.0,0.857143,1
0.833333,0.2,0.23451,0.288847,1.0,0.140445,0.5,0.083333,1.0,0.714286,0
1.0,0.6,0.896405,0.8569,0.875,0.180962,0.333333,0.166667,1.0,0.857143,1
1.0,0.8,0.579827,0.46465,0.5,0.215867,0.2,0.333333,0.724784,1.0,0
0.916667,0.6,0.822861,0.808318,0.375,0.176099,0.166667,0.416667,1.0,1.0,1
0.833333,0.333333,1.0,0.861394,0.333333,0.290601,0.125,0.583333,1.0,1.0,1
1.0,1.0,0.288422,0.299464,0.333333,0.241092,0.125,0.583333,0.288422,1.0,1
1.0,0.333333,0.683838,0.621716,0.333333,0.275334,0.1,0.75,1.0,1.0,1
0.833333,0.333333,0.930599,0.067828,1.0,1.0,0.25,0.25,1.0,0.75,1
0.5,0.666667,0.928564,1.0,0.333333,0.23244,0.333333,0.166667,1.0,0.75,1
0.909091,0.75,1.0,0.429139,0.555556,0.737114,0.333333,0.181818,1.0,1.0,1
0.727273,0.25,0.084581,0.043709,0.333333,0.612121,0.2,0.363636,0.338323,0.666667,1
1.0,0.25,0.955302,1.0,1.0,0.302185,0.5,0.090909,1.0,0.666667,1
1.0,1.0,0.418821,0.95,0.444444,0.139456,0.25,0.272727,0.418821,1.0,1
0.909091,1.0,0.554091,1.0,0.0,0.182301,0.166667,0.454545,0.554091,1.0,1
0.909091,0.6,0.534314,0.274593,0.714286,0.640197,0.333333,0.181818,0.890524,1.0,1
0.818182,0.4,1.0,0.393493,0.571429,0.836122,0.25,0.272727,1.0,1.0,1
1.0,0.6,0.061919,0.044152,1.0,0.461404,0.5,0.090909,0.103198,1.0,0
0.909091,0.2,0.195998,0.13749,0.142857,0.469014,0.111111,0.727273,0.979988,1.0,1
0.818182,0.8,0.17116,0.202943,0.571429,0.277481,0.5,0.090909,0.213949,1.0,0
1.0,0.8,0.751634,0.881985,0.125,0.225302,0.142857,0.545455,0.939542,1.0,1
0.909091,1.0,0.661104,0.238603,0.0,0.732512,0.166667,0.454545,0.661104,1.0,1
0.636364,0.2,1.0,1.0,0.125,0.264375,0.166667,0.454545,1.0,0.666667,1
0.909091,0.4,0.609373,0.163971,1.0,0.982511,1.0,0.0,1.0,0.666667,0
0.833333,1.0,0.382242,0.743381,0.555556,0.128879,0.5,0.083333,0.382242,1.0,1
1.0,0.75,1.0,1.0,0.555556,0.250642,0.2,0.333333,1.0,1.0,1
0.75,0.5,0.16576,0.086501,0.666667,0.480303,0.5,0.083333,0.331521,0.666667,0
0.916667,0.25,0.232796,0.26055,1.0,0.223944,0.5,0.083333,0.931186,0.666667,1
0.916667,0.6,0.891842,1.0,1.0,0.207213,0.5,0.083333,1.0,0.714286,1
0.583333,0.8,0.204272,0.030871,0.0,1.0,0.25,0.25,0.25534,0.714286,0
0.916667,0.4,0.246865,0.377092,0.428571,0.152104,0.142857,0.5,0.617161,1.0,1
1.0,0.8,0.57817,0.440565,0.285714,0.304912,0.142857,0.5,0.722712,1.0,0
0.666667,0.4,0.75239,0.747259,0.142857,0.233938,0.166667,0.416667,1.0,1.0,1
0.75,0.4,0.099963,0.182631,1.0,0.127172,1.0,0.0,0.249907,0.714286,0
0.833333,0.8,0.180305,0.324582,0.428571,0.129067,0.25,0.25,0.225382,1.0,0
0.5,1.0,1.0,0.121466,0.0,1.0,0.5,0.083333,1.0,0.714286,1
0.75,0.8,0.961786,0.393768,0.555556,0.31924,1.0,0.0,1.0,0.857143,1
0.916667,1.0,0.171789,0.164503,0.555556,0.13649,0.5,0.083333,0.171789,1.0,0
0.5,0.2,0.596821,0.595082,0.222222,0.131083,0.25,0.25,1.0,0.857143,1
0.916667,0.8,0.353979,0.09806,0.333333,0.471807,0.2,0.333333,0.442474,1.0,0
0.833333,0.4,0.261657,0.20559,0.555556,0.166345,0.25,0.25,0.654143,1.0,0
1.0,1.0,0.719177,0.444631,0.555556,0.211405,0.333333,0.166667,0.719177,1.0,0
0.916667,0.2,0.954423,0.081106,1.0,1.0,0.5,0.083333,1.0,0.714286,1
0.916667,0.6,1.0,1.0,0.222222,0.130701,0.142857,0.5,1.0,1.0,1
0.727273,1.0,1.0,1.0,0.222222,0.46057,0.5,0.090909,1.0,0.666667,1
1.0,0.2,0.215611,0.375316,1.0,0.264587,0.5,0.090909,1.0,0.333333,1
0.818182,0.8,0.299849,0.359494,0.444444,0.384155,0.5,0.090909,0.374811,0.666667,0
0.909091,1.0,0.503779,0.739873,0.444444,0.313601,0.5,0.090909,0.503779,1.0,0
0.916667,0.8,0.263963,0.452134,1.0,0.189286,0.25,0.25,0.329954,1.0,0
0.833333,1.0,1.0,1.0,0.75,0.324221,0.333333,0.166667,1.0,1.0,1
0.916667,1.0,0.357643,0.582468,0.25,0.199076,0.166667,0.416667,0.357643,1.0,1
1.0,0.2,0.635717,0.282584,1.0,0.729388,0.125,0.583333,1.0,1.0,1
0.916667,0.2,0.480699,0.235927,0.333333,0.307457,0.111111,0.666667,1.0,1.0,1
0.916667,0.4,1.0,1.0,0.833333,0.150899,0.2,0.333333,1.0,1.0,1
0.833333,0.8,0.737565,0.019937,0.333333,1.0,0.2,0.333333,0.921956,1.0,0
0.666667,1.0,0.722668,0.473808,0.166667,0.230157,0.333333,0.166667,0.722668,1.0,0
0.833333,1.0,0.115285,0.071736,0.166667,0.242507,0.2,0.333333,0.115285,1.0,0
1.0,0.6,0.251036,0.299453,1.0,0.126501,0.25,0.25,0.418394,1.0,1
1.0,1.0,0.773316,0.407936,0.5,0.286057,0.2,0.333333,0.773316,1.0,1
0.5,0.2,0.120356,0.137359,0.111111,0.125208,0.2,0.333333,0.601782,0.714286,0
1.0,0.2,0.286272,0.221205,1.0,0.184929,0.333333,0.166667,1.0,0.428571,1
0.833333,1.0,1.0,1.0,0.555556,0.142896,1.0,0.0,1.0,1.0,1
0.583333,0.8,0.253029,0.212191,0.0,0.170398,0.25,0.25,0.316286,0.714286,1
0.583333,0.2,0.983278,0.062956,0.555556,1.0,0.5,0.083333,1.0,0.714286,1
1.0,0.6,0.536197,0.254114,0.555556,0.30152,0.2,0.333333,0.893662,1.0,0
0.666667,0.2,0.912286,0.300615,0.222222,0.433651,0.166667,0.416667,1.0,0.857143,1
0.833333,0.6,0.299489,0.216483,0.777778,0.197687,1.0,0.0,0.499149,0.571429,0
1.0,0.75,0.849032,1.0,1.0,0.145921,0.25,0.25,1.0,0.8,1
0.833333,0.5,0.765102,0.074421,1.0,1.0,0.333333,0.166667,1.0,0.8,1
0.916667,1.0,0.666631,0.330026,0.833333,0.34716,0.333333,0.166667,0.666631,0.8,0
1.0,0.25,1.0,0.595553,0.0,0.288584,0.083333,0.916667,1.0,1.0,1
0.416667,0.5,0.207955,0.066887,0.166667,0.534341,0.333333,0.166667,0.415909,0.4,1
0.833333,1.0,0.758366,0.503859,0.5,0.25868,0.25,0.25,0.758366,1.0,1
1.0,0.4,0.122003,0.021369,0.714286,0.926829,0.2,0.363636,0.305009,1.0,0
0.636364,0.2,0.774508,0.116053,0.285714,1.0,0.2,0.363636,1.0,0.833333,1
1.0,0.6,0.863656,0.723419,0.571429,0.193804,0.2,0.363636,1.0,1.0,1
0.818182,0.2,0.068814,0.051598,0.0,0.216498,0.111111,0.727273,0.344071,1.0,1
1.0,1.0,0.776327,1.0,0.428571,0.126025,0.25,0.272727,0.776327,1.0,0
0.545455,0.4,0.229238,0.184329,0.428571,0.201885,0.5,0.090909,0.573095,0.833333,1
0.909091,0.6,1.0,0.367443,1.0,0.441797,1.0,0.0,1.0,0.666667,1
0.916667,1.0,1.0,0.808394,1.0,0.194153,0.5,0.083333,1.0,0.75,1
0.5,1.0,0.864899,1.0,0.0,0.135748,0.333333,0.166667,0.864899,0.5,1
1.0,0.25,0.335659,0.314781,0.5,0.167362,0.111111,0.666667,1.0,1.0,1
0.583333,1.0,0.533194,0.471715,0.333333,0.177408,0.5,0.083333,0.533194,1.0,1
1.0,1.0,0.111266,0.085584,1.0,0.204051,0.333333,0.166667,0.111266,0.75,0
0.916667,0.6,0.253282,0.082662,0.8,0.701623,0.2,0.333333,0.422136,1.0,0
0.833333,1.0,0.619198,1.0,1.0,0.141787,1.0,0.0,0.619198,1.0,1
0.583333,0.6,0.093647,0.163446,0.8,0.131199,1.0,0.0,0.156079,1.0,0
1.0,0.6,0.467768,0.56817,0.8,0.188521,0.166667,0.416667,0.779614,1.0,1
0.666667,0.6,1.0,0.165325,0.4,1.0,0.25,0.25,1.0,1.0,1
0.916667,0.4,0.458333,0.309343,0.285714,0.225088,0.125,0.583333,1.0,1.0,1
0.75,0.8,0.682363,0.749404,0.714286,0.138328,1.0,0.0,0.852954,1.0,0
0.833333,0.8,0.400685,0.158248,0.857143,0.384658,1.0,0.0,0.500856,1.0,0
0.833333,0.4,0.113014,0.122046,1.0,0.140675,0.5,0.083333,0.282534,1.0,1
1.0,1.0,1.0,1.0,0.571429,0.151918,0.25,0.25,1.0,1.0,1
0.916667,0.6,0.125906,0.123324,0.0,0.144564,0.111111,0.666667,0.209843,1.0,0
0.75,1.0,0.976619,0.294322,0.6,0.469854,0.5,0.083333,0.976619,1.0,0
0.666667,0.4,0.734627,0.663135,0.0,0.156865,0.142857,0.5,1.0,1.0,1
1.0,0.4,0.664134,0.627049,1.0,0.149974,0.166667,0.416667,1.0,1.0,1
0.666667,0.6,1.0,1.0,0.6,0.141599,0.333333,0.166667,1.0,1.0,1
1.0,0.2,0.933365,0.786956,0.0,0.167943,0.083333,0.916667,1.0,1.0,1
0.916667,1.0,0.547697,0.321635,0.0,0.241122,0.142857,0.5,0.547697,1.0,1
0.75,0.2,1.0,0.479596,0.857143,0.433991,0.333333,0.166667,1.0,0.857143,1
0.833333,0.6,0.301971,0.046908,0.714286,1.0,0.333333,0.166667,0.503284,0.857143,0
1.0,1.0,0.564224,0.353176,0.142857,0.332519,0.142857,0.5,0.564224,1.0,0
1.0,0.2,0.645376,0.495583,1.0,0.271053,0.2,0.333333,1.0,0.857143,1
0.416667,1.0,0.6667,0.729912,0.0,0.190115,1.0,0.0,0.6667,0.428571,1
0.916667,0.6,0.622537,0.170383,0.428571,0.760494,0.166667,0.416667,1.0,1.0,0
1.0,0.8,0.685195,1.0,0.571429,0.142617,0.2,0.333333,0.856493,1.0,1
1.0,0.8,0.595755,0.434371,0.857143,0.285472,0.333333,0.166667,0.744694,0.857143,0
0.833333,0.8,0.995797,0.247566,0.0,0.741573,0.142857,0.5,1.0,1.0,1
0.583333,1.0,0.583253,0.452414,0.111111,0.237681,0.5,0.083333,0.583253,0.857143,0
1.0,0.2,1.0,0.264057,1.0,0.698194,0.333333,0.166667,1.0,0.285714,1
0.166667,0.2,0.069188,0.038744,0.0,0.329231,0.5,0.083333,0.345942,0.571429,1
0.166667,0.2,0.762043,0.446056,0.0,0.314967,0.5,0.083333,1.0,0.571429,1
0.583333,0.8,0.100226,0.023644,0.333333,0.781513,1.0,0.0,0.125283,0.571429,0
1.0,1.0,0.995366,1.0,0.555556,0.183509,0.333333,0.166667,0.995366,0.571429,1
0.333333,0.8,0.614721,0.745082,0.0,0.152107,1.0,0.0,0.768402,0.714286,0
0.666667,0.4,0.744603,0.285274,0.222222,0.493387,0.2,0.333333,1.0,0.857143,1
0.666667,0.4,0.427699,0.60539,0.666667,0.133545,1.0,0.0,1.0,0.857143,0
0.833333,0.6,0.114664,0.14052,0.0,0.154247,0.125,0.583333,0.191107,1.0,0
1.0,1.0,0.77943,0.087584,0.555556,1.0,0.333333,0.166667,0.77943,1.0,0
0.916667,0.2,0.99389,0.924928,1.0,0.203122,0.5,0.083333,1.0,0.714286,1
0.833333,0.8,1.0,1.0,0.666667,0.189028,1.0,0.0,1.0,1.0,1
0.916667,0.6,0.129124,0.174206,0.222222,0.14011,0.142857,0.5,0.215207,1.0,0
1.0,0.6,0.885031,0.600385,0.333333,0.278647,0.142857,0.5,1.0,1.0,1
0.75,1.0,0.267042,0.126891,0.142857,0.360805,0.25,0.25,0.267042,1.0,0
0.666667,1.0,1.0,1.0,0.0,0.171445,0.25,0.25,1.0,1.0,1
0.416667,0.2,0.403375,0.100983,0.0,0.684831,0.2,0.333333,1.0,0.285714,1
1.0,1.0,0.477719,0.454614,0.714286,0.180158,0.333333,0.166667,0.477719,0.857143,0
0.833333,0.2,0.278734,0.339259,1.0,0.140858,0.333333,0.166667,1.0,0.857143,0
0.916667,0.6,0.604236,0.732602,1.0,0.141404,0.5,0.083333,1.0,0.857143,1
0.666667,0.4,0.495919,0.058812,0.714286,1.0,0.5,0.083333,1.0,0.857143,0
0.75,0.6,0.836201,0.524017,0.857143,0.273584,1.0,0.0,1.0,0.857143,1
0.666667,0.333333,0.723464,0.280725,0.0,0.387261,0.125,0.583333,1.0,0.6,1
0.833333,0.333333,1.0,0.13499,1.0,1.0,1.0,0.0,1.0,0.4,1
0.75,0.333333,0.882682,1.0,0.111111,0.132639,0.125,0.583333,1.0,0.6,1
1.0,0.333333,0.076089,0.041303,1.0,0.276829,0.333333,0.166667,0.228268,0.4,1
1.0,1.0,0.468827,0.392377,0.777778,0.179546,0.333333,0.166667,0.468827,0.8,1
0.333333,0.666667,0.486927,0.369879,0.222222,0.197821,1.0,0.0,0.730391,0.4,1
1.0,1.0,1.0,1.0,0.8,0.182002,0.166667,0.416667,1.0,1.0,1
1.0,0.333333,0.189189,0.131366,0.2,0.262115,0.090909,0.833333,0.567568,1.0,1
0.666667,1.0,0.063593,0.082369,1.0,0.140515,1.0,0.0,0.063593,1.0,1
0.583333,0.333333,0.164706,0.066551,0.2,0.450435,0.166667,0.416667,0.494118,1.0,1
1.0,0.666667,0.744144,0.645255,1.0,0.209895,0.166667,0.416667,1.0,1.0,1
0.583333,1.0,0.47407,0.05315,0.4,1.0,1.0,0.0,0.47407,0.833333,0
0.916667,0.8,0.731137,1.0,0.0,0.147548,0.125,0.583333,0.913921,1.0,1
1.0,0.8,0.098637,0.069567,0.8,0.286136,0.2,0.333333,0.123297,0.833333,0
0.916667,1.0,0.67287,0.994049,1.0,0.136602,0.5,0.083333,0.67287,0.666667,1
0.083333,0.2,1.0,0.479376,0.0,0.420976,1.0,0.0,1.0,0.333333,1
0.666667,1.0,0.797437,0.035912,0.2,1.0,0.333333,0.166667,0.797437,0.833333,0
0.416667,1.0,0.318894,0.082906,0.0,0.776238,1.0,0.0,0.318894,0.833333,0
0.727273,0.666667,0.59921,0.679891,0.75,0.177126,1.0,0.0,0.898816,0.333333,1
0.454545,1.0,0.638015,0.651553,0.125,0.196799,0.5,0.090909,0.638015,0.333333,1
0.818182,0.333333,1.0,1.0,0.375,0.200975,0.166667,0.454545,1.0,1.0,1
1.0,0.666667,0.427298,0.52097,1.0,0.164839,0.5,0.090909,0.640948,0.333333,1
0.8,1.0,0.096727,0.061959,0.5,0.266097,0.5,0.1,0.096727,1.0,0
0.7,0.2,1.0,0.784113,0.0,0.21738,0.142857,0.6,1.0,1.0,1
0.5,1.0,0.443144,0.26902,0.0,0.280774,1.0,0.0,0.443144,1.0,0
0.6,1.0,0.589685,0.581642,0.0,0.172807,0.5,0.1,0.589685,1.0,0
0.6,0.8,0.817523,1.0,0.5,0.139347,1.0,0.0,1.0,1.0,1
1.0,0.8,0.734983,0.141041,1.0,0.888235,0.333333,0.2,0.918729,1.0,1
0.8,0.5,1.0,1.0,0.666667,0.129685,0.333333,0.2,1.0,1.0,1
0.6,0.75,0.087375,0.055364,0.5,0.204669,1.0,0.0,0.116501,0.75,0
1.0,1.0,0.610465,0.026497,1.0,1.0,1.0,0.0,0.610465,0.75,1
0.7,0.5,0.198007,0.060534,0.833333,0.424199,1.0,0.0,0.396013,1.0,0
0.8,1.0,0.288206,0.130116,0.333333,0.287252,0.333333,0.2,0.288206,1.0,0
1.0,0.2,0.365091,0.687929,1.0,0.208274,0.2,0.333333,1.0,0.4,1
0.583333,0.4,1.0,1.0,0.285714,0.392444,0.25,0.25,1.0,0.6,1
0.166667,0.2,0.938235,0.141806,0.142857,1.0,1.0,0.0,1.0,0.2,1
1.0,0.2,0.117654,0.127085,0.857143,0.36332,0.166667,0.416667,0.588272,0.6,1
1.0,1.0,0.668792,0.547105,0.571429,0.479731,0.25,0.25,0.668792,0.6,1
0.333333,0.4,0.51863,0.750245,0.142857,0.271288,0.5,0.083333,1.0,0.4,1
0.75,1.0,1.0,0.415591,0.0,0.363695,0.2,0.333333,1.0,1.0,0
1.0,0.8,0.978926,0.673261,0.666667,0.219771,0.142857,0.5,1.0,1.0,1
0.833333,1.0,0.958629,1.0,1.0,0.144895,0.333333,0.166667,0.958629,1.0,1
1.0,0.2,0.831965,0.779547,0.666667,0.161312,0.1,0.75,1.0,1.0,1
0.916667,0.6,0.10437,0.121039,0.666667,0.130332,0.142857,0.5,0.17395,1.0,0
0.909091,1.0,0.901832,1.0,0.714286,0.140999,0.5,0.090909,0.901832,0.75,1
1.0,0.5,0.431092,0.11472,1.0,0.587519,0.333333,0.181818,0.862184,0.75,0
1.0,0.75,1.0,0.874454,1.0,0.178794,0.5,0.090909,1.0,0.75,1
0.818182,0.5,0.177351,0.181247,0.0,0.152987,0.125,0.636364,0.354702,1.0,1
0.454545,0.5,0.247822,0.143705,0.428571,0.269623,1.0,0.0,0.495644,0.25,1
1.0,0.2,0.888597,0.10828,1.0,1.0,0.333333,0.166667,1.0,1.0,1
1.0,1.0,0.96654,0.961548,0.0,0.180716,0.125,0.583333,0.96654,1.0,1
0.916667,1.0,0.198268,0.052843,0.0,0.674554,0.142857,0.5,0.198268,1.0,0
0.833333,0.8,0.479858,0.390658,0.111111,0.220833,0.166667,0.416667,0.599823,1.0,0
0.916667,1.0,1.0,1.0,0.222222,0.179783,0.2,0.333333,1.0,1.0,1
0.75,0.4,0.600166,0.096629,0.125,1.0,0.142857,0.5,1.0,1.0,1
0.583333,0.2,0.523978,1.0,0.625,0.162055,0.5,0.083333,1.0,0.666667,1
0.5,1.0,0.591758,0.569823,0.125,0.321183,1.0,0.0,0.591758,0.833333,0
1.0,0.4,0.524808,0.250401,1.0,0.648205,0.333333,0.166667,1.0,0.5,1
0.75,1.0,1.0,0.791653,0.25,0.390673,0.333333,0.166667,1.0,1.0,1
0.833333,0.2,0.188084,0.345104,0.125,0.168558,0.111111,0.666667,0.940419,1.0,1
0.416667,0.8,0.105148,0.157945,0.125,0.205894,1.0,0.0,0.131436,0.666667,0
1.0,0.5,0.291636,0.532537,0.625,0.138312,0.166667,0.416667,0.583271,1.0,1
0.833333,0.5,0.556385,1.0,1.0,0.140522,1.0,0.0,1.0,1.0,1
0.75,1.0,0.295245,0.41685,0.25,0.178884,0.25,0.25,0.295245,1.0,1
0.916667,0.25,1.0,0.490412,0.625,0.515,0.166667,0.416667,1.0,1.0,1
0.75,0.8,0.44256,0.482636,0.375,0.209496,0.333333,0.166667,0.5532,1.0,1
0.833333,1.0,0.181367,0.045594,0.5,0.908808,0.5,0.083333,0.181367,1.0,0
1.0,0.2,0.139799,0.181904,0.25,0.175584,0.1,0.75,0.698997,1.0,1
0.833333,0.2,0.423121,0.479565,0.875,0.201576,0.333333,0.166667,1.0,1.0,1
0.833333,0.4,0.168959,0.247579,1.0,0.155916,1.0,0.0,0.422397,1.0,0
1.0,0.6,1.0,1.0,0.375,0.228467,0.142857,0.5,1.0,1.0,1
0.833333,0.6,0.436666,0.140326,0.125,0.710943,0.142857,0.5,0.727777,1.0,1
0.75,0.5,0.528133,0.637383,0.166667,0.243584,0.142857,0.5,1.0,1.0,1
0.916667,0.75,1.0,1.0,1.0,0.293972,0.333333,0.166667,1.0,1.0,1
0.583333,1.0,0.426628,0.711905,0.5,0.17617,1.0,0.0,0.426628,1.0,1
1.0,0.5,0.552865,0.530142,0.166667,0.306571,0.1,0.75,1.0,1.0,1
0.75,0.2,0.816856,1.0,1.0,0.158902,0.2,0.333333,1.0,1.0,1
0.833333,0.6,1.0,0.621605,0.0,0.312945,0.125,0.583333,1.0,1.0,1
0.833333,0.4,0.808376,0.908067,1.0,0.173172,0.2,0.333333,1.0,1.0,1
0.833333,1.0,0.060083,0.067592,0.75,0.172917,0.333333,0.166667,0.060083,1.0,0
1.0,0.8,0.238159,0.316838,0.25,0.146222,0.125,0.583333,0.297699,1.0,0
0.916667,0.8,0.918304,0.185677,0.25,0.96208,0.142857,0.5,1.0,1.0,1
0.583333,0.4,1.0,0.7962,0.444444,0.186359,0.5,0.083333,1.0,0.8,1
0.833333,0.6,0.866039,0.120902,0.555556,1.0,0.333333,0.166667,1.0,1.0,1
0.75,1.0,0.699435,0.418778,0.444444,0.24782,1.0,0.0,0.699435,0.8,0
1.0,1.0,0.179787,0.139903,0.555556,0.190679,0.333333,0.166667,0.179787,1.0,0
0.666667,0.8,0.926679,1.0,0.111111,0.1375,0.25,0.25,1.0,0.8,1
1.0,0.2,0.877087,0.288189,1.0,0.451584,0.333333,0.166667,1.0,0.4,1
0.727273,1.0,0.998323,1.0,0.285714,0.172627,0.5,0.090909,0.998323,1.0,1
0.909091,0.6,1.0,0.928668,1.0,0.186199,1.0,0.0,1.0,0.5,1
0.636364,0.6,0.316601,0.416779,0.428571,0.131354,0.5,0.090909,0.527669,0.75,0
0.454545,0.2,0.139519,0.164315,0.428571,0.146824,0.5,0.090909,0.697596,0.75,0
1.0,1.0,0.085634,0.116567,0.428571,0.127032,0.25,0.272727,0.085634,1.0,0
1.0,0.6,0.436528,0.744701,1.0,0.178802,0.333333,0.166667,0.727546,0.8,0
0.916667,0.6,0.836237,0.838026,1.0,0.304379,0.5,0.083333,1.0,0.8,1
0.75,0.6,0.407073,0.262259,0.714286,0.473462,0.5,0.083333,0.678455,1.0,0
0.916667,0.6,0.439121,1.0,1.0,0.133945,0.5,0.083333,0.731868,0.8,0
1.0,1.0,1.0,0.184752,0.571429,1.0,0.25,0.25,1.0,1.0,1
0.583333,0.4,0.129745,0.129389,0.571429,0.305868,0.5,0.083333,0.324362,0.4,0
0.818182,0.2,0.753838,1.0,1.0,0.134869,1.0,0.0,1.0,0.8,1
1.0,1.0,0.169014,0.097616,0.25,0.309767,0.2,0.363636,0.169014,1.0,0
0.818182,0.8,0.452861,0.61067,0.5,0.132677,0.5,0.090909,0.566077,0.8,1
1.0,1.0,0.427611,0.286039,0.375,0.26746,0.25,0.272727,0.427611,1.0,0
0.363636,0.2,0.609694,0.8563,0.375,0.127386,1.0,0.0,1.0,0.6,1
0.909091,0.4,1.0,0.851759,0.375,0.210048,0.166667,0.454545,1.0,1.0,1
1.0,0.75,0.20315,0.364659,0.333333,0.150998,0.142857,0.545455,0.270866,1.0,0
0.727273,0.25,0.348431,0.681337,0.666667,0.138611,0.25,0.272727,1.0,1.0,1
0.909091,1.0,0.410084,0.304103,1.0,0.365506,1.0,0.0,0.410084,1.0,1
1.0,0.75,1.0,1.0,0.5,0.271046,0.166667,0.454545,1.0,1.0,1
0.909091,0.4,0.16129,0.244181,1.0,0.136572,0.5,0.090909,0.403226,0.833333,1
0.818182,0.2,0.718013,0.873993,0.0,0.169859,0.111111,0.727273,1.0,1.0,1
0.909091,0.8,1.0,0.254252,0.571429,0.813204,0.333333,0.181818,1.0,1.0,0
0.636364,0.2,0.80472,0.606983,0.142857,0.274115,0.166667,0.454545,1.0,0.833333,1
0.818182,1.0,0.214982,0.143241,0.285714,0.310312,0.333333,0.181818,0.214982,1.0,0
1.0,0.6,0.9685,0.820949,0.285714,0.24392,0.142857,0.545455,1.0,1.0,1
0.727273,0.8,0.922169,1.0,0.285714,0.190667,0.333333,0.181818,1.0,1.0,1
0.75,0.2,0.251611,0.320028,0.125,0.129305,0.125,0.583333,1.0,1.0,1
1.0,0.2,0.866409,1.0,1.0,0.142494,0.25,0.25,1.0,0.666667,1
1.0,0.4,0.525881,0.106676,0.375,0.810762,0.125,0.583333,1.0,1.0,1
1.0,0.8,0.384128,0.109502,0.375,0.576935,0.166667,0.416667,0.48016,1.0,1
0.416667,0.8,0.337951,0.044154,0.0,1.0,0.5,0.083333,0.422439,0.666667,0
1.0,0.2,0.2093,0.130872,0.625,0.263023,0.142857,0.5,1.0,0.666667,0
0.416667,1.0,1.0,0.494702,0.0,0.332453,1.0,0.0,1.0,0.666667,1
0.090909,0.2,1.0,1.0,0.0,0.254668,1.0,0.0,1.0,0.0,1
0.454545,0.4,0.371688,0.26081,0.4,0.362936,0.5,0.090909,0.92922,0.571429,1
0.818182,0.4,0.081216,0.069127,0.2,0.299203,0.142857,0.545455,0.203039,0.857143,1
0.909091,1.0,0.844382,0.396034,1.0,0.542976,1.0,0.0,0.844382,0.571429,1
0.727273,0.8,0.56202,0.211237,0.8,0.677575,1.0,0.0,0.702525,0.857143,0
0.454545,0.2,0.257597,0.337097,0.6,0.194608,0.5,0.090909,1.0,0.571429,1
1.0,0.6,0.234887,0.35252,0.4,0.169687,0.142857,0.545455,0.391478,0.857143,0
0.909091,1.0,0.645399,0.839989,1.0,0.195672,1.0,0.0,0.645399,0.571429,0
0.75,1.0,1.0,1.0,0.0,0.157394,0.166667,0.416667,1.0,0.8,1
0.666667,0.25,0.388306,0.055215,0.555556,1.0,0.333333,0.166667,1.0,0.6,1
0.666667,0.5,0.177688,0.219166,0.111111,0.127606,0.166667,0.416667,0.355376,0.8,0
0.416667,0.75,0.790188,0.91538,0.111111,0.135868,0.5,0.083333,1.0,0.4,1
0.916667,0.75,0.413978,0.305902,0.555556,0.213001,0.25,0.25,0.551971,0.8,1
1.0,0.25,0.547312,0.678866,1.0,0.126893,0.333333,0.166667,1.0,0.2,1
1.0,0.75,0.635876,0.940702,1.0,0.154424,0.333333,0.166667,0.847835,0.428571,1
0.666667,0.25,1.0,0.060412,1.0,1.0,1.0,0.0,1.0,0.428571,1
0.75,0.5,0.832683,0.134187,0.857143,1.0,0.5,0.083333,1.0,0.714286,1
0.5,1.0,0.904826,0.173719,0.0,1.0,0.333333,0.166667,0.904826,0.571429,1
0.583333,0.75,0.722642,1.0,0.142857,0.165089,0.25,0.25,0.963523,0.714286,1
0.916667,1.0,0.596637,0.629733,0.571429,0.216446,0.25,0.25,0.596637,1.0,0
0.583333,1.0,0.716671,0.698497,0.428571,0.234396,1.0,0.0,0.716671,0.714286,0
0.416667,0.5,0.554472,0.908129,0.142857,0.139485,0.333333,0.166667,1.0,0.571429,0
0.75,1.0,0.304862,0.244079,0.555556,0.348047,1.0,0.0,0.304862,0.6,0
0.666667,0.25,0.399502,0.631138,0.666667,0.176384,0.5,0.083333,1.0,0.6,1
0.416667,1.0,0.631699,0.561525,0.111111,0.313477,1.0,0.0,0.631699,0.2,1
0.833333,0.75,1.0,1.0,0.666667,0.278654,0.5,0.083333,1.0,0.8,1
1.0,0.25,0.404478,0.525708,1.0,0.214396,0.333333,0.166667,1.0,0.4,1
0.833333,1.0,0.254587,0.403235,0.111111,0.175931,0.166667,0.416667,0.254587,1.0,0
0.75,0.8,0.222953,0.10074,0.625,0.323495,1.0,0.0,0.278691,1.0,0
0.833333,0.4,0.495395,0.395562,1.0,0.183059,1.0,0.0,1.0,0.714286,1
0.583333,0.8,1.0,1.0,0.25,0.146169,0.5,0.083333,1.0,0.857143,1
0.916667,1.0,0.647404,0.430178,0.25,0.219979,0.2,0.333333,0.647404,1.0,0
0.916667,1.0,0.428904,0.463905,0.25,0.13514,0.2,0.333333,0.428904,1.0,0
1.0,0.8,0.28904,0.328994,0.625,0.128417,0.25,0.25,0.361299,1.0,0
1.0,0.6,0.263435,0.222781,0.5,0.172842,0.166667,0.416667,0.439058,1.0,1
0.5,0.2,0.430827,0.468639,0.5,0.134375,0.5,0.083333,1.0,0.857143,1
0.666667,0.6,0.800691,1.0,0.6,0.158515,0.333333,0.166667,1.0,1.0,1
0.916667,0.6,1.0,0.230149,1.0,0.860191,0.25,0.25,1.0,0.857143,1
0.416667,0.4,0.073676,0.052284,0.0,0.278972,0.25,0.25,0.184191,0.857143,1
0.833333,1.0,0.508947,0.074517,0.6,1.0,0.333333,0.166667,0.508947,1.0,0
0.833333,1.0,0.125756,0.029318,0.2,0.849167,0.2,0.333333,0.125756,1.0,0
0.5,0.6,0.974701,0.334473,0.2,0.576917,0.333333,0.166667,1.0,1.0,1
1.0,0.8,0.523016,0.310774,0.4,0.333176,0.142857,0.5,0.65377,1.0,0
0.75,1.0,0.449463,0.256291,0.6,0.347188,0.5,0.083333,0.449463,1.0,0
0.75,0.2,1.0,1.0,0.142857,0.144511,0.125,0.583333,1.0,1.0,1
0.916667,0.8,0.097762,0.077258,0.285714,0.182863,0.166667,0.416667,0.122202,1.0,0
0.75,0.4,0.172098,0.193732,0.285714,0.128374,0.166667,0.416667,0.430245,1.0,1
1.0,1.0,0.449032,0.317245,0.285714,0.204543,0.166667,0.416667,0.449032,1.0,1
0.666667,0.2,0.248173,0.055137,1.0,0.650456,1.0,0.0,1.0,0.714286,1
1.0,0.8,0.338397,0.099212,0.428571,0.492905,0.166667,0.416667,0.422997,1.0,0
0.583333,0.8,0.081642,0.083291,0.142857,0.14165,0.333333,0.166667,0.102053,0.857143,0
0.416667,0.4,0.471878,0.216021,0.285714,0.315671,0.5,0.083333,1.0,0.857143,1
1.0,1.0,1.0,1.0,1.0,0.154076,0.166667,0.454545,1.0,1.0,1
0.545455,0.4,0.239799,0.101815,1.0,0.362885,0.25,0.272727,0.599497,1.0,1
0.454545,0.2,0.21945,0.080693,0.0,0.419018,0.2,0.363636,1.0,1.0,1
0.636364,0.4,0.799079,0.924587,1.0,0.133161,0.2,0.363636,1.0,1.0,1
0.75,0.2,1.0,1.0,0.125,0.275016,0.125,0.583333,1.0,1.0,1
1.0,0.8,0.706532,0.965212,0.5,0.201311,0.2,0.333333,0.883165,0.857143,1
1.0,1.0,0.162948,0.084124,0.625,0.532707,0.333333,0.166667,0.162948,0.857143,0
0.916667,0.4,0.079232,0.062935,0.125,0.346231,0.111111,0.666667,0.19808,1.0,1
0.833333,0.8,0.080382,0.131562,0.375,0.168029,0.25,0.25,0.100477,0.857143,0
0.166667,0.4,0.063362,0.132511,0.0,0.131504,1.0,0.0,0.158406,0.428571,1
0.916667,0.4,0.268744,0.253321,1.0,0.29176,0.5,0.083333,0.671861,0.714286,1
0.5,0.2,0.7477,0.558507,0.0,0.368177,0.166667,0.416667,1.0,0.857143,1
0.545455,0.6,1.0,1.0,0.428571,0.131438,1.0,0.0,1.0,0.571429,1
0.545455,0.8,0.633574,0.514499,0.285714,0.161858,1.0,0.0,0.791967,0.571429,0
1.0,0.4,0.50284,0.30735,1.0,0.21504,0.333333,0.181818,1.0,0.714286,1
0.727273,1.0,0.732744,0.415734,0.428571,0.231664,1.0,0.0,0.732744,1.0,0
0.727273,0.4,0.087047,0.06302,0.857143,0.181549,1.0,0.0,0.217617,0.714286,0
0.909091,0.4,0.976518,0.138817,0.857143,0.924612,0.333333,0.181818,1.0,0.714286,1
0.727273,0.4,0.369048,0.3764,0.571429,0.128871,0.333333,0.181818,0.922619,1.0,1
0.727273,0.4,0.556793,0.394344,0.0,0.185584,0.142857,0.545455,1.0,1.0,1
0.75,0.8,0.355375,0.187683,0.6,0.477812,0.333333,0.166667,0.444218,1.0,0
0.666667,0.6,0.910866,0.567742,0.6,0.404855,0.333333,0.166667,1.0,1.0,1
1.0,1.0,1.0,0.617889,1.0,0.408401,0.333333,0.166667,1.0,1.0,1
0.75,0.8,0.699128,1.0,0.0,0.176422,0.166667,0.416667,0.873911,1.0,1
0.75,1.0,0.345148,0.595015,0.6,0.146378,0.5,0.083333,0.345148,1.0,0
0.5,1.0,0.426148,0.435191,0.2,0.247102,1.0,0.0,0.426148,1.0,0
0.583333,0.2,0.179457,0.095287,0.5,0.453226,0.25,0.25,0.897286,1.0,1
0.416667,0.2,0.295583,0.375768,0.166667,0.189298,0.25,0.25,1.0,0.714286,1
0.75,1.0,1.0,1.0,0.166667,0.240651,0.25,0.25,1.0,1.0,1
0.833333,1.0,0.874401,0.94877,0.666667,0.221787,0.5,0.083333,0.874401,1.0,0
1.0,0.6,0.602555,0.248207,0.333333,0.584211,0.125,0.583333,1.0,1.0,1
0.833333,0.6,0.372751,0.068904,1.0,1.0,0.5,0.083333,0.621252,0.857143,0
0.833333,0.4,0.752422,0.60707,0.166667,0.29827,0.125,0.583333,1.0,1.0,1
1.0,0.4,0.282171,0.445953,0.833333,0.152269,0.166667,0.416667,0.705428,0.857143,0
0.833333,0.6,0.703821,0.46998,1.0,0.23103,1.0,0.0,1.0,0.857143,0
0.666667,0.4,0.165079,0.03392,0.714286,0.750802,0.5,0.083333,0.412698,1.0,1
1.0,1.0,0.383304,0.148921,0.428571,0.397077,0.2,0.333333,0.383304,1.0,0
0.916667,0.6,0.881011,0.568293,0.857143,0.239164,0.333333,0.166667,1.0,0.857143,1
0.916667,1.0,0.897707,1.0,0.285714,0.138491,0.2,0.333333,0.897707,1.0,1
0.916667,1.0,0.709818,0.393978,0.714286,0.277947,0.5,0.083333,0.709818,1.0,0
0.833333,1.0,0.425867,0.378378,0.285714,0.173634,0.25,0.25,0.425867,1.0,0
0.5,0.6,1.0,0.080537,0.285714,1.0,0.5,0.083333,1.0,0.714286,0
1.0,0.4,0.329385,0.468565,0.333333,0.252407,0.142857,0.545455,0.823463,1.0,1
0.545455,0.2,0.279019,0.043269,0.444444,1.0,0.5,0.090909,1.0,0.5,0
0.909091,0.2,0.973324,1.0,1.0,0.349482,1.0,0.0,1.0,0.5,1
1.0,1.0,1.0,0.565089,0.555556,0.635406,0.5,0.090909,1.0,1.0,1
0.818182,0.4,0.392625,0.89608,0.666667,0.157326,0.5,0.090909,0.981563,0.5,0
0.5,0.75,1.0,0.431812,0.111111,0.513105,0.333333,0.166667,1.0,0.666667,1
0.833333,0.25,0.849057,0.552383,1.0,0.340563,1.0,0.0,1.0,0.333333,1
0.416667,1.0,0.351012,0.1922,0.111111,0.404642,1.0,0.0,0.351012,0.666667,0
1.0,0.25,0.811781,1.0,0.0,0.179862,0.083333,0.916667,1.0,1.0,1
0.833333,0.2,0.210658,0.093516,1.0,0.304532,1.0,0.0,1.0,0.4,1
1.0,0.4,0.126959,0.090691,0.888889,0.189252,0.333333,0.166667,0.317398,0.8,1
0.583333,1.0,1.0,1.0,0.222222,0.135189,1.0,0.0,1.0,0.6,1
0.833333,0.4,0.997388,0.044074,0.444444,1.0,0.2,0.333333,1.0,1.0,1
0.75,1.0,0.791223,0.841362,0.333333,0.127132,0.5,0.083333,0.791223,0.8,0
0.75,1.0,0.234274,0.103404,0.333333,0.306284,0.5,0.083333,0.234274,0.8,0
0.636364,0.6,0.442072,0.302538,0.25,0.426081,0.333333,0.181818,0.736787,0.833333,1
0.909091,0.4,0.196764,0.263283,0.25,0.217922,0.142857,0.545455,0.491909,1.0,0
0.454545,1.0,0.316562,0.306899,0.0,0.300775,1.0,0.0,0.316562,0.666667,0
0.909091,0.8,0.345934,0.404044,0.0,0.249657,0.142857,0.545455,0.432418,1.0,1
1.0,0.4,0.647539,1.0,1.0,0.188818,0.5,0.090909,1.0,0.5,1
0.272727,0.2,0.109056,0.111816,0.25,0.284397,1.0,0.0,0.545281,0.666667,0
1.0,0.4,1.0,0.200238,0.75,1.0,0.25,0.272727,1.0,0.666667,1
1.0,0.5,0.734768,0.039002,1.0,1.0,0.2,0.333333,1.0,1.0,1
0.916667,1.0,0.422352,0.069249,0.5,1.0,0.2,0.333333,0.422352,1.0,1
0.583333,1.0,0.446188,0.626691,0.166667,0.155334,0.333333,0.166667,0.446188,1.0,1
0.666667,0.25,0.310592,0.264526,0.0,0.256169,0.125,0.583333,1.0,1.0,0
1.0,0.5,0.582391,0.185195,0.0,0.686103,0.090909,0.833333,1.0,1.0,1
1.0,0.25,1.0,1.0,0.5,0.218175,0.111111,0.666667,1.0,1.0,1
1.0,1.0,0.521374,0.170727,0.0,0.609123,0.142857,0.6,0.521374,1.0,1
1.0,0.25,0.877565,1.0,0.5,0.17504,0.166667,0.5,1.0,1.0,1
0.9,0.75,1.0,0.194888,0.75,1.0,1.0,0.0,1.0,1.0,1
1.0,0.5,0.500851,0.02496,1.0,1.0,1.0,0.0,1.0,0.714286,0
0.8,0.75,0.437181,0.686302,0.5,0.127058,0.5,0.1,0.582908,0.857143,0
0.9,0.5,0.328862,0.416933,0.375,0.157328,0.2,0.4,0.657723,1.0,1
0.9,0.5,0.187206,0.200679,0.25,0.18607,0.166667,0.5,0.374412,1.0,0
0.8,0.25,0.222244,0.32488,0.25,0.136447,0.166667,0.5,0.888978,0.857143,1
0.5,0.2,0.172333,0.160049,1.0,0.183678,1.0,0.0,0.861664,1.0,0
0.666667,0.6,0.533844,0.32271,1.0,0.282191,1.0,0.0,0.88974,1.0,0
1.0,0.6,0.799694,0.801985,0.6,0.170098,0.142857,0.5,1.0,1.0,1
0.833333,0.6,0.754569,1.0,0.8,0.128718,0.25,0.25,1.0,1.0,1
0.583333,0.6,1.0,0.581853,0.4,0.293176,0.333333,0.166667,1.0,1.0,1
0.75,0.4,0.851455,0.046151,0.8,1.0,0.25,0.25,1.0,1.0,1
0.833333,1.0,0.280551,0.151167,0.0,0.31659,0.166667,0.416667,0.280551,1.0,0
1.0,1.0,0.575016,0.480825,0.5,0.15887,0.2,0.333333,0.575016,1.0,1
0.666667,0.2,1.0,1.0,1.0,0.132846,0.5,0.083333,1.0,1.0,1
0.75,1.0,0.18589,0.134136,0.0,0.184103,0.2,0.333333,0.18589,1.0,0
1.0,0.8,0.468867,0.192605,1.0,0.323393,0.333333,0.166667,0.586084,1.0,1
0.416667,0.2,1.0,0.964427,0.142857,0.357787,0.25,0.25,1.0,0.666667,1
0.5,0.6,0.074456,0.192239,0.285714,0.133645,0.5,0.083333,0.124093,0.666667,1
1.0,1.0,0.569093,0.041322,0.571429,1.0,0.25,0.25,0.569093,1.0,0
0.75,0.4,0.75945,1.0,1.0,0.262055,1.0,0.0,1.0,0.333333,1
0.583333,0.2,0.98831,0.628661,0.75,0.239143,1.0,0.0,1.0,0.666667,0
0.75,1.0,0.29792,0.094404,0.375,0.480055,0.5,0.083333,0.29792,1.0,0
1.0,1.0,0.496304,0.309623,0.5,0.243834,0.25,0.25,0.496304,1.0,0
0.833333,0.2,0.878288,0.89932,1.0,0.148561,0.5,0.083333,1.0,0.666667,1
0.916667,0.2,1.0,0.152458,0.875,0.99777,0.25,0.25,1.0,0.666667,1
0.583333,0.2,0.979371,0.811454,0.25,0.183597,0.2,0.333333,1.0,0.666667,1
0.75,1.0,0.846141,1.0,0.25,0.128713,0.333333,0.166667,0.846141,1.0,1
0.333333,0.6,1.0,0.925285,0.0,0.436435,0.5,0.083333,1.0,0.666667,1
0.75,0.8,0.880302,0.480638,0.75,0.739621,0.333333,0.166667,1.0,1.0,1
1.0,1.0,0.973263,0.424601,1.0,0.925644,0.25,0.25,0.973263,0.666667,1
0.833333,0.8,0.400384,1.0,0.25,0.161686,0.166667,0.416667,0.500479,1.0,0
0.833333,0.4,1.0,1.0,1.0,0.137538,1.0,0.0,1.0,0.333333,1
0.5,0.6,0.299286,0.132024,0.125,0.311785,0.333333,0.166667,0.49881,0.333333,1
1.0,1.0,0.157606,0.072508,0.375,0.298958,0.2,0.333333,0.157606,1.0,0
0.666667,0.4,0.850412,0.762689,0.75,0.153357,1.0,0.0,1.0,0.333333,1
1.0,0.5,0.086707,0.078067,0.5,0.293939,0.142857,0.545455,0.173413,1.0,1
1.0,0.75,1.0,0.914836,1.0,0.289287,0.333333,0.181818,1.0,1.0,1
0.727273,1.0,0.108288,0.046299,0.5,0.618978,0.5,0.090909,0.108288,1.0,0
0.727273,0.25,0.310816,0.549848,0.0,0.1496,0.125,0.636364,1.0,1.0,1
0.818182,1.0,0.530073,0.320716,0.0,0.437408,0.166667,0.454545,0.530073,1.0,0
0.818182,1.0,0.647555,1.0,0.666667,0.171375,0.5,0.090909,0.647555,1.0,1
0.909091,0.5,0.449623,0.93241,0.166667,0.127619,0.125,0.636364,0.899247,1.0,1
0.909091,0.2,0.349784,0.043758,0.4,1.0,0.125,0.636364,1.0,1.0,1
1.0,0.6,0.725614,0.332313,1.0,0.316805,0.25,0.272727,1.0,1.0,1
0.818182,0.4,0.31277,0.276775,0.4,0.163958,0.166667,0.454545,0.781926,1.0,1
0.818182,1.0,0.947801,0.216952,0.6,0.63385,0.5,0.090909,0.947801,1.0,0
0.636364,1.0,0.502267,0.258568,0.4,0.281834,1.0,0.0,0.502267,1.0,0
0.818182,0.4,0.706633,0.319002,0.0,0.321391,0.125,0.636364,1.0,1.0,1
1.0,0.4,1.0,1.0,0.4,0.145089,0.125,0.636364,1.0,1.0,1
0.727273,0.4,0.78066,0.876683,1.0,0.129197,0.5,0.090909,1.0,1.0,1
0.454545,0.25,0.702279,0.182765,0.0,0.555239,0.2,0.363636,1.0,0.4,1
1.0,1.0,0.26087,0.277843,0.75,0.135671,0.5,0.090909,0.26087,0.8,0
0.818182,1.0,1.0,1.0,0.5,0.144499,0.5,0.090909,1.0,1.0,1
0.818182,1.0,0.922344,0.471359,0.125,0.282751,0.2,0.363636,0.922344,1.0,1
0.909091,0.5,0.654383,0.725349,1.0,0.130361,1.0,0.0,1.0,0.8,1
0.818182,0.25,0.345385,0.0766,0.75,0.651535,0.333333,0.181818,1.0,0.8,0
1.0,1.0,0.833619,0.929112,0.555556,0.224464,0.333333,0.166667,0.833619,1.0,0
0.833333,0.2,0.757588,0.360494,1.0,0.525752,1.0,0.0,1.0,0.6,1
0.833333,0.8,1.0,1.0,0.555556,0.250177,0.5,0.083333,1.0,1.0,1
0.583333,1.0,0.907633,0.236377,0.0,0.960619,0.333333,0.166667,0.907633,0.8,1
0.833333,0.8,0.675204,0.421039,0.111111,0.401198,0.166667,0.416667,0.844005,1.0,0
0.666667,1.0,0.170616,0.161453,0.333333,0.264375,1.0,0.0,0.170616,0.8,0
1.0,0.8,0.441779,0.178999,0.375,0.625386,0.166667,0.416667,0.552223,1.0,0
1.0,0.4,0.410154,0.813325,1.0,0.127784,0.333333,0.166667,1.0,1.0,0
0.833333,1.0,0.778262,1.0,0.375,0.197206,0.333333,0.166667,0.778262,1.0,0
0.833333,0.6,0.892524,0.929997,0.0,0.243183,0.125,0.583333,1.0,1.0,1
0.833333,1.0,1.0,0.866749,0.375,0.292349,0.333333,0.166667,1.0,1.0,1
1.0,0.8,0.535684,0.949954,0.25,0.142889,0.142857,0.5,0.669605,1.0,1
0.833333,0.4,0.072337,0.113601,0.0,0.161351,0.111111,0.666667,0.180843,1.0,0
0.833333,1.0,0.11283,0.107402,0.111111,0.423874,0.2,0.333333,0.11283,1.0,1
1.0,0.2,1.0,1.0,0.555556,0.403483,0.142857,0.5,1.0,1.0,1
0.5,0.4,0.355036,0.676826,0.0,0.211651,0.2,0.333333,0.88759,0.666667,1
0.833333,0.2,0.257434,0.171263,1.0,0.606497,1.0,0.0,1.0,0.666667,1
0.7,0.666667,0.093371,0.040417,0.6,0.353459,0.333333,0.2,0.140056,1.0,0
0.4,1.0,0.326134,0.165226,0.2,0.302,1.0,0.0,0.326134,0.5,1
0.8,1.0,0.26217,0.286731,1.0,0.139894,1.0,0.0,0.26217,0.75,1
0.9,0.666667,0.601595,0.535841,1.0,0.171774,0.333333,0.2,0.902392,0.75,1
1.0,0.333333,1.0,1.0,0.6,0.152999,0.142857,0.6,1.0,1.0,1
0.833333,0.6,0.245334,0.533647,0.428571,0.158644,0.2,0.333333,0.408891,1.0,1
0.666667,0.4,0.898826,1.0,0.285714,0.310166,0.2,0.333333,1.0,1.0,1
0.75,0.4,0.059656,0.105282,0.857143,0.195533,0.5,0.083333,0.14914,0.857143,0
0.5,0.6,0.178234,0.476483,0.428571,0.129081,1.0,0.0,0.297057,0.571429,0
0.583333,0.6,0.213462,0.356729,0.571429,0.206491,1.0,0.0,0.35577,0.857143,0
0.916667,0.8,0.800797,0.890376,0.857143,0.310362,0.5,0.083333,1.0,0.857143,1
0.833333,1.0,1.0,0.357453,0.571429,0.965385,0.5,0.083333,1.0,1.0,0
1.0,0.4,0.249738,0.350579,1.0,0.24582,0.25,0.25,0.624345,0.714286,1
1.0,0.6,1.0,0.513248,1.0,0.326886,0.333333,0.166667,1.0,0.5,1
0.583333,0.6,0.997026,0.679972,0.285714,0.246002,0.333333,0.166667,1.0,0.5,1
0.916667,0.4,0.828633,0.369064,0.571429,0.37669,0.166667,0.416667,1.0,1.0,1
0.583333,1.0,0.768331,1.0,0.0,0.128906,0.333333,0.166667,0.768331,0.5,1
0.916667,0.6,0.091683,0.069339,1.0,0.221836,0.5,0.083333,0.152805,0.5,0
0.583333,1.0,1.0,1.0,0.166667,0.164276,0.5,0.083333,1.0,1.0,1
1.0,1.0,0.436048,0.216972,0.666667,0.330145,0.25,0.25,0.436048,1.0,0
0.583333,1.0,0.421047,0.401705,0.0,0.172186,0.333333,0.166667,0.421047,1.0,0
0.916667,0.6,0.117866,0.089494,1.0,0.216356,0.333333,0.166667,0.196443,1.0,0
1.0,1.0,0.621363,0.171762,0.333333,0.594283,0.166667,0.416667,0.621363,1.0,0
1.0,1.0,0.399955,0.240319,0.166667,0.2734,0.142857,0.5,0.399955,1.0,0
0.916667,0.8,0.901308,0.039466,0.166667,1.0,0.142857,0.5,1.0,1.0,1
1.0,0.6,0.182259,0.129716,0.75,0.203245,0.25,0.25,0.303765,1.0,0
0.75,0.4,1.0,1.0,0.625,0.144652,0.333333,0.166667,1.0,1.0,1
0.666667,0.6,0.858375,0.398659,0.625,0.311459,1.0,0.0,1.0,0.857143,1
0.583333,1.0,0.241862,0.108201,0.125,0.323343,0.5,0.083333,0.241862,0.857143,0
0.833333,0.2,0.41496,0.385407,1.0,0.155744,0.5,0.083333,1.0,0.428571,1
0.75,0.8,0.511856,0.334269,0.125,0.221502,0.2,0.333333,0.63982,1.0,0
0.583333,0.4,0.715456,0.08918,0.5,1.0,0.5,0.083333,1.0,0.857143,0
0.583333,0.4,0.99806,0.114905,0.25,1.0,0.25,0.25,1.0,0.857143,1
0.75,1.0,1.0,1.0,0.166667,0.178748,0.25,0.25,1.0,1.0,1
1.0,0.8,0.216845,0.161364,0.0,0.240206,0.111111,0.666667,0.271056,1.0,0
0.75,0.2,0.36866,0.076939,0.833333,0.856486,0.25,0.25,1.0,1.0,1
0.833333,0.8,0.582015,0.374506,1.0,0.27779,1.0,0.0,0.727519,1.0,1
0.636364,1.0,0.836669,0.88633,0.4,0.174038,0.5,0.090909,0.836669,1.0,1
0.272727,0.75,0.686871,0.247814,0.0,0.511015,1.0,0.0,0.915828,0.25,1
0.818182,0.5,0.523424,0.355086,0.6,0.271772,0.2,0.363636,1.0,0.75,0
0.909091,1.0,1.0,1.0,1.0,0.184368,0.5,0.090909,1.0,0.75,1
1.0,0.5,0.183806,0.181915,0.6,0.186284,0.142857,0.545455,0.367611,0.75,0
1.0,0.6,0.138764,0.080556,0.571429,0.256957,0.166667,0.416667,0.231273,1.0,0
0.5,0.4,0.420399,0.149305,0.428571,0.42002,0.5,0.083333,1.0,0.714286,0
0.583333,0.6,0.487727,0.277985,0.142857,0.26172,0.25,0.25,0.812878,0.857143,1
0.833333,0.8,0.503757,0.261246,0.571429,0.287643,0.333333,0.166667,0.629696,1.0,0
1.0,0.2,0.248472,0.085637,0.857143,0.43281,0.166667,0.416667,1.0,0.714286,1
0.416667,0.6,0.829376,0.872814,0.285714,0.141747,1.0,0.0,1.0,0.714286,0
0.833333,0.2,0.867047,0.117023,1.0,1.0,0.333333,0.166667,1.0,0.571429,1
0.666667,1.0,1.0,1.0,0.428571,0.149171,1.0,0.0,1.0,1.0,1
0.916667,0.4,0.346167,0.194721,1.0,0.261088,0.333333,0.166667,0.865417,1.0,0
1.0,0.8,0.142239,0.129705,0.714286,0.161055,0.25,0.25,0.177799,1.0,0
0.916667,0.6,1.0,1.0,0.857143,0.146863,0.333333,0.166667,1.0,1.0,1
0.75,0.4,0.481416,0.524197,0.857143,0.134877,0.5,0.083333,1.0,1.0,1
0.916667,0.2,0.368468,0.305361,0.714286,0.177215,0.166667,0.416667,1.0,1.0,0
0.916667,1.0,0.842339,0.572267,0.285714,0.216173,0.2,0.333333,0.842339,1.0,1
1.0,0.5,1.0,1.0,1.0,0.701663,0.25,0.25,1.0,1.0,1
0.75,0.25,0.369169,0.157218,0.0,1.0,0.111111,0.666667,1.0,1.0,1
1.0,1.0,0.07476,0.411187,0.714286,0.127574,0.25,0.25,0.07476,1.0,0
1.0,0.75,0.087903,0.451247,0.857143,0.136683,0.25,0.25,0.117203,1.0,1
1.0,0.5,1.0,0.926824,0.875,0.209124,0.333333,0.181818,1.0,0.75,1
0.454545,0.5,0.464041,0.47132,0.375,0.190828,1.0,0.0,0.928082,0.25,1
0.727273,0.5,0.54129,0.668705,0.0,0.156891,0.142857,0.545455,1.0,0.75,1
0.909091,0.25,0.243608,0.086461,1.0,0.546098,0.5,0.090909,0.974432,0.5,0
1.0,1.0,0.996301,1.0,0.75,0.193104,0.5,0.090909,0.996301,0.75,1
1.0,1.0,0.64766,0.479081,0.0,0.241041,0.125,0.583333,0.64766,1.0,1
0.833333,0.6,0.93848,0.912205,0.5,0.183436,0.2,0.333333,1.0,1.0,1
0.833333,0.2,0.928754,0.76783,1.0,0.215669,0.25,0.25,1.0,1.0,1
0.916667,0.4,1.0,1.0,0.666667,0.1783,0.166667,0.416667,1.0,1.0,1
0.916667,1.0,0.077037,0.114569,0.375,0.143504,0.25,0.25,0.077037,0.857143,0
0.583333,0.6,0.626123,0.16802,0.0,0.795302,0.2,0.333333,1.0,0.571429,1
0.666667,0.2,0.316179,0.465494,0.875,0.144961,1.0,0.0,1.0,0.571429,1
1.0,0.8,0.82067,0.774019,0.75,0.226282,0.333333,0.166667,1.0,0.857143,1
1.0,0.8,0.082743,0.069012,0.625,0.255882,0.25,0.25,0.103429,0.857143,0
0.25,0.4,0.456621,0.145918,0.0,0.667852,0.5,0.083333,1.0,0.142857,1
0.75,0.2,1.0,1.0,0.875,0.213419,0.5,0.083333,1.0,0.714286,1
1.0,0.4,0.133256,0.226432,1.0,0.125598,0.333333,0.166667,0.33314,0.571429,0
1.0,0.666667,0.41962,0.435,0.142857,0.22565,0.1,0.75,0.62943,1.0,1
0.583333,0.666667,0.332433,0.388158,0.0,0.200339,0.166667,0.416667,0.49865,0.857143,1
0.583333,0.666667,0.656204,0.642368,0.571429,0.238959,0.5,0.083333,0.984306,0.857143,1
1.0,1.0,0.114299,0.053947,0.428571,0.49561,0.142857,0.5,0.114299,1.0,0
1.0,0.333333,0.17561,0.168947,1.0,0.243146,0.2,0.333333,0.526831,0.714286,1
1.0,0.333333,0.459107,0.56,0.857143,0.191776,0.166667,0.416667,1.0,1.0,1
0.666667,0.666667,1.0,1.0,0.142857,0.233921,0.166667,0.416667,1.0,1.0,1
0.666667,0.333333,0.751491,0.375,0.142857,0.468772,0.142857,0.5,1.0,1.0,1
1.0,1.0,0.906178,0.652375,0.166667,0.195844,0.166667,0.454545,0.906178,1.0,1
0.727273,0.2,0.767489,0.377235,0.166667,0.28685,0.142857,0.545455,1.0,1.0,1
0.909091,1.0,1.0,1.0,0.833333,0.140992,1.0,0.0,1.0,0.6,0
0.909091,0.8,0.290331,0.164776,1.0,0.248425,1.0,0.0,0.362914,0.6,0
0.454545,0.8,0.7904,0.48183,0.166667,0.231285,1.0,0.0,0.987999,0.6,1
0.454545,0.2,0.659348,0.479715,0.5,0.193788,0.5,0.090909,1.0,0.6,1
0.818182,0.8,0.349834,0.215285,0.2,0.501743,0.2,0.363636,0.437293,1.0,0
0.818182,1.0,0.729061,0.62436,0.6,0.360546,0.5,0.090909,0.729061,1.0,0
1.0,1.0,1.0,0.232003,1.0,1.0,0.5,0.090909,1.0,1.0,1
0.636364,0.2,0.368287,0.610031,0.8,0.186409,0.333333,0.181818,1.0,1.0,1
0.818182,0.6,0.681547,1.0,0.6,0.21044,0.25,0.272727,1.0,1.0,1
1.0,0.666667,0.344073,0.080972,1.0,0.5724,0.333333,0.181818,0.51611,0.75,1
1.0,1.0,1.0,1.0,1.0,0.134704,0.5,0.090909,1.0,0.75,1
0.909091,0.333333,0.801395,0.396599,0.428571,0.272193,0.142857,0.545455,1.0,1.0,1
0.636364,0.666667,0.48894,0.084049,0.571429,0.783622,0.5,0.090909,0.733409,0.5,1
0.727273,1.0,0.465376,0.355142,0.0,0.176516,0.166667,0.454545,0.465376,1.0,1
1.0,0.6,0.825143,0.680724,0.166667,0.157629,0.111111,0.666667,1.0,1.0,1
0.5,0.6,0.880793,0.76012,0.0,0.150685,0.25,0.25,1.0,0.833333,1
0.5,0.6,0.385047,0.290772,0.333333,0.172202,0.5,0.083333,0.641744,0.833333,0
0.666667,0.8,0.542388,0.16543,0.5,0.426357,0.5,0.083333,0.677985,1.0,0
0.666667,0.8,1.0,1.0,0.5,0.13004,0.5,0.083333,1.0,1.0,1
0.666667,0.4,0.412471,0.348692,1.0,0.153826,1.0,0.0,1.0,0.666667,1
1.0,1.0,0.319788,0.036574,0.666667,1.0,0.25,0.25,0.319788,1.0,0
0.916667,1.0,0.8658,1.0,0.333333,0.129092,0.2,0.333333,0.8658,1.0,1
0.333333,0.4,1.0,0.234641,0.333333,0.635443,1.0,0.0,1.0,0.6,1
0.75,1.0,0.217551,0.115836,0.5,0.280027,0.5,0.083333,0.217551,1.0,0
0.5,1.0,0.434682,0.215882,0.166667,0.300217,1.0,0.0,0.434682,0.8,0
1.0,0.8,0.459006,0.116305,0.666667,0.588441,0.2,0.333333,0.573758,0.8,1
0.833333,0.6,0.638079,0.565265,1.0,0.168308,0.5,0.083333,1.0,0.6,0
0.833333,0.4,0.829875,1.0,0.375,0.169117,0.166667,0.416667,1.0,1.0,1
1.0,0.8,0.533188,0.441886,0.5,0.245892,0.2,0.333333,0.666486,1.0,0
0.666667,1.0,1.0,0.719725,0.125,0.283144,0.333333,0.166667,1.0,0.857143,1
0.583333,0.6,0.317328,0.107594,0.125,0.601029,0.25,0.25,0.528879,0.857143,0
0.916667,1.0,0.893427,0.159398,0.25,1.0,0.2,0.333333,0.893427,1.0,0
1.0,0.4,0.249973,0.316803,1.0,0.160797,0.333333,0.166667,0.624932,0.571429,1
0.416667,0.2,0.469636,0.044056,0.25,1.0,0.333333,0.166667,1.0,0.857143,1
0.75,0.2,0.105595,0.168917,0.5,0.127392,0.2,0.333333,0.527974,1.0,1
0.833333,0.6,0.264981,0.108635,1.0,0.376224,0.333333,0.166667,0.441635,0.666667,1
1.0,0.2,0.315383,0.054951,0.6,0.885253,0.111111,0.666667,1.0,1.0,1
0.666667,1.0,1.0,0.50114,0.0,0.307782,0.25,0.25,1.0,1.0,1
0.416667,0.4,0.883435,1.0,0.0,0.136262,0.25,0.25,1.0,0.666667,1
0.833333,1.0,0.651591,0.712963,0.428571,0.178751,0.333333,0.166667,0.651591,1.0,1
1.0,0.2,0.567587,0.1513,1.0,0.733724,0.2,0.333333,1.0,1.0,1
0.833333,0.6,0.136986,0.195035,0.285714,0.137374,0.166667,0.416667,0.228311,1.0,0
0.833333,0.6,0.879936,1.0,0.857143,0.172104,0.5,0.083333,1.0,1.0,1
0.833333,0.6,0.241841,0.354216,0.857143,0.133537,0.5,0.083333,0.403069,1.0,0
0.833333,1.0,0.302679,0.029157,0.428571,1.0,0.333333,0.166667,0.302679,1.0,0
0.916667,1.0,0.51672,0.41844,0.0,0.241525,0.142857,0.5,0.51672,1.0,0
1.0,1.0,1.0,0.0855,0.571429,1.0,0.25,0.25,1.0,1.0,0
0.5,0.2,0.1994,0.183463,0.714286,0.221255,1.0,0.0,0.997,0.5,0
0.75,0.2,0.975652,1.0,0.857143,0.198614,0.333333,0.166667,1.0,0.666667,1
0.416667,1.0,1.0,0.964999,0.0,0.210954,1.0,0.0,1.0,0.5,1
0.583333,1.0,0.122086,0.153394,0.0,0.162021,0.333333,0.166667,0.122086,0.833333,0
0.666667,0.2,0.205977,0.213296,0.285714,0.196586,0.166667,0.416667,1.0,1.0,1
0.666667,0.6,0.898915,0.686164,0.285714,0.266689,0.25,0.25,1.0,1.0,1
1.0,0.6,0.71267,0.286587,1.0,0.50623,0.333333,0.166667,1.0,0.5,1
0.727273,0.8,0.492617,0.442766,0.166667,0.15105,0.25,0.272727,0.615771,1.0,1
1.0,1.0,0.539482,0.409064,0.833333,0.179048,0.5,0.090909,0.539482,1.0,0
0.909091,0.4,0.63364,0.151656,1.0,0.567241,0.333333,0.181818,1.0,1.0,0
0.727273,1.0,0.595121,0.130157,0.166667,0.620759,0.333333,0.181818,0.595121,1.0,0
1.0,0.8,0.871603,0.817838,1.0,0.144689,0.5,0.090909,1.0,1.0,1
0.636364,0.4,1.0,1.0,0.666667,0.135764,0.5,0.090909,1.0,1.0,1
0.909091,1.0,0.561952,0.339919,0.833333,0.224444,1.0,0.0,0.561952,1.0,0
0.333333,0.4,0.392446,0.18158,0.0,0.569897,0.333333,0.166667,0.981116,0.6,0
0.75,1.0,1.0,0.037814,0.0,1.0,0.2,0.333333,1.0,1.0,1
0.75,0.8,0.378532,0.645077,0.8,0.15473,0.5,0.083333,0.473165,0.8,0
0.75,1.0,0.257561,0.523774,0.4,0.129664,0.333333,0.166667,0.257561,1.0,0
0.75,0.8,0.886554,1.0,1.0,0.23377,1.0,0.0,1.0,0.8,1
1.0,1.0,0.517961,0.376264,0.0,0.362985,0.125,0.583333,0.517961,1.0,0
1.0,0.6,0.446057,0.507042,0.571429,0.138889,0.166667,0.416667,0.743428,1.0,1
0.833333,0.2,0.552635,0.487324,1.0,0.179037,0.333333,0.166667,1.0,1.0,1
0.666667,1.0,0.682289,0.205258,0.0,0.524794,0.25,0.25,0.682289,1.0,1
1.0,0.2,1.0,1.0,0.0,0.157878,0.083333,0.916667,1.0,1.0,1
0.545455,1.0,0.841879,0.506579,0.285714,0.283117,0.333333,0.181818,0.841879,0.5,1
1.0,1.0,0.511585,0.335161,0.285714,0.260033,0.125,0.636364,0.511585,1.0,1
0.818182,1.0,0.957305,0.669408,0.142857,0.243625,0.142857,0.545455,0.957305,1.0,1
0.909091,0.5,1.0,1.0,0.857143,0.170358,0.25,0.272727,1.0,0.75,1
0.727273,0.5,0.264965,0.142178,1.0,0.317481,1.0,0.0,0.529929,0.75,1
0.909091,0.8,0.496696,0.205644,0.857143,0.371645,1.0,0.0,0.62087,0.75,0
1.0,1.0,0.240728,0.100021,0.571429,0.370332,0.333333,0.181818,0.240728,1.0,0
0.909091,0.2,1.0,0.180743,1.0,0.85132,0.333333,0.181818,1.0,0.75,1
0.545455,0.8,0.932704,1.0,0.285714,0.143515,1.0,0.0,1.0,0.25,1
1.0,0.8,0.716116,0.389085,0.857143,0.2832,0.5,0.090909,0.895145,0.75,1
0.916667,0.4,0.980076,1.0,0.714286,0.148112,0.2,0.333333,1.0,1.0,1
0.833333,0.8,0.066519,0.01848,0.857143,0.543966,1.0,0.0,0.083149,0.833333,0
0.833333,0.8,0.687961,0.663534,0.142857,0.156687,0.166667,0.416667,0.859952,1.0,1
0.916667,0.8,1.0,0.885614,0.857143,0.170642,0.5,0.083333,1.0,0.833333,1
0.916667,0.6,0.368227,0.22447,1.0,0.247906,0.5,0.083333,0.613711,0.833333,0
0.5,1.0,0.576218,0.164091,0.142857,0.53068,1.0,0.0,0.576218,0.5,0
1.0,1.0,0.73308,0.667516,0.714286,0.165967,0.333333,0.166667,0.73308,1.0,0
0.666667,0.6,0.66104,0.679977,0.25,0.175546,0.2,0.333333,1.0,1.0,1
0.75,0.8,0.879393,0.037037,0.0,1.0,0.166667,0.416667,1.0,1.0,0
0.583333,0.6,0.889221,1.0,0.75,0.160571,0.5,0.083333,1.0,1.0,1
0.583333,0.8,0.182886,0.201775,0.5,0.163671,0.5,0.083333,0.228608,1.0,0
0.833333,1.0,0.156394,0.040123,0.5,0.703846,0.25,0.25,0.156394,1.0,0
0.75,1.0,0.723747,0.953318,1.0,0.13709,1.0,0.0,0.723747,1.0,0
0.916667,0.6,1.0,0.344136,1.0,0.52472,0.2,0.333333,1.0,1.0,1
1.0,0.2,0.127764,0.132523,0.0,0.17409,0.083333,0.916667,0.638821,1.0,1
0.666667,1.0,1.0,1.0,0.142857,0.206308,0.166667,0.416667,1.0,1.0,1
0.916667,1.0,0.345381,0.483217,0.714286,0.147459,0.2,0.333333,0.345381,1.0,1
0.75,0.5,0.930553,0.255012,1.0,0.752827,0.5,0.083333,1.0,1.0,1
1.0,1.0,0.826491,0.91462,0.142857,0.186429,0.1,0.75,0.826491,1.0,1
1.0,0.6,0.512941,0.644068,1.0,0.324342,0.25,0.25,0.854901,0.833333,0
0.5,0.2,0.699441,1.0,0.666667,0.284852,0.5,0.083333,1.0,0.833333,1
0.666667,0.6,0.06958,0.143538,0.333333,0.197417,0.25,0.25,0.115967,1.0,0
1.0,0.4,0.707504,0.945975,0.833333,0.304591,0.166667,0.416667,1.0,1.0,1
0.583333,1.0,0.769931,0.443856,0.333333,0.706444,1.0,0.0,0.769931,1.0,0
0.833333,0.4,0.103525,0.235699,0.333333,0.178876,0.142857,0.5,0.258811,1.0,1
1.0,1.0,1.0,0.584216,0.5,0.697099,0.2,0.333333,1.0,1.0,1
0.833333,0.8,0.253715,0.240874,0.285714,0.145875,0.2,0.333333,0.317143,1.0,0
0.416667,0.8,0.422145,0.096547,0.142857,0.605547,1.0,0.0,0.527682,0.5,0
0.916667,1.0,0.985447,1.0,0.142857,0.136476,0.166667,0.416667,0.985447,1.0,1
0.5,0.2,1.0,0.593376,0.714286,0.233397,1.0,0.0,1.0,0.5,1
1.0,0.2,0.534907,0.184778,1.0,0.400915,0.2,0.333333,1.0,0.666667,1
0.833333,0.4,0.845308,0.533615,0.857143,0.219387,0.333333,0.166667,1.0,0.666667,1
1.0,0.8,0.624873,0.030021,0.571429,1.0,0.2,0.333333,0.781091,1.0,0
0.583333,0.4,0.494519,0.13295,0.6,0.751852,0.333333,0.166667,1.0,1.0,1
0.916667,0.8,0.653065,1.0,0.0,0.132007,0.125,0.583333,0.816332,1.0,1
0.416667,0.2,0.270605,0.303857,0.4,0.180014,0.333333,0.166667,1.0,0.833333,1
0.416667,1.0,0.733861,0.949528,0.0,0.156223,1.0,0.0,0.733861,0.833333,1
1.0,0.8,0.313743,0.409725,0.4,0.154782,0.142857,0.5,0.392179,1.0,0
1.0,1.0,0.482745,0.53057,1.0,0.183913,0.333333,0.166667,0.482745,0.666667,0
0.833333,1.0,1.0,0.948092,0.4,0.213201,0.25,0.25,1.0,1.0,0
0.916667,0.2,0.527188,0.197818,1.0,0.37852,0.25,0.25,1.0,1.0,1
0.75,1.0,1.0,1.0,0.571429,0.142033,1.0,0.0,1.0,1.0,1
0.75,1.0,0.859915,0.735429,0.571429,0.166075,1.0,0.0,0.859915,1.0,0
0.666667,0.8,0.389226,0.042061,0.571429,1.0,1.0,0.0,0.486532,1.0,0
0.666667,0.8,0.586113,0.211456,0.571429,0.393686,1.0,0.0,0.732641,1.0,0
1.0,1.0,0.211542,0.201263,0.571429,0.149287,0.25,0.25,0.211542,1.0,0
1.0,1.0,0.557566,0.307355,1.0,0.294237,0.2,0.363636,0.557566,1.0,0
0.636364,1.0,1.0,0.894399,0.0,0.181347,0.333333,0.181818,1.0,1.0,1
0.545455,0.8,0.286947,0.158738,0.0,0.293199,0.333333,0.181818,0.358684,1.0,0
0.363636,0.2,0.976495,1.0,1.0,0.158384,0.5,0.090909,1.0,1.0,1
0.909091,1.0,0.781383,0.562416,0.0,0.225345,0.166667,0.454545,0.781383,1.0,0
1.0,0.2,0.795001,0.488695,0.333333,0.227793,0.1,0.75,1.0,0.857143,1
1.0,0.8,0.950724,0.119745,1.0,1.0,0.333333,0.166667,1.0,0.857143,0
1.0,0.4,1.0,0.024452,0.0,1.0,0.090909,0.833333,1.0,1.0,1
1.0,0.8,0.923813,1.0,0.5,0.129359,0.166667,0.416667,1.0,0.857143,1
0.166667,0.2,0.576366,0.099816,0.166667,0.808557,1.0,0.0,1.0,0.142857,1
0.833333,0.8,0.729578,0.131971,1.0,0.774112,1.0,0.0,0.911972,0.857143,0
0.833333,1.0,0.314197,0.320214,0.666667,0.137395,0.5,0.083333,0.314197,0.857143,0
0.916667,1.0,0.811267,0.5587,0.833333,0.203327,0.5,0.083333,0.811267,0.857143,1
0.666667,0.4,0.468994,0.100568,0.6,0.872177,0.25,0.25,1.0,1.0,0
1.0,0.6,0.82307,0.920519,0.2,0.167225,0.111111,0.666667,1.0,1.0,1
0.833333,1.0,1.0,0.607056,0.2,0.308083,0.2,0.333333,1.0,1.0,1
0.75,0.8,0.709237,0.432685,0.2,0.30656,0.2,0.333333,0.886546,1.0,0
0.916667,0.8,0.90915,1.0,1.0,0.170032,0.333333,0.166667,1.0,1.0,1
1.0,0.6,0.692324,0.122466,1.0,1.0,0.2,0.333333,1.0,1.0,0
0.833333,0.6,0.138419,0.051385,0.142857,1.0,0.142857,0.5,0.230699,1.0,0
0.416667,0.2,0.154203,0.346599,0.285714,0.178924,0.333333,0.166667,0.771013,0.833333,1
1.0,0.8,0.148065,0.405542,0.571429,0.146832,0.2,0.333333,0.185081,1.0,1
0.583333,0.6,1.0,1.0,0.142857,0.402166,0.25,0.25,1.0,0.833333,1
0.916667,0.6,0.894526,0.216121,1.0,1.0,0.5,0.083333,1.0,0.5,1
0.916667,1.0,0.304647,0.503275,0.285714,0.243443,0.2,0.333333,0.304647,1.0,0
0.5,0.8,0.938369,0.431738,0.285714,0.874096,1.0,0.0,1.0,0.833333,0
0.833333,1.0,0.760098,1.0,1.0,0.125382,0.333333,0.166667,0.760098,1.0,1
0.333333,0.4,0.506025,0.57206,0.0,0.145914,0.333333,0.166667,1.0,1.0,1
1.0,0.6,0.825374,0.644948,0.0,0.211102,0.1,0.75,1.0,1.0,1
0.916667,0.4,1.0,0.559175,0.333333,0.294997,0.111111,0.666667,1.0,1.0,1
0.583333,0.8,0.691587,0.355973,1.0,0.320476,1.0,0.0,0.864483,1.0,0
0.583333,1.0,0.068224,0.099587,0.428571,0.125366,1.0,0.0,0.068224,0.833333,0
0.75,1.0,0.285638,0.398591,0.142857,0.13114,0.2,0.333333,0.285638,1.0,1
0.416667,0.25,0.234935,0.247753,0.285714,0.173529,0.333333,0.166667,0.93974,0.833333,0
0.833333,0.5,0.808336,0.070197,0.571429,1.0,0.2,0.333333,1.0,1.0,1
1.0,0.5,0.764534,1.0,1.0,0.139908,0.25,0.25,1.0,0.666667,1
0.833333,1.0,1.0,0.159339,0.285714,1.0,0.2,0.333333,1.0,1.0,1
0.666667,1.0,0.479161,0.4547,0.571429,0.192842,1.0,0.0,0.479161,1.0,0
0.666667,0.8,0.361887,0.58583,0.0,0.198014,0.2,0.333333,0.452359,1.0,1
0.833333,0.4,0.120409,0.118435,0.5,0.325893,0.166667,0.416667,0.301023,1.0,0
0.75,0.8,0.976028,0.381036,0.333333,0.821092,0.25,0.25,1.0,1.0,1
0.833333,0.8,0.169892,0.188932,1.0,0.288246,1.0,0.0,0.212365,1.0,0
0.833333,0.8,0.451506,0.109975,1.0,1.0,1.0,0.0,0.564383,1.0,0
1.0,1.0,1.0,1.0,0.333333,0.32055,0.166667,0.416667,1.0,1.0,1
1.0,0.6,0.790392,0.683459,1.0,0.193711,0.2,0.333333,1.0,0.857143,1
1.0,0.8,0.417573,0.494842,1.0,0.141348,0.25,0.25,0.521967,0.857143,0
0.416667,0.2,0.076986,0.096974,0.8,0.132979,1.0,0.0,0.384931,0.571429,1
0.583333,1.0,1.0,1.0,0.4,0.167503,1.0,0.0,1.0,1.0,0
0.666667,0.6,0.761856,0.999656,1.0,0.127657,1.0,0.0,1.0,0.857143,1
1.0,0.6,0.30076,0.229195,0.8,0.219805,0.166667,0.416667,0.501266,1.0,0
0.583333,0.8,0.571546,0.418501,0.2,0.228759,0.333333,0.166667,0.714432,1.0,1
0.75,1.0,0.50852,0.177442,0.0,0.480039,0.2,0.333333,0.50852,1.0,0
1.0,0.8,1.0,1.0,0.833333,0.188869,0.25,0.25,1.0,0.75,1
0.833333,0.4,0.956274,0.422801,0.666667,0.427176,0.2,0.333333,1.0,1.0,1
0.916667,1.0,0.159458,0.035907,0.666667,0.83875,0.333333,0.166667,0.159458,1.0,0
0.833333,0.2,0.737286,0.06351,1.0,1.0,0.25,0.25,1.0,0.75,1
0.416667,0.6,0.511407,0.754264,0.166667,0.128057,0.5,0.083333,0.852345,0.5,1
1.0,1.0,0.12934,0.018249,0.833333,1.0,0.333333,0.166667,0.12934,0.857143,0
0.416667,0.6,0.193658,0.135163,0.333333,0.211855,1.0,0.0,0.322764,0.714286,0
0.916667,0.8,0.932671,0.454748,1.0,0.303263,0.5,0.083333,1.0,0.714286,1
0.5,1.0,0.88541,0.636647,0.0,0.20564,0.5,0.083333,0.88541,0.857143,1
0.583333,0.4,0.166466,0.168843,0.666667,0.145782,0.5,0.083333,0.416165,1.0,0
0.833333,0.4,0.903672,1.0,0.666667,0.13362,0.2,0.333333,1.0,1.0,1
0.666667,0.6,1.0,0.259644,0.666667,0.569486,0.5,0.083333,1.0,1.0,0
0.75,0.4,0.108669,0.069139,0.166667,0.232403,0.142857,0.5,0.271674,1.0,0
1.0,0.6,0.766317,1.0,0.285714,0.139629,0.125,0.583333,1.0,1.0,1
0.666667,0.2,0.324611,0.346197,0.285714,0.170847,0.166667,0.416667,1.0,1.0,1
1.0,0.2,0.576011,0.597217,1.0,0.175738,0.2,0.333333,1.0,1.0,1
0.916667,0.6,0.428571,0.18961,0.714286,0.41184,0.25,0.25,0.714286,1.0,0
0.833333,1.0,1.0,0.062709,0.571429,1.0,0.5,0.083333,1.0,1.0,1
1.0,1.0,1.0,0.945063,0.833333,0.282637,0.333333,0.166667,1.0,1.0,1
0.833333,0.6,0.534077,0.89623,1.0,0.159175,0.5,0.083333,0.890129,1.0,0
0.583333,0.6,0.639602,1.0,0.333333,0.170844,0.333333,0.166667,1.0,1.0,1
0.916667,0.8,0.583412,0.956553,0.166667,0.162913,0.142857,0.5,0.729265,1.0,1
0.545455,0.8,0.335183,0.618722,0.4,0.142171,1.0,0.0,0.418979,1.0,0
0.363636,0.8,0.145963,0.267459,0.0,0.143222,1.0,0.0,0.182454,0.8,0
0.636364,0.6,0.062054,0.112036,0.2,0.145358,0.25,0.272727,0.103424,1.0,0
1.0,1.0,0.983014,0.559881,1.0,0.460775,0.5,0.090909,0.983014,0.8,1
0.727273,1.0,1.0,0.03685,0.6,1.0,1.0,0.0,1.0,1.0,0
1.0,0.8,0.701506,1.0,0.6,0.184101,0.2,0.363636,0.876883,1.0,1
0.583333,1.0,0.179231,0.173606,0.125,0.232927,0.333333,0.166667,0.179231,0.333333,1
1.0,0.5,0.487332,0.354975,1.0,0.309742,0.333333,0.166667,0.974664,0.333333,1
0.583333,0.5,0.580857,0.215243,0.25,0.608852,0.25,0.25,1.0,0.333333,1
0.833333,0.5,1.0,1.0,1.0,0.225618,1.0,0.0,1.0,0.333333,1
0.8,0.6,0.415247,0.576291,0.4,0.202073,0.25,0.3,0.692078,1.0,0
0.7,1.0,0.054514,0.038519,0.4,0.396899,1.0,0.0,0.054514,1.0,0
1.0,1.0,0.665566,0.199463,0.4,0.935778,0.25,0.3,0.665566,1.0,1
0.5,0.6,1.0,0.798149,0.2,0.351366,0.5,0.1,1.0,0.833333,1
0.7,0.2,0.375639,0.66378,1.0,0.158704,0.5,0.1,1.0,0.833333,1
0.7,0.8,0.828152,1.0,0.2,0.232248,0.333333,0.2,1.0,1.0,0
0.8,0.4,0.345826,0.507017,0.0,0.191284,0.142857,0.6,0.864566,1.0,1
0.727273,1.0,0.663131,1.0,0.5,0.263026,1.0,0.0,0.663131,0.6,0
0.363636,0.5,0.996786,0.096048,0.0,1.0,0.333333,0.181818,1.0,0.4,1
0.454545,0.25,0.15772,0.174246,0.0,0.359024,0.2,0.363636,0.63088,0.8,1
0.727273,0.75,0.132112,0.167871,0.375,0.312152,0.333333,0.181818,0.176149,0.8,0
0.909091,0.5,1.0,0.864853,1.0,0.458624,1.0,0.0,1.0,0.2,1
1.0,1.0,0.867781,0.822779,0.5,0.418337,0.25,0.272727,0.867781,0.8,1
0.583333,1.0,0.191144,0.113912,0.0,0.224357,0.333333,0.166667,0.191144,0.5,1
0.833333,1.0,0.10434,0.040055,0.571429,0.348293,0.5,0.083333,0.10434,1.0,0
1.0,0.6,0.965074,1.0,1.0,0.129035,0.333333,0.166667,1.0,0.75,1
0.75,0.4,1.0,0.121727,1.0,1.0,1.0,0.0,1.0,0.75,0
1.0,1.0,0.69034,0.688941,0.714286,0.133976,0.333333,0.166667,0.69034,1.0,1
1.0,0.8,0.068647,0.074279,1.0,0.146744,0.2,0.333333,0.085808,1.0,0
0.75,1.0,1.0,1.0,0.5,0.158784,0.333333,0.166667,1.0,1.0,1
0.916667,1.0,0.775674,0.037485,1.0,1.0,0.333333,0.166667,0.775674,1.0,0
0.416667,0.6,0.916449,0.708585,0.5,0.205363,1.0,0.0,1.0,1.0,1
0.666667,0.8,0.766971,0.36103,1.0,0.337321,1.0,0.0,0.958714,1.0,0
1.0,1.0,0.142412,0.043945,0.666667,0.503937,0.25,0.25,0.142412,1.0,0
0.75,0.2,1.0,0.325606,1.0,0.477577,0.333333,0.166667,1.0,1.0,1
0.916667,0.8,0.896084,1.0,1.0,0.139343,0.5,0.083333,1.0,1.0,1
0.75,0.2,0.415443,0.234256,1.0,0.275775,0.333333,0.166667,1.0,1.0,1
1.0,0.4,0.257454,0.202422,1.0,0.197778,0.2,0.333333,0.643636,1.0,0
0.727273,0.25,0.351568,0.038158,0.25,1.0,0.166667,0.454545,1.0,0.857143,1
0.818182,0.75,1.0,1.0,0.375,0.20079,0.25,0.272727,1.0,1.0,1
0.909091,0.5,0.41523,0.321341,0.75,0.259457,0.333333,0.181818,0.83046,0.857143,1
0.909091,1.0,0.484593,0.685473,0.75,0.141948,1.0,0.0,0.484593,0.857143,0
1.0,0.25,0.938645,0.383211,1.0,0.491821,0.333333,0.181818,1.0,0.428571,1
0.636364,0.5,0.342066,0.294903,0.5,0.232902,0.5,0.090909,0.684132,0.857143,0
0.545455,0.25,0.653862,0.156173,0.5,0.840663,0.5,0.090909,1.0,0.571429,1
0.727273,0.25,0.38591,0.544563,0.625,0.142292,0.333333,0.181818,1.0,0.857143,1
1.0,1.0,0.202655,0.12764,0.0,0.241546,0.125,0.583333,0.202655,1.0,0
0.5,0.4,0.076097,0.022198,0.333333,0.521528,0.333333,0.166667,0.190242,0.857143,0
0.75,0.8,0.921978,0.41298,0.666667,0.339642,0.5,0.083333,1.0,1.0,1
0.833333,0.4,0.418786,0.119161,0.333333,0.53467,0.142857,0.5,1.0,1.0,1
0.666667,0.2,1.0,1.0,1.0,0.152135,0.5,0.083333,1.0,0.571429,1
0.416667,0.2,0.858344,0.61893,0.5,0.210984,0.5,0.083333,1.0,0.857143,1
0.75,1.0,0.562468,0.642824,0.0,0.133118,0.2,0.333333,0.562468,1.0,0
0.416667,0.6,0.196271,0.108833,0.0,0.274363,0.333333,0.166667,0.327119,0.857143,1
0.636364,0.5,0.165,0.091144,0.285714,0.281004,0.25,0.272727,0.33,0.8,0
1.0,1.0,1.0,0.36796,0.428571,0.42185,0.2,0.363636,1.0,1.0,0
0.818182,1.0,0.957949,1.0,0.285714,0.148697,0.25,0.272727,0.957949,1.0,1
0.454545,1.0,0.813077,0.955224,0.0,0.132125,0.5,0.090909,0.813077,0.8,1
1.0,0.75,0.812308,0.922189,0.428571,0.136729,0.166667,0.454545,1.0,1.0,1
1.0,0.25,0.585256,0.317214,1.0,0.286386,0.25,0.272727,1.0,0.6,1
0.8,0.6,0.336576,0.247032,0.0,0.249428,0.166667,0.5,0.560959,0.833333,0
0.6,0.8,0.116103,0.109949,0.0,0.193316,0.333333,0.2,0.145129,0.666667,0
1.0,1.0,0.776594,0.089316,0.0,1.0,0.166667,0.5,0.776594,1.0,1
1.0,0.2,0.305851,0.13143,1.0,0.426022,1.0,0.0,1.0,0.666667,1
1.0,0.2,0.995523,1.0,0.666667,0.18225,0.25,0.3,1.0,0.833333,1
1.0,0.8,1.0,0.714528,0.0,0.25621,0.142857,0.6,1.0,1.0,1
1.0,0.8,0.438166,0.120972,0.111111,0.663084,0.166667,0.5,0.547707,1.0,0
0.916667,0.2,0.662118,0.088371,1.0,1.0,0.333333,0.166667,1.0,0.833333,0
1.0,0.4,0.801747,0.770637,0.75,0.1914,0.2,0.333333,1.0,0.833333,1
0.833333,0.6,1.0,0.141796,0.75,1.0,0.5,0.083333,1.0,0.833333,0
0.75,0.6,0.254258,0.034344,0.25,1.0,0.2,0.333333,0.423763,1.0,0
0.916667,0.4,0.856223,0.324764,0.875,0.485034,0.333333,0.166667,1.0,0.833333,1
0.833333,1.0,0.960699,1.0,0.5,0.176742,0.5,0.083333,0.960699,1.0,1
0.5,0.2,0.323908,0.177345,0.375,0.336014,0.333333,0.166667,1.0,0.333333,1
0.916667,0.8,0.304588,0.597587,0.428571,0.12852,0.2,0.333333,0.380735,1.0,0
0.916667,1.0,0.181673,0.252088,0.714286,0.181718,0.5,0.083333,0.181673,1.0,0
1.0,0.4,0.4605,0.095268,1.0,1.0,0.25,0.25,1.0,0.857143,1
0.833333,0.6,0.223871,0.070523,0.428571,0.800439,0.2,0.333333,0.373119,1.0,1
0.75,0.6,0.998037,0.355397,0.0,0.708094,0.142857,0.5,1.0,1.0,1
0.75,0.8,0.275761,0.26477,0.428571,0.262617,0.333333,0.166667,0.344701,1.0,0
0.583333,0.4,1.0,1.0,0.714286,0.25215,1.0,0.0,1.0,0.857143,1
0.833333,0.6,0.318449,0.524899,0.714286,0.152976,0.333333,0.166667,0.530749,1.0,1
1.0,0.6,0.846233,1.0,0.714286,0.264406,0.25,0.272727,1.0,1.0,1
0.636364,0.4,1.0,0.753498,0.714286,0.414667,1.0,0.0,1.0,0.666667,1
0.727273,0.2,0.279513,0.466451,1.0,0.187231,1.0,0.0,1.0,0.333333,1
0.545455,1.0,0.376665,0.538931,0.142857,0.218375,1.0,0.0,0.376665,0.666667,1
1.0,0.4,0.852495,1.0,0.333333,0.141555,0.125,0.583333,1.0,1.0,1
1.0,0.2,0.923354,0.402947,1.0,0.380498,0.333333,0.166667,1.0,0.75,1
0.833333,0.8,1.0,0.603246,0.333333,0.275257,0.25,0.25,1.0,1.0,1
0.916667,0.8,0.834105,0.750374,0.111111,0.184576,0.142857,0.5,1.0,1.0,1
0.75,1.0,0.069573,0.026052,0.333333,0.443443,0.5,0.083333,0.069573,0.75,0
0.166667,0.4,0.90294,1.0,0.0,0.172661,1.0,0.0,1.0,0.0,1
0.916667,1.0,0.928514,0.196573,0.25,0.903232,0.2,0.333333,0.928514,0.75,1
0.583333,0.6,1.0,0.3402,0.375,0.562083,0.5,0.083333,1.0,0.5,1
1.0,0.8,0.072292,0.091452,0.625,0.151158,0.25,0.25,0.090364,0.75,0
1.0,0.4,0.43818,0.490566,1.0,0.170801,0.333333,0.166667,1.0,0.5,1
0.727273,0.666667,0.932494,1.0,0.75,0.193688,1.0,0.0,1.0,0.333333,1
0.909091,1.0,0.958216,0.963481,0.5,0.206575,0.25,0.272727,0.958216,1.0,1
1.0,0.333333,1.0,0.481289,1.0,0.431569,0.333333,0.181818,1.0,0.333333,1
0.454545,0.333333,0.204363,0.219567,0.125,0.193326,0.25,0.272727,0.613089,0.333333,1
0.8,1.0,0.107743,0.158462,0.125,0.179044,0.333333,0.2,0.107743,0.666667,1
0.3,0.2,1.0,0.635304,0.125,0.414489,0.5,0.1,1.0,0.333333,1
1.0,0.2,0.882412,1.0,0.875,0.232362,0.333333,0.2,1.0,0.666667,1
0.9,0.2,0.283075,0.326245,1.0,0.228482,1.0,0.0,1.0,0.333333,1
1.0,1.0,0.800706,0.572208,0.833333,0.419798,0.333333,0.166667,0.800706,0.857143,0
0.416667,0.2,0.115961,0.091784,0.0,0.379021,0.2,0.333333,0.579803,0.428571,0
1.0,0.6,0.961596,0.805841,1.0,0.357985,0.25,0.25,1.0,0.857143,1
0.666667,0.4,0.584403,0.929076,0.833333,0.188705,0.5,0.083333,1.0,0.857143,1
0.75,0.6,0.368849,0.304878,0.5,0.362947,0.25,0.25,0.614748,1.0,1
0.666667,1.0,0.096277,0.159178,0.0,0.181452,0.25,0.25,0.096277,1.0,0
0.916667,0.2,1.0,0.935173,1.0,0.320796,0.2,0.333333,1.0,0.857143,1
0.916667,0.8,0.908002,1.0,0.0,0.272401,0.125,0.583333,1.0,1.0,1
0.454545,0.8,0.486914,0.396739,0.25,0.186595,1.0,0.0,0.608643,1.0,1
0.636364,0.8,0.982382,1.0,0.75,0.149359,1.0,0.0,1.0,1.0,0
1.0,0.8,0.1952,0.098991,0.0,0.299804,0.125,0.636364,0.244,1.0,0
0.909091,1.0,1.0,0.501359,0.75,0.303252,0.333333,0.181818,1.0,1.0,1
0.818182,0.8,0.113239,0.091421,0.75,0.188323,0.333333,0.181818,0.141549,1.0,0
0.818182,0.8,0.300013,0.288626,1.0,0.158036,0.5,0.090909,0.375016,1.0,0
1.0,0.25,0.415199,0.284898,1.0,0.666054,0.333333,0.166667,1.0,0.666667,1
0.916667,0.75,0.727614,1.0,0.222222,0.332539,0.142857,0.5,0.970152,1.0,1
0.75,1.0,1.0,0.705574,0.444444,0.647738,0.5,0.083333,1.0,0.333333,1
0.833333,0.25,0.804962,0.753692,1.0,0.488116,1.0,0.0,1.0,0.666667,1
0.727273,0.2,0.431562,0.22601,1.0,0.406818,1.0,0.0,1.0,0.714286,1
0.727273,0.4,0.848329,0.499183,0.857143,0.362067,1.0,0.0,1.0,0.714286,1
0.545455,1.0,1.0,0.575998,0.0,0.369882,0.5,0.090909,1.0,0.428571,1
0.181818,0.2,0.468055,0.665188,0.0,0.149912,0.5,0.090909,1.0,0.142857,1
0.727273,0.4,0.086795,0.027317,0.857143,0.676923,1.0,0.0,0.216986,0.714286,0
0.909091,0.8,0.650082,0.250058,0.285714,0.553875,0.2,0.363636,0.812603,0.857143,0
1.0,0.6,0.67726,1.0,1.0,0.144291,0.5,0.090909,1.0,0.714286,1
0.909091,0.4,0.355726,0.314966,0.428571,0.240623,0.166667,0.454545,0.889315,0.857143,0
0.416667,0.4,0.886814,0.86922,0.375,0.283584,1.0,0.0,1.0,0.285714,1
0.916667,0.4,1.0,0.236312,0.875,1.0,0.333333,0.166667,1.0,0.857143,1
0.75,1.0,0.186671,0.191773,0.0,0.270562,0.2,0.333333,0.186671,1.0,0
1.0,0.4,0.762196,0.62156,0.875,0.340849,0.25,0.25,1.0,0.857143,0
0.666667,0.2,0.838641,0.812766,0.125,0.286806,0.142857,0.5,1.0,0.714286,1
1.0,0.2,0.515207,1.0,1.0,0.143206,0.25,0.25,1.0,0.714286,1
1.0,0.4,0.836905,0.425532,1.0,0.546667,0.333333,0.166667,1.0,0.714286,1
1.0,0.4,0.561033,0.838865,0.75,0.185898,0.2,0.333333,1.0,0.857143,1
0.166667,0.4,0.96532,0.619745,0.0,0.246826,1.0,0.0,1.0,0.333333,1
0.333333,0.4,1.0,1.0,0.0,0.158465,0.333333,0.166667,1.0,0.666667,1
1.0,0.8,0.221343,0.202661,1.0,0.173073,0.25,0.25,0.276679,0.666667,0
0.833333,1.0,0.33743,0.405322,0.6,0.131922,0.333333,0.166667,0.33743,0.833333,0
0.666667,0.6,0.632879,0.631508,0.0,0.158809,0.166667,0.416667,1.0,1.0,0
0.75,0.2,0.512899,0.437717,0.8,0.185683,0.2,0.333333,1.0,0.666667,1
0.833333,1.0,0.844974,0.97474,0.4,0.137369,0.25,0.25,0.844974,0.833333,1
0.916667,0.75,1.0,1.0,1.0,0.172944,0.5,0.083333,1.0,1.0,1
0.833333,0.5,0.920845,0.236158,0.857143,0.674355,0.333333,0.166667,1.0,1.0,1
1.0,1.0,0.305325,0.065938,0.0,0.800815,0.111111,0.666667,0.305325,1.0,1
0.666667,1.0,0.065686,0.06325,0.428571,0.179603,0.5,0.083333,0.065686,1.0,0
0.75,1.0,0.139836,0.181518,0.666667,0.147273,0.5,0.083333,0.139836,1.0,1
0.416667,0.5,1.0,0.922442,0.0,0.207245,0.25,0.25,1.0,0.666667,1
1.0,0.25,0.560423,0.070338,1.0,1.0,0.166667,0.416667,1.0,0.666667,1
0.666667,0.75,0.793051,1.0,0.0,0.151609,0.166667,0.416667,1.0,1.0,1
1.0,0.4,0.588671,0.834958,0.25,0.182374,0.142857,0.6,1.0,1.0,1
0.6,0.2,0.397388,0.21345,0.25,0.481583,0.25,0.3,1.0,0.714286,1
0.9,1.0,0.430922,0.328135,0.5,0.339703,1.0,0.0,0.430922,1.0,0
0.7,0.2,0.130997,0.120533,0.5,0.281132,0.333333,0.2,0.654986,0.857143,0
1.0,0.4,0.499874,0.893112,0.75,0.14478,0.333333,0.2,1.0,0.857143,1
1.0,0.4,1.0,0.516244,1.0,0.50107,1.0,0.0,1.0,0.571429,1
0.7,0.4,0.62522,1.0,0.5,0.161728,0.5,0.1,1.0,0.857143,1
1.0,0.8,0.283346,0.370045,0.375,0.198068,0.25,0.3,0.354182,1.0,0
1.0,0.75,1.0,0.106936,1.0,1.0,0.25,0.25,1.0,0.571429,1
0.416667,0.25,0.807553,1.0,0.666667,0.172534,1.0,0.0,1.0,0.857143,1
0.75,0.5,0.906105,0.726167,0.666667,0.266591,0.25,0.25,1.0,1.0,1
1.0,0.75,0.14925,0.189279,0.666667,0.168467,0.166667,0.416667,0.199,1.0,0
0.916667,0.5,0.730212,0.145068,0.5,1.0,0.142857,0.5,1.0,1.0,1
1.0,0.25,0.88179,0.688035,0.5,0.273815,0.111111,0.666667,1.0,1.0,1
0.5,0.25,0.187662,0.099199,0.0,0.404178,0.166667,0.416667,0.750647,0.857143,0
0.416667,1.0,0.734868,0.223819,0.0,0.701481,0.5,0.083333,0.734868,0.857143,1
0.916667,0.5,0.91614,0.81452,0.777778,0.27365,0.333333,0.166667,1.0,1.0,1
0.666667,0.5,0.487475,0.307896,0.666667,0.385198,1.0,0.0,0.974951,0.666667,1
1.0,1.0,1.0,1.0,0.111111,0.243296,0.125,0.583333,1.0,1.0,1
0.833333,0.25,0.598236,0.811341,1.0,0.179393,1.0,0.0,1.0,0.666667,1
0.75,1.0,0.520069,0.821819,0.571429,0.127729,1.0,0.0,0.520069,0.857143,0
0.25,0.4,0.954691,1.0,0.0,0.192694,0.5,0.083333,1.0,0.285714,1
0.666667,0.2,0.559837,0.458996,1.0,0.246183,1.0,0.0,1.0,0.571429,1
0.416667,0.4,0.516622,0.674453,0.285714,0.154606,0.5,0.083333,1.0,0.714286,1
0.666667,0.4,1.0,0.409791,0.857143,0.492541,1.0,0.0,1.0,0.571429,1
1.0,0.8,0.446934,0.427932,0.571429,0.210801,0.2,0.333333,0.558668,0.857143,1
0.416667,0.2,0.345358,0.383201,0.571429,0.181907,1.0,0.0,1.0,0.571429,1
1.0,1.0,0.407658,0.35164,0.285714,0.233993,0.166667,0.416667,0.407658,1.0,0
0.75,0.2,0.713641,0.275236,0.833333,0.334037,0.25,0.25,1.0,1.0,1
0.916667,0.8,0.070462,0.036674,0.833333,0.247525,0.333333,0.166667,0.088078,1.0,0
1.0,1.0,0.635992,0.030864,0.833333,1.0,0.333333,0.166667,0.635992,1.0,0
0.833333,0.2,0.957018,0.270697,1.0,0.455466,0.25,0.25,1.0,1.0,1
0.75,0.4,1.0,1.0,0.5,0.128831,0.2,0.333333,1.0,1.0,1
0.916667,0.6,0.095406,0.096405,1.0,0.127495,0.333333,0.166667,0.15901,1.0,0
0.666667,0.6,0.934893,0.757081,0.833333,0.159089,1.0,0.0,1.0,1.0,1
0.818182,1.0,0.415699,0.033072,0.125,1.0,0.25,0.272727,0.415699,1.0,0
1.0,0.6,0.131012,0.114754,0.25,0.147205,0.142857,0.545455,0.218353,1.0,0
0.909091,1.0,1.0,0.829651,0.5,0.155412,0.5,0.090909,1.0,1.0,1
0.454545,0.2,0.942289,0.33072,0.5,0.367371,1.0,0.0,1.0,0.666667,1
1.0,0.4,0.97037,1.0,1.0,0.125118,0.5,0.090909,1.0,0.833333,1
0.909091,0.8,0.848867,0.767498,0.625,0.142608,0.5,0.090909,1.0,0.833333,0
0.909091,0.6,0.854174,0.230364,0.125,0.478094,0.142857,0.545455,1.0,1.0,1
1.0,1.0,0.835382,0.795513,0.142857,0.145046,0.142857,0.5,0.835382,1.0,1
0.666667,0.2,0.391681,0.16174,0.857143,0.334489,0.5,0.083333,1.0,0.8,1
0.166667,0.2,0.857441,0.807791,0.142857,0.146613,1.0,0.0,1.0,0.2,1
1.0,0.4,0.681519,0.077156,1.0,1.0,0.25,0.25,1.0,0.8,0
0.833333,1.0,0.056519,0.029104,0.714286,0.268229,1.0,0.0,0.056519,0.8,0
0.666667,1.0,1.0,1.0,0.285714,0.138123,0.5,0.083333,1.0,0.8,1
1.0,1.0,0.726624,0.523404,0.285714,0.254659,0.2,0.4,0.726624,1.0,0
1.0,0.5,0.792648,0.090998,0.857143,1.0,0.333333,0.2,1.0,0.833333,0
0.9,0.5,0.519272,0.528642,0.857143,0.180186,0.5,0.1,1.0,0.833333,0
0.9,0.5,0.951463,0.847791,0.571429,0.205869,0.25,0.3,1.0,1.0,1
0.6,0.5,1.0,1.0,0.428571,0.183437,0.5,0.1,1.0,0.5,1
0.8,0.5,0.717702,0.72635,0.428571,0.181253,0.25,0.3,1.0,1.0,1
0.8,0.25,0.849572,0.299509,1.0,0.520328,1.0,0.0,1.0,0.833333,1
0.666667,0.8,0.974768,1.0,0.5,0.266677,0.333333,0.166667,1.0,1.0,1
0.916667,0.8,1.0,0.868051,0.25,0.315165,0.142857,0.5,1.0,1.0,1
0.916667,0.8,0.387965,0.064142,0.75,1.0,0.2,0.333333,0.484956,1.0,0
1.0,1.0,0.918834,0.555284,1.0,0.452695,0.25,0.25,0.918834,1.0,0
1.0,0.75,0.404186,0.123532,0.8,0.464697,0.166667,0.416667,0.538915,1.0,0
0.75,0.75,0.762126,0.737451,1.0,0.146778,0.5,0.083333,1.0,1.0,1
1.0,1.0,1.0,1.0,1.0,0.142026,0.25,0.25,1.0,1.0,1
0.916667,0.25,0.526131,0.261303,0.6,0.285967,0.125,0.583333,1.0,1.0,1
0.5,1.0,0.378368,0.079744,0.4,0.673884,1.0,0.0,0.378368,1.0,0
0.833333,1.0,0.485023,0.182093,0.6,0.378299,0.25,0.25,0.485023,1.0,0
0.583333,1.0,0.417471,0.05251,0.4,1.0,0.5,0.083333,0.417471,1.0,0
0.454545,0.5,0.746448,0.077074,0.5,1.0,1.0,0.0,1.0,0.833333,1
0.909091,0.25,1.0,1.0,0.0,0.168386,0.1,0.818182,1.0,1.0,1
0.818182,1.0,0.453296,0.318886,0.333333,0.23936,0.25,0.272727,0.453296,1.0,1
1.0,0.5,0.349639,0.129829,0.666667,0.453474,0.166667,0.454545,0.699278,1.0,1
1.0,0.75,0.330422,0.425378,1.0,0.130798,0.333333,0.181818,0.440562,0.666667,0
0.909091,0.5,0.533776,0.041969,0.333333,1.0,0.142857,0.545455,1.0,1.0,1
0.454545,0.25,0.574307,0.66464,0.0,0.1455,0.2,0.363636,1.0,0.833333,1
0.166667,0.2,0.753396,1.0,0.166667,0.152816,1.0,0.0,1.0,0.0,1
0.916667,1.0,0.838314,0.124694,0.833333,1.0,0.5,0.083333,0.838314,0.857143,0
1.0,1.0,0.530033,0.517143,0.833333,0.207893,0.333333,0.166667,0.530033,0.857143,0
0.916667,0.8,1.0,0.159388,1.0,1.0,0.5,0.083333,1.0,0.857143,1
0.833333,0.2,0.255861,0.4,0.833333,0.129745,0.2,0.333333,1.0,0.857143,1
1.0,0.6,0.123453,0.151837,1.0,0.164919,0.25,0.25,0.205755,0.857143,0
0.833333,0.8,0.932891,0.783061,0.5,0.241647,0.25,0.25,1.0,0.857143,1
0.916667,0.8,0.689707,0.328776,0.666667,0.425512,0.25,0.25,0.862134,0.857143,0
1.0,0.75,0.909582,0.372898,0.4,0.410009,0.125,0.583333,1.0,1.0,1
0.916667,0.25,0.133727,0.057498,0.8,0.390936,0.142857,0.5,0.534907,1.0,1
0.833333,0.75,0.236047,0.03312,1.0,1.0,0.333333,0.166667,0.31473,1.0,0
0.583333,0.25,0.087017,0.022697,1.0,0.644444,0.5,0.083333,0.34807,1.0,0
0.583333,0.75,0.477395,0.349866,0.8,0.229361,1.0,0.0,0.636527,1.0,1
0.833333,0.25,1.0,1.0,0.0,0.16809,0.1,0.75,1.0,1.0,1
1.0,0.75,0.779856,0.346839,0.8,0.377945,0.166667,0.416667,1.0,1.0,1
1.0,1.0,0.275555,0.299933,1.0,0.154428,0.25,0.25,0.275555,1.0,0
0.555556,0.6,0.83781,0.991477,0.0,0.149822,0.333333,0.222222,1.0,1.0,1
1.0,0.6,0.829763,1.0,0.0,0.147119,0.142857,0.666667,1.0,1.0,1
1.0,0.8,1.0,0.577358,1.0,0.307092,0.25,0.333333,1.0,1.0,1
0.777778,1.0,0.765075,0.043357,1.0,1.0,1.0,0.0,0.765075,1.0,0
1.0,1.0,0.714401,0.819552,0.833333,0.278403,0.333333,0.166667,0.714401,1.0,0
0.5,0.6,0.187567,0.212748,0.5,0.281579,1.0,0.0,0.312612,0.666667,1
0.833333,0.6,0.349919,0.518519,1.0,0.215532,0.5,0.083333,0.583198,0.666667,0
1.0,1.0,1.0,1.0,0.666667,0.31938,0.25,0.25,1.0,1.0,1
0.833333,1.0,0.121285,0.068467,0.444444,0.276147,0.5,0.083333,0.121285,1.0,0
1.0,0.2,0.172862,0.201005,0.666667,0.134063,0.166667,0.416667,0.864309,0.833333,1
0.5,1.0,1.0,1.0,0.0,0.155889,0.5,0.083333,1.0,0.5,1
0.916667,0.4,0.059132,0.031878,0.888889,0.289163,0.5,0.083333,0.147829,0.666667,0
1.0,1.0,0.77123,0.869661,0.222222,0.138245,0.166667,0.416667,0.77123,1.0,1
1.0,0.2,0.065176,0.049152,1.0,0.206709,0.333333,0.166667,0.325879,0.666667,0
0.583333,0.4,0.777576,0.712469,0.555556,0.170134,1.0,0.0,1.0,0.666667,1
1.0,1.0,0.295601,0.096613,0.5,0.609892,0.166667,0.416667,0.295601,1.0,0
0.75,1.0,0.124765,0.147517,0.5,0.168592,0.333333,0.166667,0.124765,1.0,0
1.0,0.2,0.853033,1.0,1.0,0.170039,0.125,0.583333,1.0,1.0,1
0.666667,0.6,0.488326,0.445876,0.75,0.218313,0.333333,0.166667,0.813877,1.0,0
0.583333,1.0,1.0,0.664243,0.5,0.300094,1.0,0.0,1.0,1.0,1
0.916667,0.4,0.380238,0.150218,0.0,0.504564,0.1,0.75,0.950594,1.0,1
0.583333,0.8,0.851991,0.362975,0.75,0.467888,1.0,0.0,1.0,1.0,0
1.0,1.0,0.85887,0.733846,1.0,0.233296,0.25,0.25,0.85887,1.0,1
1.0,1.0,0.102611,0.177617,0.4,0.127145,0.166667,0.416667,0.102611,1.0,0
0.75,0.6,0.657435,1.0,1.0,0.144691,0.5,0.083333,1.0,1.0,1
0.75,0.8,1.0,0.978016,0.6,0.225032,0.333333,0.166667,1.0,1.0,1
0.75,0.2,0.253462,0.134399,0.4,0.415056,0.142857,0.5,1.0,1.0,1
0.833333,1.0,0.57185,0.527604,0.4,0.238542,0.25,0.25,0.57185,1.0,0
0.916667,0.8,0.619462,0.790718,0.0,0.159929,0.125,0.583333,0.774328,1.0,1
0.833333,0.2,0.136088,0.178486,1.0,0.15565,0.333333,0.166667,0.680442,1.0,0
1.0,1.0,1.0,1.0,0.714286,0.204142,0.333333,0.166667,1.0,1.0,1
0.916667,0.2,0.431212,0.068532,1.0,1.0,0.25,0.25,1.0,1.0,1
1.0,1.0,0.33305,0.071785,0.714286,0.94713,0.333333,0.166667,0.33305,1.0,0
0.833333,0.6,0.261022,0.062242,0.285714,0.856098,0.166667,0.416667,0.435037,1.0,1
0.833333,1.0,0.676533,1.0,0.5,0.183722,0.5,0.083333,0.676533,1.0,0
1.0,0.4,0.45952,0.583924,1.0,0.213707,0.333333,0.166667,1.0,1.0,1
0.916667,0.6,0.575426,0.495103,0.875,0.315621,0.5,0.083333,0.959043,1.0,0
0.833333,0.6,0.084318,0.082405,0.0,0.277869,0.125,0.583333,0.14053,1.0,1
1.0,1.0,1.0,0.483283,0.25,0.561915,0.166667,0.416667,1.0,1.0,1
1.0,0.6,0.572441,0.603175,0.375,0.257727,0.142857,0.5,0.954069,1.0,1
1.0,0.25,0.463499,0.382569,0.714286,0.216963,0.142857,0.5,1.0,0.833333,1
0.916667,0.5,0.318445,0.286738,0.0,0.198882,0.1,0.75,0.63689,1.0,1
0.916667,0.25,1.0,1.0,1.0,0.179079,0.25,0.25,1.0,0.833333,1
0.75,0.75,0.263352,0.231654,0.142857,0.203583,0.166667,0.416667,0.351136,1.0,1
0.333333,1.0,0.71716,0.129598,0.0,0.990975,1.0,0.0,0.71716,0.333333,0
0.833333,0.75,0.507848,0.180909,0.571429,0.502711,0.25,0.25,0.677131,0.833333,1
0.666667,0.75,0.716423,0.843614,0.571429,0.15208,0.5,0.083333,0.95523,0.833333,1
0.75,1.0,0.221361,0.327942,0.428571,0.132121,0.5,0.083333,0.221361,1.0,0
0.833333,0.8,0.445409,0.090578,0.571429,0.9625,0.333333,0.166667,0.556761,1.0,0
1.0,0.6,1.0,1.0,0.571429,0.195734,0.166667,0.416667,1.0,1.0,1
0.833333,0.6,0.575664,0.791751,0.142857,0.142314,0.142857,0.5,0.959439,1.0,1
0.833333,0.6,0.659643,0.338253,1.0,0.38171,1.0,0.0,1.0,1.0,1
1.0,0.4,0.411528,0.252932,0.285714,0.318465,0.111111,0.666667,1.0,1.0,1
0.916667,0.25,0.652096,0.522699,1.0,0.20575,0.5,0.083333,1.0,0.857143,1
0.833333,1.0,0.18198,0.110551,0.222222,0.271483,0.2,0.333333,0.18198,1.0,0
0.916667,0.25,1.0,0.361917,0.222222,0.455691,0.111111,0.666667,1.0,1.0,1
0.833333,0.25,0.266726,0.091635,0.333333,0.480046,0.142857,0.5,1.0,1.0,1
0.833333,0.75,0.427679,0.273644,0.777778,0.257757,1.0,0.0,0.570239,0.857143,0
1.0,0.75,0.830763,0.124212,0.666667,1.0,0.25,0.25,1.0,0.857143,0
1.0,1.0,0.935772,1.0,0.555556,0.15433,0.25,0.25,0.935772,1.0,1
0.5,0.5,0.736842,0.699874,0.444444,0.173634,1.0,0.0,1.0,0.571429,1
0.916667,1.0,0.431743,0.186778,0.375,0.460235,0.25,0.25,0.431743,1.0,0
0.916667,0.4,1.0,0.598765,0.75,0.332524,0.25,0.25,1.0,0.857143,1
0.75,0.6,0.514651,0.383313,0.75,0.267325,1.0,0.0,0.857752,0.857143,1
1.0,0.4,0.253725,0.319196,1.0,0.158266,0.333333,0.166667,0.634313,0.857143,1
0.833333,0.4,0.829383,1.0,0.375,0.165133,0.166667,0.416667,1.0,1.0,1
0.5,1.0,0.308531,0.042214,0.0,1.0,0.5,0.083333,0.308531,0.428571,0
0.916667,0.8,0.206721,0.216448,0.75,0.190156,0.5,0.083333,0.258401,0.857143,0
0.75,1.0,0.434943,0.472322,0.125,0.183347,0.25,0.25,0.434943,1.0,0
1.0,0.6,0.809119,0.261339,0.2,0.429652,0.111111,0.666667,1.0,1.0,1
0.666667,0.8,0.423053,0.075501,0.0,0.777589,0.2,0.333333,0.528817,1.0,0
0.5,0.2,0.695492,0.199062,0.2,0.484857,0.2,0.333333,1.0,1.0,1
0.75,0.4,1.0,1.0,1.0,0.138774,0.333333,0.166667,1.0,1.0,1
0.833333,0.2,0.215676,0.060856,0.4,0.491822,0.125,0.583333,1.0,1.0,1
0.583333,0.8,0.052766,0.035547,0.0,0.206,0.25,0.25,0.065958,1.0,0
0.75,0.8,0.934939,0.061567,0.4,1.0,0.25,0.25,1.0,1.0,1
0.916667,1.0,0.69498,0.380208,0.0,0.253665,0.142857,0.5,0.69498,1.0,0
0.75,0.25,0.106722,0.05944,1.0,0.378689,0.5,0.083333,0.426888,1.0,1
1.0,0.75,0.423539,0.545432,0.857143,0.163778,0.25,0.25,0.564719,1.0,1
1.0,1.0,0.431162,0.572473,0.285714,0.158851,0.142857,0.5,0.431162,1.0,1
0.916667,0.75,1.0,1.0,0.571429,0.210914,0.2,0.333333,1.0,1.0,1
0.833333,1.0,0.983483,0.909622,0.714286,0.22804,0.5,0.083333,0.983483,1.0,0
0.75,1.0,0.892435,0.267596,0.0,0.716723,0.166667,0.416667,0.892435,1.0,1
1.0,0.25,0.827142,0.839442,1.0,0.21176,0.2,0.333333,1.0,1.0,1
0.833333,0.75,0.46343,0.113335,0.571429,0.87877,0.25,0.25,0.617907,1.0,0
0.666667,0.25,1.0,1.0,0.0,0.214909,0.125,0.583333,1.0,1.0,1
0.75,1.0,0.412263,0.484821,0.285714,0.182746,0.25,0.25,0.412263,1.0,1
0.916667,0.75,0.510934,0.460535,0.857143,0.238428,0.333333,0.166667,0.681246,1.0,1
0.833333,0.4,0.738823,0.242038,0.5,0.557416,0.142857,0.5,1.0,1.0,1
0.75,1.0,1.0,1.0,0.5,0.18261,0.333333,0.166667,1.0,1.0,1
0.916667,0.4,0.562414,0.786914,0.0,0.130513,0.1,0.75,1.0,1.0,1
0.833333,0.8,0.79759,0.032426,1.0,1.0,0.333333,0.166667,0.996988,1.0,0
1.0,0.8,0.645386,0.571125,0.75,0.206353,0.166667,0.416667,0.806733,1.0,1
0.583333,0.8,0.574358,0.78286,0.0,0.133974,0.25,0.25,0.717947,1.0,0
0.666667,1.0,0.680266,0.85968,0.75,0.144499,1.0,0.0,0.680266,1.0,0
1.0,0.8,0.427713,0.037895,0.5,1.0,0.2,0.363636,0.534642,0.833333,0
0.818182,0.4,0.429294,0.276353,1.0,0.243952,0.5,0.090909,1.0,0.666667,0
1.0,1.0,0.861433,1.0,0.166667,0.13528,0.166667,0.454545,0.861433,1.0,1
0.181818,0.2,1.0,0.957968,0.166667,0.163932,1.0,0.0,1.0,0.5,1
0.545455,0.6,0.607165,0.329638,0.166667,0.289257,0.333333,0.181818,1.0,0.833333,1
0.727273,0.4,0.59294,0.672845,0.0,0.138392,0.142857,0.545455,1.0,1.0,1
0.636364,0.4,0.21686,0.065861,0.666667,0.517085,0.5,0.090909,0.54215,0.833333,0
0.545455,0.333333,0.645125,1.0,0.333333,0.134355,0.25,0.272727,1.0,0.75,1
0.909091,1.0,0.072436,0.061061,0.666667,0.247059,0.25,0.272727,0.072436,1.0,1
1.0,0.333333,1.0,0.44644,1.0,0.466493,0.2,0.363636,1.0,0.75,1
0.727273,0.666667,0.64056,0.705683,0.0,0.189042,0.142857,0.545455,0.96084,1.0,1
0.909091,0.666667,0.568936,0.384323,0.833333,0.308301,0.25,0.272727,0.853404,1.0,1
0.583333,1.0,0.20157,0.139721,0.285714,0.320893,1.0,0.0,0.20157,0.75,0
0.75,0.8,0.091307,0.077595,0.714286,0.261736,1.0,0.0,0.114133,1.0,0
0.916667,0.6,1.0,1.0,0.571429,0.22243,0.2,0.333333,1.0,1.0,1
0.916667,0.6,0.317555,0.087824,1.0,0.804261,0.5,0.083333,0.529258,0.75,0
1.0,1.0,0.890746,0.424152,0.714286,0.467118,0.333333,0.166667,0.890746,1.0,1
0.666667,0.75,0.682003,0.040468,0.571429,1.0,0.5,0.083333,0.909338,1.0,0
1.0,0.5,0.952387,0.613026,1.0,0.398195,0.25,0.25,1.0,0.6,1
0.75,0.5,1.0,1.0,0.714286,0.256307,0.333333,0.166667,1.0,0.8,1
1.0,1.0,0.808807,0.758141,0.571429,0.273436,0.2,0.333333,0.808807,1.0,1
0.5,1.0,0.110892,0.172937,0.0,0.164351,0.333333,0.166667,0.110892,0.8,0
0.416667,0.5,0.353645,0.083781,0.285714,1.0,0.5,0.083333,0.70729,0.6,1
0.916667,0.2,1.0,0.995465,0.2,0.138155,0.1,0.75,1.0,1.0,1
0.916667,1.0,0.954658,1.0,0.6,0.131293,0.25,0.25,0.954658,1.0,1
0.833333,1.0,0.58007,0.308673,1.0,0.258448,1.0,0.0,0.58007,1.0,0
0.75,1.0,0.951876,0.550737,0.6,0.237699,0.5,0.083333,0.951876,1.0,0
0.583333,0.4,0.83615,0.743906,0.2,0.154582,0.2,0.333333,1.0,1.0,1
0.833333,1.0,0.221558,0.201814,0.4,0.150983,0.25,0.25,0.221558,1.0,0
1.0,0.8,0.354699,0.057398,1.0,0.849877,0.25,0.25,0.443374,1.0,1
0.636364,0.5,0.810214,0.570105,0.375,0.241574,0.333333,0.181818,1.0,0.666667,1
0.363636,1.0,0.513556,0.497196,0.0,0.175576,1.0,0.0,0.513556,0.666667,0
1.0,0.5,0.497203,0.470617,1.0,0.179585,0.5,0.090909,0.994405,0.0,1
0.363636,0.5,1.0,1.0,0.0,0.169983,0.333333,0.181818,1.0,0.666667,1
0.909091,0.25,0.442009,0.535396,1.0,0.13171,0.333333,0.181818,1.0,0.666667,1
0.818182,0.25,0.735087,0.589233,0.857143,0.199029,0.333333,0.181818,1.0,0.666667,1
0.454545,0.25,0.578584,0.115515,0.0,0.799083,0.2,0.363636,1.0,0.333333,1
1.0,1.0,1.0,1.0,0.285714,0.159538,0.166667,0.454545,1.0,1.0,1
1.0,0.4,0.674333,0.26322,1.0,0.424107,0.2,0.333333,1.0,0.8,0
0.833333,0.2,0.145656,0.113984,0.5,0.211546,0.142857,0.5,0.728279,1.0,1
1.0,0.6,0.803095,1.0,0.666667,0.132949,0.166667,0.416667,1.0,1.0,1
0.416667,0.4,0.843555,0.430787,0.5,0.324168,1.0,0.0,1.0,0.6,1
0.666667,0.8,1.0,0.304818,0.166667,0.543099,0.25,0.25,1.0,1.0,1
1.0,1.0,0.085037,0.027967,0.833333,0.503361,0.333333,0.166667,0.085037,0.8,0
1.0,0.6,1.0,0.356806,0.833333,0.760606,0.25,0.272727,1.0,0.666667,1
1.0,0.4,0.124323,0.207375,1.0,0.162701,0.25,0.272727,0.310808,0.666667,0
1.0,1.0,0.733987,1.0,0.333333,0.199196,0.2,0.363636,0.733987,1.0,1
0.454545,0.8,0.405251,0.643194,0.0,0.170991,0.5,0.090909,0.506563,0.333333,1
1.0,0.8,1.0,1.0,0.428571,0.128107,0.2,0.363636,1.0,0.857143,1
1.0,0.4,0.17583,0.025303,0.0,0.890206,0.1,0.818182,0.439574,1.0,0
0.272727,0.4,0.871513,0.149211,0.0,0.748252,0.5,0.090909,1.0,0.285714,1
0.727273,0.6,0.270312,0.052433,0.285714,0.660448,0.25,0.272727,0.450519,1.0,1
0.727273,1.0,0.855019,0.509717,0.428571,0.214893,1.0,0.0,0.855019,0.857143,0
1.0,0.4,0.539809,0.333638,1.0,0.207271,0.333333,0.181818,1.0,0.857143,1
0.909091,0.2,0.983914,0.641711,0.714286,0.196423,0.2,0.363636,1.0,0.857143,1
0.727273,0.6,0.125738,0.110604,0.714286,0.145637,1.0,0.0,0.209564,0.857143,0
1.0,0.75,0.596198,0.560211,1.0,0.203837,0.333333,0.166667,0.794931,0.4,1
0.75,1.0,0.177279,0.247642,0.285714,0.137112,0.25,0.25,0.177279,1.0,0
0.833333,0.75,1.0,1.0,0.428571,0.191533,0.2,0.333333,1.0,1.0,1
0.416667,0.5,0.351237,0.297653,0.0,0.226013,0.25,0.25,0.702474,0.8,1
0.583333,0.25,0.376088,0.344154,0.571429,0.209305,0.333333,0.166667,1.0,0.6,1
0.333333,1.0,0.841617,0.741391,0.0,0.217426,1.0,0.0,0.841617,0.6,1
1.0,1.0,1.0,1.0,0.0,0.254038,0.142857,0.545455,1.0,1.0,1
0.727273,0.8,0.453158,0.184276,0.6,0.62471,0.5,0.090909,0.566447,1.0,1
0.909091,0.8,0.237502,0.152615,1.0,0.395338,0.5,0.090909,0.296877,0.666667,0
0.454545,0.4,0.618961,0.76841,0.0,0.20463,0.25,0.272727,1.0,0.666667,1
0.75,1.0,1.0,1.0,0.0,0.196982,0.2,0.333333,1.0,1.0,1
1.0,0.2,0.394368,0.301382,1.0,0.257757,0.090909,0.833333,1.0,1.0,1
0.75,0.2,0.242879,0.087141,1.0,0.549024,0.125,0.583333,1.0,1.0,1
0.666667,0.6,0.557618,0.764081,1.0,0.143755,0.2,0.333333,0.929363,1.0,1
0.416667,1.0,0.665782,0.574063,0.0,0.235438,1.0,0.0,0.665782,0.333333,1
0.666667,0.4,1.0,1.0,0.428571,0.203004,0.25,0.25,1.0,1.0,1
0.916667,0.6,0.209613,0.204682,1.0,0.207895,0.5,0.083333,0.349355,0.833333,0
0.916667,0.4,0.455557,0.319453,0.714286,0.289494,0.2,0.333333,1.0,0.833333,0
0.916667,0.8,0.823962,0.129273,0.857143,1.0,0.5,0.083333,1.0,0.833333,0
1.0,0.6,0.628023,0.80982,0.428571,0.157432,0.142857,0.5,1.0,1.0,1
0.75,0.4,0.770181,0.592708,0.857143,0.263789,0.5,0.083333,1.0,0.833333,1
0.6,0.8,0.106551,0.06712,0.333333,0.399119,1.0,0.0,0.133188,0.75,0
0.9,1.0,0.700811,1.0,0.666667,0.176198,1.0,0.0,0.700811,1.0,0
0.9,0.2,1.0,0.835305,1.0,0.300991,0.333333,0.2,1.0,0.75,1
0.8,0.6,0.563331,0.56919,0.666667,0.248831,0.5,0.1,0.938884,1.0,1
1.0,0.6,0.794661,0.112064,0.833333,1.0,0.333333,0.2,1.0,1.0,1
0.5,0.4,0.914595,0.963616,0.6,0.246281,0.5,0.083333,1.0,1.0,1
0.666667,0.4,1.0,0.789967,0.0,0.328472,0.142857,0.5,1.0,1.0,1
0.833333,0.6,0.502656,1.0,0.6,0.13043,0.2,0.333333,0.837759,1.0,1
1.0,1.0,0.145103,0.133958,0.6,0.28107,0.2,0.333333,0.145103,1.0,0
0.75,0.4,0.458466,0.475193,0.4,0.250348,0.166667,0.416667,1.0,1.0,1
0.833333,0.4,0.506055,0.878721,1.0,0.149435,0.25,0.25,1.0,1.0,1
0.583333,0.25,0.06964,0.072494,0.6,0.217405,0.25,0.25,0.278561,1.0,1
0.75,0.75,0.656462,1.0,1.0,0.148566,0.5,0.083333,0.875283,0.571429,1
0.333333,0.5,1.0,0.779307,0.0,0.290403,0.333333,0.166667,1.0,0.714286,1
0.416667,0.25,0.332995,0.298692,0.4,0.252304,0.333333,0.166667,1.0,0.714286,1
1.0,0.75,0.569488,0.215416,0.0,0.598296,0.1,0.75,0.759317,1.0,1
0.416667,1.0,0.283426,0.192934,0.2,0.332461,1.0,0.0,0.283426,0.714286,0
0.833333,0.75,0.097111,0.061023,0.2,0.36015,0.142857,0.5,0.129481,1.0,0
0.583333,0.5,0.83923,0.752466,1.0,0.252409,1.0,0.0,1.0,0.571429,1
0.818182,1.0,0.608946,0.526429,0.0,0.194713,0.2,0.363636,0.608946,1.0,0
0.909091,0.8,0.575493,0.034951,1.0,1.0,0.166667,0.454545,0.719367,1.0,0
1.0,1.0,0.946168,1.0,1.0,0.159266,0.166667,0.454545,0.946168,1.0,1
0.545455,1.0,1.0,0.821359,1.0,0.204938,1.0,0.0,1.0,1.0,1
0.916667,1.0,0.160926,0.067977,0.5,0.392838,0.333333,0.166667,0.160926,1.0,0
0.75,0.6,0.530697,0.072485,0.375,1.0,0.25,0.25,0.884494,1.0,0
0.75,0.8,0.636858,0.798954,0.375,0.132273,0.333333,0.166667,0.796072,1.0,1
1.0,0.8,0.800934,0.487739,0.5,0.272495,0.2,0.333333,1.0,1.0,0
0.916667,0.2,0.841791,1.0,1.0,0.139686,0.333333,0.166667,1.0,1.0,1
0.75,0.2,0.42008,0.042553,0.75,1.0,0.333333,0.166667,1.0,1.0,1
0.833333,1.0,0.268282,0.120627,0.25,0.369058,0.25,0.25,0.268282,1.0,0
0.75,0.2,1.0,0.876848,1.0,0.189245,1.0,0.0,1.0,1.0,1
0.75,0.6,0.05988,0.043492,1.0,0.380282,1.0,0.0,0.0998,0.666667,0
0.5,0.2,1.0,0.656049,0.333333,0.421008,0.25,0.25,1.0,0.666667,1
1.0,0.6,0.53116,1.0,1.0,0.146708,0.25,0.25,0.885267,0.666667,1
0.666667,0.2,0.138501,0.132312,0.333333,0.28912,0.166667,0.416667,0.692504,1.0,1
0.833333,1.0,0.925704,0.236753,0.833333,1.0,1.0,0.0,0.925704,1.0,0
0.833333,1.0,0.868929,0.988361,0.833333,0.242826,1.0,0.0,0.868929,1.0,1
0.5,0.2,0.490353,0.484839,0.833333,0.279343,1.0,0.0,1.0,0.666667,0
0.5,0.2,0.741262,0.868603,0.5,0.250815,0.25,0.25,1.0,1.0,1
0.75,1.0,0.631839,0.926316,0.5,0.20047,0.333333,0.166667,0.631839,1.0,0
1.0,1.0,1.0,1.0,1.0,0.293902,0.25,0.25,1.0,1.0,1
1.0,0.6,0.52044,0.419601,0.5,0.364533,0.125,0.583333,0.867399,1.0,1
0.75,1.0,0.417192,0.050454,0.5,1.0,0.333333,0.166667,0.417192,1.0,0
0.916667,0.4,0.713351,0.448276,1.0,0.467692,0.166667,0.416667,1.0,1.0,1
0.75,1.0,0.911449,0.550998,0.75,0.486166,0.5,0.083333,0.911449,1.0,0
1.0,0.8,0.151908,0.153902,0.25,0.290094,0.125,0.583333,0.189885,1.0,0
0.833333,0.2,0.152898,0.323375,0.857143,0.181149,0.25,0.25,0.764489,0.8,1
1.0,1.0,0.265543,0.057327,0.428571,1.0,0.2,0.333333,0.265543,1.0,0
0.833333,0.2,0.816438,1.0,0.571429,0.312798,0.166667,0.416667,1.0,1.0,1
0.833333,0.6,1.0,0.501413,1.0,0.76409,1.0,0.0,1.0,0.8,1
1.0,0.6,0.321812,0.092047,1.0,1.0,0.333333,0.166667,0.536354,0.8,1
0.5,0.6,0.267756,0.815503,0.0,0.125792,0.25,0.25,0.446259,0.4,1
1.0,0.6,0.767403,0.821346,0.666667,0.201309,0.2,0.363636,1.0,0.833333,1
0.727273,1.0,0.741388,0.313284,0.5,0.509886,1.0,0.0,0.741388,1.0,0
0.727273,1.0,0.503089,0.841566,0.0,0.128802,0.25,0.272727,0.503089,1.0,0
0.636364,1.0,0.269066,0.301766,0.333333,0.192112,1.0,0.0,0.269066,1.0,0
0.363636,0.6,1.0,0.054262,0.166667,1.0,1.0,0.0,1.0,0.666667,1
1.0,0.4,0.455096,0.739186,1.0,0.132652,0.25,0.272727,1.0,0.833333,0
0.909091,1.0,0.61119,1.0,0.0,0.131687,0.166667,0.454545,0.61119,1.0,1
0.181818,0.2,0.121711,0.084672,0.0,0.204336,0.5,0.090909,0.608555,0.25,1
1.0,0.8,0.533656,0.482331,1.0,0.157279,0.333333,0.181818,0.66707,0.5,0
0.727273,0.4,0.688297,0.318036,1.0,0.307648,0.5,0.090909,1.0,0.5,1
0.272727,0.6,0.511542,0.185406,0.0,0.392203,1.0,0.0,0.852569,0.25,1
1.0,1.0,1.0,1.0,0.6,0.142152,0.25,0.272727,1.0,0.5,1
0.916667,1.0,0.794547,0.619637,0.571429,0.236707,0.333333,0.166667,0.794547,1.0,0
0.583333,0.8,0.648093,0.126513,0.0,0.945652,0.25,0.25,0.810116,0.5,1
0.916667,0.2,0.080006,0.034103,1.0,0.433065,0.25,0.25,0.40003,0.833333,1
0.833333,0.8,1.0,0.481298,0.857143,0.383543,1.0,0.0,1.0,1.0,0
1.0,0.6,0.360399,0.527228,0.428571,0.126187,0.142857,0.5,0.600665,1.0,1
1.0,0.2,0.22065,0.305556,1.0,0.133303,0.2,0.333333,1.0,0.833333,1
0.666667,0.2,0.886472,1.0,1.0,0.163641,1.0,0.0,1.0,0.833333,1
0.416667,0.2,0.223407,0.040253,0.666667,0.853629,1.0,0.0,1.0,0.666667,1
0.583333,0.6,1.0,1.0,0.666667,0.153806,1.0,0.0,1.0,1.0,1
1.0,0.6,0.332841,0.107612,1.0,0.475716,0.25,0.25,0.554735,0.666667,0
1.0,1.0,0.618827,0.319591,0.333333,0.297816,0.166667,0.416667,0.618827,1.0,1
0.666667,0.6,1.0,0.180186,0.5,0.978738,0.25,0.25,1.0,1.0,1
0.583333,0.2,0.665648,0.854535,0.75,0.137373,0.25,0.25,1.0,1.0,1
0.583333,0.2,0.705193,0.419934,1.0,0.296151,0.333333,0.166667,1.0,1.0,1
0.916667,0.6,0.70706,0.137983,0.75,0.903688,0.166667,0.416667,1.0,1.0,1
0.916667,1.0,0.464358,0.651601,0.75,0.125678,0.25,0.25,0.464358,1.0,0
1.0,0.4,0.77427,1.0,1.0,0.136546,0.142857,0.5,1.0,1.0,1
0.818182,1.0,1.0,0.714683,0.6,0.604407,0.5,0.090909,1.0,1.0,1
1.0,1.0,0.436736,0.528485,0.4,0.356968,0.2,0.363636,0.436736,1.0,0
1.0,0.4,0.724748,1.0,0.4,0.313062,0.125,0.636364,1.0,1.0,1
0.818182,0.8,0.319215,0.129226,1.0,1.0,1.0,0.0,0.399019,1.0,0
0.909091,0.4,0.258096,0.151459,0.8,0.736086,0.2,0.363636,0.645239,1.0,1
1.0,0.8,0.502145,0.102825,0.8,1.0,0.25,0.272727,0.627681,1.0,0
1.0,0.6,0.702783,0.903373,0.833333,0.25632,0.2,0.333333,1.0,1.0,1
0.833333,0.4,0.668764,0.239635,0.833333,0.919501,0.25,0.25,1.0,1.0,0
0.666667,0.2,0.396822,0.432537,1.0,0.302275,0.5,0.083333,1.0,1.0,0
0.833333,1.0,1.0,1.0,0.666667,0.32948,0.5,0.083333,1.0,1.0,1
0.75,0.8,0.580313,0.47134,0.25,0.203944,0.25,0.25,0.725392,1.0,1
0.666667,1.0,0.34253,0.161503,0.375,0.351319,1.0,0.0,0.34253,0.8,0
0.916667,0.6,0.127893,0.152982,0.625,0.138481,0.25,0.25,0.213156,1.0,1
0.833333,1.0,0.673369,0.15182,0.625,0.734694,1.0,0.0,0.673369,1.0,0
1.0,0.2,1.0,1.0,1.0,0.165647,0.25,0.25,1.0,0.8,1
0.75,0.4,0.397007,0.445004,0.625,0.147781,0.333333,0.166667,0.992518,1.0,1
1.0,0.75,1.0,0.685164,0.0,0.314368,0.1,0.75,1.0,1.0,1
0.083333,0.25,0.736768,1.0,0.0,0.158695,1.0,0.0,1.0,1.0,1
0.166667,0.25,0.89156,0.664964,0.0,0.288792,0.5,0.083333,1.0,1.0,1
0.916667,1.0,0.251051,0.12886,0.0,0.41964,0.125,0.583333,0.251051,1.0,1
1.0,1.0,0.164691,0.226828,1.0,0.131211,0.333333,0.166667,0.164691,0.6,0
0.166667,0.4,0.887887,0.724034,0.0,0.221615,1.0,0.0,1.0,0.2,1
0.75,0.4,0.879768,0.492082,0.6,0.323095,0.2,0.333333,1.0,0.6,1
0.75,1.0,1.0,1.0,0.8,0.180717,1.0,0.0,1.0,0.6,1
0.916667,1.0,0.221005,0.222869,0.6,0.179206,0.25,0.25,0.221005,0.6,0
0.25,0.4,0.387242,0.164183,0.2,0.426241,1.0,0.0,0.968106,0.2,0
1.0,0.8,0.979712,0.342938,0.555556,0.490361,0.25,0.25,1.0,1.0,1
0.916667,0.8,1.0,1.0,0.666667,0.171646,0.5,0.083333,1.0,1.0,0
0.833333,0.2,0.17518,0.033763,1.0,0.890576,1.0,0.0,0.875901,1.0,0
0.833333,1.0,0.911226,0.043486,0.444444,1.0,0.5,0.083333,0.911226,1.0,1
1.0,0.2,0.992712,0.529238,1.0,0.927344,0.25,0.25,1.0,0.75,1
0.583333,0.8,1.0,0.665092,0.0,0.743339,0.25,0.25,1.0,0.75,1
1.0,0.8,0.191876,0.498523,0.25,0.190284,0.142857,0.5,0.239845,1.0,0
0.75,1.0,0.634886,0.835794,0.125,0.375548,0.25,0.25,0.634886,1.0,1
0.75,1.0,0.529391,1.0,0.5,0.261725,1.0,0.0,0.529391,1.0,0
0.5,0.2,0.28835,0.276512,0.333333,0.209271,0.333333,0.166667,1.0,0.6,1
1.0,0.2,0.291189,0.101884,1.0,0.573548,0.333333,0.166667,1.0,0.4,1
0.583333,0.6,0.973032,1.0,0.222222,0.195267,0.333333,0.166667,1.0,0.8,1
0.916667,0.8,1.0,0.298642,0.666667,0.671974,0.5,0.083333,1.0,0.8,1
0.75,1.0,0.659461,0.649211,0.111111,0.203847,0.25,0.25,0.659461,0.8,0
0.916667,1.0,0.931761,0.265776,0.444444,0.703545,0.333333,0.166667,0.931761,1.0,0
0.916667,0.6,0.953291,0.343045,0.333333,0.46262,0.142857,0.5,1.0,1.0,0
0.666667,1.0,1.0,1.0,0.333333,0.166475,0.5,0.083333,1.0,1.0,1
1.0,0.8,0.915948,0.542265,1.0,0.281196,0.333333,0.166667,1.0,0.75,1
0.25,0.2,0.423589,0.54842,0.166667,0.128582,0.5,0.083333,1.0,0.75,1
0.666667,0.4,0.363076,0.300574,0.0,0.201092,0.142857,0.5,0.90769,1.0,1
0.833333,0.2,0.586716,0.08015,0.833333,1.0,0.2,0.333333,1.0,1.0,1
0.833333,0.6,0.686682,0.584791,0.833333,0.187454,0.333333,0.166667,1.0,1.0,1
1.0,0.2,1.0,1.0,1.0,0.159639,0.166667,0.416667,1.0,1.0,1
1.0,1.0,0.11126,0.132453,0.5,0.134097,0.2,0.333333,0.11126,1.0,0
0.583333,1.0,0.072683,0.072474,0.0,0.160099,0.333333,0.166667,0.072683,1.0,0
1.0,0.8,0.234709,0.134059,0.166667,0.279494,0.125,0.583333,0.293386,1.0,0
1.0,0.8,0.079839,0.030168,0.5,0.422485,0.166667,0.416667,0.099799,1.0,0
0.583333,0.6,0.624399,0.023027,0.666667,1.0,1.0,0.0,1.0,1.0,1
1.0,1.0,1.0,0.44471,1.0,0.576411,0.166667,0.416667,1.0,1.0,1
0.75,0.333333,0.105865,0.104304,0.0,0.260172,0.111111,0.666667,0.317594,1.0,1
0.833333,0.666667,0.833042,1.0,0.0,0.213539,0.111111,0.666667,1.0,1.0,1
0.916667,0.666667,0.677043,0.724447,1.0,0.239563,0.166667,0.416667,1.0,1.0,1
0.416667,0.666667,0.101784,0.114166,0.5,0.228534,0.5,0.083333,0.152676,1.0,1
0.5,1.0,0.230811,0.198723,0.142857,0.263535,1.0,0.0,0.230811,0.857143,0
1.0,0.8,1.0,1.0,0.285714,0.226898,0.142857,0.5,1.0,1.0,1
0.333333,0.4,0.539461,0.030951,0.285714,1.0,1.0,0.0,1.0,0.714286,0
0.666667,1.0,0.620223,0.176124,0.428571,0.799024,1.0,0.0,0.620223,1.0,0
1.0,0.8,0.746671,0.605994,0.285714,0.27957,0.142857,0.5,0.933339,1.0,1
1.0,0.4,0.837826,0.337755,1.0,0.562836,0.25,0.25,1.0,0.571429,1
0.5,0.8,0.215654,0.292803,0.285714,0.167114,1.0,0.0,0.269568,0.857143,0
0.833333,0.6,0.1481,0.19774,0.714286,0.169938,0.333333,0.166667,0.246833,0.857143,0
0.833333,0.8,0.614413,0.064144,0.25,1.0,0.2,0.333333,0.768016,1.0,0
0.75,1.0,1.0,0.645876,0.25,0.365812,0.333333,0.166667,1.0,1.0,0
0.583333,0.2,0.928813,0.193615,0.125,1.0,0.166667,0.416667,1.0,0.833333,1
0.583333,0.8,0.752033,0.604197,0.25,0.29408,0.5,0.083333,0.940041,0.833333,1
0.833333,0.4,0.759414,0.445167,1.0,0.403054,1.0,0.0,1.0,0.5,0
0.5,0.2,0.440385,0.044044,0.625,1.0,1.0,0.0,1.0,0.833333,1
1.0,1.0,0.743776,1.0,0.375,0.175732,0.2,0.333333,0.743776,1.0,1
1.0,0.6,1.0,0.819191,1.0,0.243031,0.2,0.333333,1.0,1.0,1
0.666667,1.0,0.942653,0.660817,0.6,0.284,1.0,0.0,0.942653,1.0,0
0.583333,0.6,0.701439,1.0,0.4,0.139649,0.333333,0.166667,1.0,1.0,1
0.833333,0.6,0.756108,0.453132,1.0,0.332206,0.333333,0.166667,1.0,1.0,1
0.916667,0.2,0.826105,1.0,0.714286,0.219198,0.166667,0.416667,1.0,1.0,1
0.75,0.8,0.53556,0.701118,0.285714,0.202684,0.25,0.25,0.66945,1.0,1
1.0,0.2,0.235252,0.239433,0.142857,0.260706,0.090909,0.833333,1.0,1.0,1
0.833333,1.0,0.06927,0.063812,0.571429,0.288034,0.5,0.083333,0.06927,1.0,0
0.916667,0.6,1.0,0.953641,1.0,0.278238,0.5,0.083333,1.0,1.0,1
0.833333,1.0,0.061852,0.071338,0.571429,0.126281,0.5,0.083333,0.061852,1.0,0
0.75,0.8,0.989855,0.858119,0.285714,0.168006,0.25,0.25,1.0,1.0,1
0.833333,0.4,0.538017,0.402923,1.0,0.194479,0.5,0.083333,1.0,1.0,1
0.75,0.6,1.0,1.0,0.857143,0.145647,1.0,0.0,1.0,1.0,1
1.0,0.4,0.829933,0.854782,0.428571,0.141413,0.125,0.583333,1.0,1.0,1
0.833333,0.6,0.815098,0.915475,0.285714,0.129677,0.166667,0.416667,1.0,1.0,0
1.0,1.0,0.585688,0.085796,0.571429,0.994259,0.25,0.25,0.585688,1.0,0
0.833333,0.6,0.538889,0.442326,0.428571,0.177443,0.2,0.333333,0.898149,1.0,0
0.727273,1.0,1.0,0.466203,0.285714,0.3658,0.5,0.090909,1.0,1.0,1
0.545455,0.2,0.138674,0.189049,0.285714,0.125094,0.25,0.272727,0.69337,0.714286,1
0.909091,0.4,0.246601,0.163902,0.857143,0.256583,0.333333,0.181818,0.616503,0.714286,0
0.727273,0.6,0.335181,0.215802,0.714286,0.264876,1.0,0.0,0.558635,1.0,0
0.545455,0.6,0.191069,0.048867,0.0,0.666788,0.25,0.272727,0.318448,0.714286,0
1.0,0.6,0.126647,0.083467,1.0,0.258761,0.5,0.090909,0.211079,0.571429,0
0.636364,1.0,0.633654,0.619226,0.285714,0.17451,1.0,0.0,0.633654,0.857143,0
0.909091,0.6,0.742627,1.0,0.714286,0.126645,0.333333,0.181818,1.0,1.0,1
0.916667,1.0,1.0,0.291176,0.5,0.550683,0.333333,0.166667,1.0,0.833333,0
1.0,0.4,0.933211,0.243426,0.875,0.614712,0.25,0.25,1.0,0.833333,1
0.75,1.0,0.749353,0.405363,0.0,0.296415,0.2,0.333333,0.749353,1.0,1
0.833333,0.2,0.765645,0.813149,1.0,0.150979,0.5,0.083333,1.0,0.833333,1
0.916667,0.8,0.792836,1.0,0.5,0.127128,0.25,0.25,0.991044,0.833333,1
1.0,0.4,0.071752,0.088062,0.75,0.130648,0.2,0.333333,0.179381,0.833333,0
0.333333,0.4,0.632283,0.314533,0.25,0.322332,1.0,0.0,1.0,0.166667,0
0.583333,0.2,0.529072,0.560535,0.75,0.203014,1.0,0.0,1.0,0.6,1
1.0,0.8,0.079197,0.10488,0.625,0.162416,0.25,0.25,0.098996,1.0,1
0.5,0.6,0.094578,0.052323,0.125,0.388789,0.333333,0.166667,0.157631,0.6,1
0.666667,0.4,0.688339,0.5542,0.5,0.267146,0.333333,0.166667,1.0,0.8,1
0.75,1.0,1.0,0.672454,0.375,0.319853,0.5,0.083333,1.0,1.0,0
0.833333,0.2,0.765354,1.0,1.0,0.164618,0.5,0.083333,1.0,0.4,1
1.0,1.0,0.933434,0.102065,0.714286,1.0,0.333333,0.166667,0.933434,1.0,1
0.833333,1.0,1.0,1.0,0.142857,0.159019,0.2,0.333333,1.0,1.0,1
0.5,1.0,0.056608,0.035628,0.142857,0.252657,1.0,0.0,0.056608,0.75,0
0.666667,0.2,0.218205,0.256627,1.0,0.135211,1.0,0.0,1.0,0.75,1
0.75,0.2,0.18357,0.048709,0.0,0.599293,0.111111,0.666667,0.917848,1.0,1
1.0,0.8,0.394724,0.206891,0.6,0.262864,0.166667,0.416667,0.493405,1.0,1
0.666667,0.2,0.79945,0.29733,1.0,0.370452,0.333333,0.166667,1.0,1.0,1
1.0,1.0,1.0,0.983635,0.8,0.14007,0.25,0.25,1.0,1.0,1
0.666667,0.4,0.292323,0.065633,0.0,0.613648,0.142857,0.5,0.730808,1.0,1
1.0,1.0,0.944486,1.0,1.0,0.130129,0.333333,0.166667,0.944486,1.0,0
1.0,1.0,0.120847,0.070374,0.571429,0.32918,0.2,0.333333,0.120847,1.0,0
1.0,1.0,0.478334,0.434933,0.714286,0.210822,0.25,0.25,0.478334,1.0,0
0.75,0.5,0.527082,0.686202,0.571429,0.147243,0.25,0.25,1.0,1.0,1
1.0,1.0,1.0,1.0,0.857143,0.191694,0.333333,0.166667,1.0,1.0,1
0.833333,0.75,0.854598,0.353946,1.0,0.462842,1.0,0.0,1.0,1.0,0
0.833333,0.4,0.268466,0.254388,0.714286,0.218569,0.25,0.25,0.671166,1.0,1
0.916667,0.6,0.596464,0.540195,1.0,0.22868,0.5,0.083333,0.994106,0.8,1
0.666667,0.2,0.857815,1.0,1.0,0.17766,1.0,0.0,1.0,0.8,1
0.916667,0.6,0.527935,0.412568,0.857143,0.265021,0.333333,0.166667,0.879891,1.0,0
0.583333,0.2,0.193764,0.205634,0.857143,0.195153,1.0,0.0,0.968822,0.6,1
1.0,1.0,1.0,0.272156,0.571429,0.760987,0.25,0.25,1.0,1.0,0
1.0,0.4,0.145783,0.111578,0.857143,0.193907,0.2,0.333333,0.364457,0.8,1
0.75,1.0,0.94678,0.09858,0.142857,1.0,0.25,0.25,0.94678,1.0,1
0.5,0.8,0.627459,0.020996,0.285714,1.0,1.0,0.0,0.784324,0.6,0
0.75,0.4,0.89356,1.0,1.0,0.132613,1.0,0.0,1.0,0.8,1
0.75,0.2,1.0,0.484303,0.714286,0.306441,0.25,0.25,1.0,1.0,1
0.666667,1.0,0.16249,0.165167,0.0,0.146005,0.25,0.25,0.16249,1.0,0
0.75,0.8,1.0,1.0,0.333333,0.214516,0.25,0.25,1.0,1.0,1
0.5,0.6,0.507673,0.466858,0.166667,0.23327,0.333333,0.166667,0.846122,0.833333,1
0.583333,0.2,0.182202,0.221167,0.333333,0.176723,0.2,0.333333,0.91101,1.0,1
1.0,0.4,0.722422,0.123509,0.833333,1.0,0.166667,0.416667,1.0,1.0,1
0.833333,0.8,0.134411,0.148034,1.0,0.194776,1.0,0.0,0.168014,0.833333,0
0.916667,1.0,0.595736,0.544631,0.666667,0.234645,0.333333,0.166667,0.595736,1.0,0
0.75,0.2,0.052632,0.057225,0.166667,0.197297,0.125,0.583333,0.263158,1.0,1
0.909091,0.8,0.40863,0.06165,1.0,1.0,1.0,0.0,0.510787,0.666667,0
0.818182,0.8,0.756688,0.116079,0.833333,1.0,1.0,0.0,0.945859,0.833333,0
0.636364,0.6,0.271395,0.26576,0.0,0.276698,0.2,0.363636,0.452325,1.0,0
1.0,1.0,0.763964,1.0,0.666667,0.206998,0.333333,0.181818,0.763964,1.0,1
0.909091,0.8,0.682279,0.454041,0.833333,0.407156,0.5,0.090909,0.852849,0.833333,0
0.545455,0.2,1.0,0.223827,0.0,1.0,0.166667,0.454545,1.0,0.833333,1
0.454545,1.0,0.709747,0.104693,0.0,1.0,1.0,0.0,0.709747,0.5,1
1.0,0.8,0.921239,1.0,1.0,0.143594,0.333333,0.166667,1.0,1.0,1
0.916667,0.8,0.892266,0.862488,1.0,0.161252,0.5,0.083333,1.0,1.0,0
0.916667,1.0,0.658586,0.6153,0.5,0.166836,0.25,0.25,0.658586,1.0,1
0.833333,0.8,1.0,0.411797,1.0,0.378514,1.0,0.0,1.0,1.0,0
0.833333,0.8,0.967242,0.562212,1.0,0.268164,1.0,0.0,1.0,1.0,0
0.833333,0.2,0.341844,0.339106,0.625,0.170276,0.2,0.333333,1.0,0.857143,1
0.75,1.0,0.319184,0.260824,0.5,0.206707,1.0,0.0,0.319184,0.857143,0
0.75,0.2,0.257254,0.288015,1.0,0.150872,1.0,0.0,1.0,0.714286,1
0.833333,0.6,0.327181,0.036543,0.75,1.0,0.5,0.083333,0.545302,0.857143,0
0.916667,0.6,0.309956,0.028057,0.875,1.0,0.5,0.083333,0.516593,0.857143,1
1.0,1.0,0.254896,0.101836,0.5,0.422789,0.25,0.25,0.254896,0.857143,0
0.666667,0.4,1.0,1.0,0.625,0.168912,0.5,0.083333,1.0,0.714286,1
0.25,0.2,0.139444,0.182023,0.125,0.129401,0.5,0.083333,0.697221,0.0,1
1.0,1.0,0.953918,0.617678,0.444444,0.225573,0.25,0.25,0.953918,1.0,0
0.833333,0.2,1.0,1.0,1.0,0.146062,1.0,0.0,1.0,0.75,1
1.0,0.6,0.301649,0.260955,0.777778,0.16884,0.333333,0.166667,0.502749,1.0,0
0.916667,0.6,0.430206,0.158711,0.777778,0.39592,0.5,0.083333,0.71701,1.0,1
0.75,1.0,0.990206,0.565276,0.111111,0.25586,0.25,0.25,0.990206,0.75,1
0.833333,0.6,0.127428,0.106817,1.0,0.257317,1.0,0.0,0.21238,1.0,0
1.0,0.8,0.371616,0.05102,0.142857,1.0,0.125,0.583333,0.464519,1.0,0
0.75,0.6,0.64459,1.0,0.714286,0.139036,0.5,0.083333,1.0,1.0,0
0.833333,0.8,0.642879,0.569257,0.428571,0.243593,0.25,0.25,0.803598,1.0,0
1.0,1.0,1.0,0.915762,0.428571,0.235538,0.2,0.333333,1.0,1.0,1
0.666667,0.8,0.31686,0.290925,0.285714,0.234925,0.333333,0.166667,0.396074,1.0,0
0.916667,0.8,0.974534,0.412723,0.857143,0.509311,0.5,0.083333,1.0,1.0,1
0.916667,0.2,0.935984,0.238819,0.142857,0.845364,0.1,0.75,1.0,1.0,1
0.666667,0.75,1.0,0.244186,0.0,1.0,0.166667,0.416667,1.0,0.857143,1
0.416667,0.25,0.492057,0.978128,0.25,0.135013,0.333333,0.166667,1.0,0.714286,1
0.416667,0.5,0.26047,0.261628,0.375,0.267196,1.0,0.0,0.520941,0.714286,1
0.75,0.5,0.57778,0.798726,0.875,0.194142,1.0,0.0,1.0,0.571429,1
0.666667,0.5,0.498968,0.940199,0.5,0.142432,0.333333,0.166667,0.997937,0.857143,1
0.5,1.0,0.835362,0.213455,0.125,1.0,0.5,0.083333,0.835362,0.714286,0
1.0,0.25,0.736125,0.790975,0.375,0.249772,0.111111,0.666667,1.0,1.0,1
0.916667,0.5,0.580359,1.0,1.0,0.155759,0.5,0.083333,1.0,0.285714,1
0.545455,0.25,0.085942,0.104744,0.428571,0.125561,0.333333,0.181818,0.343769,0.833333,1
1.0,1.0,0.406998,0.15101,0.428571,0.412442,0.2,0.363636,0.406998,1.0,0
0.636364,0.25,0.342081,0.235791,0.0,0.222012,0.142857,0.545455,1.0,0.833333,1
1.0,0.5,1.0,1.0,0.571429,0.15303,0.166667,0.454545,1.0,1.0,1
0.909091,0.75,0.575506,0.313058,1.0,0.28132,1.0,0.0,0.767342,0.5,1
1.0,0.5,0.805249,0.710427,0.285714,0.173455,0.125,0.636364,1.0,1.0,1
0.454545,0.25,0.558778,0.247769,0.0,0.345118,0.2,0.363636,1.0,0.833333,1
0.75,1.0,0.145791,0.042729,0.428571,0.55051,0.5,0.083333,0.145791,1.0,0
0.583333,0.8,0.286042,0.141487,0.142857,0.326194,0.333333,0.166667,0.357553,0.8,0
0.666667,0.8,0.977841,1.0,0.0,0.157772,0.2,0.333333,1.0,1.0,1
0.666667,0.2,0.506823,0.205363,0.285714,0.398195,0.166667,0.416667,1.0,1.0,1
1.0,0.8,1.0,0.910617,0.571429,0.177185,0.2,0.333333,1.0,1.0,1
1.0,0.4,0.900959,0.356442,1.0,0.407829,0.25,0.25,1.0,0.8,1
1.0,1.0,0.660073,0.639171,0.375,0.130828,0.2,0.363636,0.660073,1.0,1
1.0,0.75,0.505946,0.335919,0.75,0.190808,0.333333,0.181818,0.674595,1.0,1
1.0,0.5,1.0,1.0,1.0,0.126686,0.5,0.090909,1.0,1.0,1
0.818182,0.75,0.391146,0.383204,0.75,0.129311,1.0,0.0,0.521528,1.0,0
1.0,0.6,1.0,0.6609,0.857143,0.567539,0.25,0.25,1.0,0.714286,1
0.416667,0.4,0.420796,0.78003,0.142857,0.202345,0.333333,0.166667,1.0,0.714286,1
1.0,0.6,0.613864,0.068216,1.0,1.0,0.333333,0.166667,1.0,0.714286,1
0.666667,0.8,0.913943,0.754325,0.142857,0.454456,0.25,0.25,1.0,1.0,0
0.666667,0.6,0.593964,0.104301,0.571429,1.0,0.5,0.083333,0.98994,0.857143,1
1.0,0.8,0.810358,0.540781,0.0,0.562066,0.111111,0.666667,1.0,1.0,0
0.25,0.2,0.34805,1.0,0.285714,0.130549,1.0,0.0,1.0,0.428571,1
0.75,1.0,0.934502,0.714286,0.571429,0.490727,1.0,0.0,0.934502,0.857143,0
0.916667,0.75,0.658003,0.72725,1.0,0.201675,0.5,0.083333,0.877338,1.0,1
0.666667,0.75,1.0,0.594978,0.714286,0.374634,1.0,0.0,1.0,1.0,0
0.75,0.5,0.652538,0.743909,0.857143,0.195521,0.5,0.083333,1.0,1.0,1
0.666667,1.0,0.600335,0.94008,0.0,0.142343,0.2,0.333333,0.600335,1.0,1
1.0,0.75,0.293363,0.196668,0.142857,0.332491,0.111111,0.666667,0.391151,1.0,0
0.666667,0.5,0.838929,1.0,0.714286,0.186997,0.5,0.083333,1.0,1.0,1
0.75,0.4,1.0,1.0,0.0,0.160912,0.125,0.583333,1.0,1.0,1
1.0,1.0,0.857476,0.446154,0.142857,0.309262,0.142857,0.5,0.857476,1.0,1
0.416667,0.6,0.700056,0.644902,0.142857,0.174674,0.5,0.083333,1.0,0.8,1
0.833333,0.2,0.574653,0.530769,0.571429,0.174216,0.166667,0.416667,1.0,1.0,1
0.416667,0.6,0.904503,0.064222,0.285714,1.0,1.0,0.0,1.0,0.8,0
1.0,0.4,0.863591,0.98229,1.0,0.141468,0.25,0.25,1.0,0.6,1
0.909091,0.666667,0.894996,0.698181,0.0,0.225417,0.111111,0.727273,1.0,1.0,1
0.545455,1.0,1.0,0.523266,0.0,0.336055,0.25,0.272727,1.0,0.5,1
0.454545,0.666667,0.958023,1.0,0.222222,0.168464,0.5,0.090909,1.0,0.5,1
0.636364,1.0,0.901973,0.236887,0.444444,0.669554,1.0,0.0,0.901973,0.666667,1
0.818182,0.666667,0.391027,0.462986,0.666667,0.148515,0.5,0.090909,0.586541,0.5,0
1.0,0.333333,0.163219,0.187394,1.0,0.15316,0.5,0.090909,0.489656,0.166667,1
0.818182,0.333333,0.473418,0.556684,0.888889,0.149544,1.0,0.0,1.0,0.333333,1
1.0,1.0,0.363796,0.217115,0.875,0.214216,0.333333,0.166667,0.363796,0.75,1
1.0,0.333333,0.650088,0.178037,0.5,0.466815,0.125,0.583333,1.0,1.0,1
0.583333,0.666667,0.371671,0.162406,0.375,0.292577,0.333333,0.166667,0.557507,0.5,1
0.75,0.333333,0.991711,0.795735,1.0,0.159331,1.0,0.0,1.0,0.75,1
0.916667,0.666667,1.0,1.0,0.5,0.127845,0.166667,0.416667,1.0,1.0,1
0.916667,1.0,0.502213,0.196239,0.625,0.562909,0.5,0.083333,0.502213,0.8,0
1.0,1.0,0.463488,0.161726,0.625,0.630369,0.333333,0.166667,0.463488,0.8,0
0.916667,0.8,0.447797,0.164381,0.375,0.599192,0.2,0.333333,0.559747,1.0,1
1.0,0.4,0.173003,0.238938,0.5,0.159259,0.142857,0.5,0.432509,0.8,1
0.333333,0.4,0.642024,1.0,0.0,0.141217,0.333333,0.166667,1.0,0.2,1
0.833333,0.4,1.0,0.090708,1.0,1.0,1.0,0.0,1.0,0.8,1
0.916667,1.0,0.086047,0.136239,0.222222,0.185011,0.2,0.333333,0.086047,1.0,0
0.5,1.0,0.623764,1.0,0.0,0.182719,0.5,0.083333,0.623764,0.8,1
0.75,0.6,0.238061,0.465407,0.555556,0.149836,0.5,0.083333,0.396768,0.8,0
1.0,0.2,0.087712,0.057604,1.0,0.446032,0.333333,0.166667,0.43856,0.6,1
0.833333,0.4,0.440017,0.592502,0.333333,0.217541,0.166667,0.416667,1.0,1.0,1
0.833333,0.4,1.0,0.570558,0.111111,0.513408,0.125,0.583333,1.0,1.0,1
0.583333,0.8,1.0,1.0,0.428571,0.128328,1.0,0.0,1.0,0.666667,1
0.666667,0.2,0.061284,0.04566,1.0,0.172238,1.0,0.0,0.306421,0.5,0
0.75,1.0,0.642576,0.587117,0.571429,0.140449,1.0,0.0,0.642576,1.0,0
0.5,0.8,0.357827,0.32014,0.285714,0.143434,1.0,0.0,0.447284,0.666667,0
0.583333,0.2,0.798911,0.031432,0.428571,1.0,0.25,0.25,1.0,0.666667,1
1.0,0.4,0.302691,0.122494,0.571429,0.317107,0.142857,0.5,0.756728,1.0,1
0.666667,0.2,0.295636,0.163756,1.0,0.231675,1.0,0.0,1.0,0.5,1
0.833333,0.6,0.537903,0.537313,0.0,0.164986,0.125,0.583333,0.896504,1.0,1
1.0,0.4,0.96903,0.596646,1.0,0.267665,0.166667,0.416667,1.0,1.0,1
0.75,0.4,0.858788,0.251152,0.2,0.563536,0.142857,0.5,1.0,1.0,1
0.583333,0.8,0.759168,0.961305,0.0,0.130151,0.25,0.25,0.94896,1.0,1
0.833333,1.0,0.154517,0.198636,1.0,0.1282,1.0,0.0,0.154517,1.0,0
1.0,0.2,1.0,1.0,1.0,0.164806,0.142857,0.5,1.0,1.0,1
0.833333,0.2,0.96903,0.277501,0.6,0.575498,0.142857,0.5,1.0,1.0,1
0.916667,0.8,0.07797,0.041411,0.666667,0.272243,0.5,0.083333,0.097463,1.0,0
0.833333,1.0,1.0,1.0,0.222222,0.144591,0.25,0.25,1.0,1.0,1
1.0,0.8,0.679952,0.679578,0.333333,0.144671,0.166667,0.416667,0.84994,1.0,0
0.666667,0.4,0.768267,0.067548,0.333333,1.0,0.25,0.25,1.0,0.666667,1
0.75,0.8,0.595448,0.021729,0.0,1.0,0.166667,0.416667,0.74431,0.833333,1
0.916667,0.2,0.950996,0.086915,1.0,1.0,0.5,0.083333,1.0,0.666667,1
1.0,0.2,0.259175,0.067548,0.888889,0.554779,0.25,0.25,1.0,0.833333,1
0.727273,0.4,0.417756,0.419322,0.0,0.227206,0.142857,0.545455,1.0,1.0,1
0.727273,0.8,1.0,1.0,0.285714,0.228058,0.333333,0.181818,1.0,1.0,1
0.909091,1.0,0.723186,0.867934,0.571429,0.190024,0.5,0.090909,0.723186,1.0,0
1.0,0.4,0.698288,0.032117,1.0,1.0,0.333333,0.181818,1.0,1.0,1
0.818182,1.0,0.208427,0.327338,0.428571,0.145212,0.5,0.090909,0.208427,1.0,0
0.909091,0.6,0.645448,0.414697,0.285714,0.354957,0.166667,0.454545,1.0,1.0,1
0.666667,0.6,0.259915,0.220503,1.0,0.160077,1.0,0.0,0.433192,0.8,0
0.666667,1.0,1.0,1.0,0.6,0.135804,1.0,0.0,1.0,1.0,1
1.0,1.0,0.790515,0.375896,0.2,0.285597,0.142857,0.5,0.790515,1.0,1
0.833333,1.0,0.59066,0.321052,0.8,0.249847,0.5,0.083333,0.59066,1.0,0
0.75,0.8,0.194781,0.061595,0.8,0.429452,0.5,0.083333,0.243476,1.0,0
0.416667,0.2,0.735322,0.336802,0.0,0.296493,0.2,0.333333,1.0,0.8,1
0.833333,0.6,0.475436,1.0,0.571429,0.15528,0.25,0.25,0.792393,1.0,1
0.916667,1.0,1.0,0.719807,0.428571,0.453739,0.25,0.25,1.0,1.0,0
1.0,0.8,0.822398,0.309869,0.142857,0.866815,0.125,0.583333,1.0,1.0,1
0.5,0.8,0.511886,0.484472,0.142857,0.345085,0.5,0.083333,0.639857,0.833333,0
1.0,0.4,0.453988,0.174948,1.0,0.847535,0.25,0.25,1.0,0.5,1
0.583333,0.6,0.567565,0.195307,0.571429,0.949117,1.0,0.0,0.945941,0.833333,1
0.583333,0.6,0.424089,0.226018,0.571429,0.612824,1.0,0.0,0.706815,0.833333,0
0.727273,0.6,0.363998,0.073347,0.285714,0.837108,0.25,0.272727,0.606664,0.8,0
0.909091,0.8,0.600692,0.670555,0.714286,0.151107,0.5,0.090909,0.750864,0.8,1
1.0,0.8,0.564438,0.379639,0.285714,0.250791,0.166667,0.454545,0.705548,0.8,0
0.090909,0.2,0.142498,0.019972,0.0,1.0,1.0,0.0,0.71249,0.2,0
0.636364,1.0,0.732293,0.622305,0.0,0.198495,0.333333,0.181818,0.732293,0.8,1
1.0,0.6,1.0,1.0,1.0,0.168682,0.5,0.090909,1.0,0.6,1
0.9,0.2,0.671091,0.1107,0.5,1.0,0.2,0.4,1.0,1.0,1
0.8,0.6,0.401269,0.226185,0.25,0.334327,0.25,0.3,0.668782,0.75,0
1.0,0.4,0.759261,0.564593,1.0,0.253428,1.0,0.0,1.0,0.75,1
1.0,1.0,1.0,1.0,0.375,0.188452,0.333333,0.2,1.0,1.0,1
0.9,1.0,0.780842,0.077425,0.5,1.0,1.0,0.0,0.780842,1.0,0
0.75,0.8,0.32252,0.22709,0.25,0.261331,0.25,0.25,0.40315,1.0,1
0.416667,0.8,0.389478,0.329635,0.0,0.217411,0.5,0.083333,0.486848,0.5,1
1.0,0.2,1.0,1.0,1.0,0.184006,0.25,0.25,1.0,0.75,1
0.916667,1.0,0.124038,0.136981,0.5,0.16662,0.333333,0.166667,0.124038,1.0,0
1.0,0.2,0.171345,0.249665,0.875,0.126284,0.2,0.333333,0.856727,0.75,1
1.0,0.2,0.306676,0.153466,0.571429,0.306231,0.142857,0.545455,1.0,1.0,1
1.0,0.2,0.897879,0.27745,0.142857,0.495922,0.1,0.818182,1.0,1.0,1
0.909091,1.0,0.842554,0.191394,0.428571,0.674604,0.333333,0.181818,0.842554,1.0,1
0.909091,0.6,1.0,1.0,1.0,0.153243,1.0,0.0,1.0,1.0,1
0.916667,1.0,0.999588,0.339526,1.0,0.640475,0.5,0.083333,0.999588,0.857143,0
1.0,0.8,1.0,0.983662,1.0,0.22116,0.25,0.25,1.0,0.857143,1
0.583333,0.8,0.106687,0.113921,0.6,0.203733,1.0,0.0,0.133359,1.0,0
0.666667,0.2,0.288169,0.182632,0.4,0.34326,0.166667,0.416667,1.0,1.0,1
0.333333,0.2,0.785391,1.0,0.4,0.170859,0.5,0.083333,1.0,0.428571,1
0.583333,1.0,0.7893,0.571173,0.0,0.300627,0.333333,0.166667,0.7893,1.0,1
0.75,1.0,0.652058,0.763205,0.8,0.185865,1.0,0.0,0.652058,0.857143,0
0.75,0.8,0.196502,0.160027,1.0,0.267133,1.0,0.0,0.245628,0.857143,0
0.909091,1.0,0.18785,0.408729,0.142857,0.125254,0.2,0.363636,0.18785,1.0,0
1.0,0.6,0.760676,0.04018,1.0,1.0,0.5,0.090909,1.0,0.714286,1
0.727273,0.2,0.466701,0.164877,0.428571,0.771429,0.2,0.363636,1.0,1.0,1
0.363636,0.4,0.591764,0.260132,0.0,0.619973,0.333333,0.181818,1.0,0.428571,1
0.545455,1.0,0.325241,0.60478,0.142857,0.146564,1.0,0.0,0.325241,0.571429,1
1.0,0.8,0.480427,1.0,0.714286,0.130932,0.333333,0.181818,0.600534,0.857143,0
0.909091,0.6,0.355109,0.487011,1.0,0.19872,1.0,0.0,0.591849,0.714286,0
0.909091,0.2,1.0,0.118808,1.0,1.0,0.333333,0.181818,1.0,0.714286,1
1.0,0.666667,0.230761,0.080183,1.0,0.80038,0.25,0.25,0.346141,0.6,1
0.833333,1.0,1.0,1.0,0.857143,0.27811,0.5,0.083333,1.0,0.8,1
0.75,0.666667,0.676058,0.409451,0.857143,0.459196,0.5,0.083333,1.0,0.8,1
0.583333,1.0,0.264196,0.344207,0.571429,0.213463,1.0,0.0,0.264196,0.8,0
0.833333,1.0,0.432142,0.755488,0.571429,0.15908,0.25,0.25,0.432142,1.0,0
0.5,1.0,0.544179,0.636585,0.428571,0.237739,1.0,0.0,0.544179,0.4,1
0.25,0.2,0.791197,0.224174,0.0,1.0,0.333333,0.166667,1.0,0.25,1
0.833333,0.4,0.432979,0.45643,1.0,0.316551,0.5,0.083333,1.0,0.5,1
1.0,0.4,0.443298,0.947646,0.714286,0.156099,0.166667,0.416667,1.0,0.75,1
0.5,0.4,1.0,0.573788,0.285714,0.581568,0.333333,0.166667,1.0,0.75,1
0.833333,1.0,0.617142,1.0,0.428571,0.205938,0.333333,0.166667,0.617142,0.75,1
1.0,1.0,0.056396,0.115083,1.0,0.415152,0.25,0.25,0.056396,1.0,1
0.833333,0.25,0.061645,0.268527,0.0,0.194481,0.1,0.75,0.246578,1.0,1
1.0,1.0,1.0,0.240628,0.6,1.0,0.166667,0.416667,1.0,1.0,1
0.583333,1.0,0.455593,1.0,0.2,0.385963,0.333333,0.166667,0.455593,1.0,1
0.833333,1.0,0.722759,0.487513,0.444444,0.239018,0.5,0.083333,0.722759,1.0,0
1.0,1.0,1.0,0.133425,0.222222,1.0,0.166667,0.416667,1.0,1.0,0
0.833333,0.8,0.846154,0.679268,0.666667,0.200831,1.0,0.0,1.0,1.0,1
0.833333,0.2,0.552679,0.656175,1.0,0.135792,1.0,0.0,1.0,0.833333,0
1.0,0.6,0.161379,0.071673,0.555556,0.363007,0.2,0.333333,0.268966,1.0,0
0.833333,0.8,0.774536,0.427985,0.666667,0.291767,1.0,0.0,0.96817,1.0,0
0.75,1.0,0.974536,1.0,0.222222,0.157116,0.333333,0.166667,0.974536,0.833333,1
1.0,1.0,0.908263,1.0,0.428571,0.167156,0.2,0.333333,0.908263,1.0,1
0.416667,0.6,0.691552,0.407491,0.285714,0.312333,1.0,0.0,1.0,0.75,1
1.0,0.6,0.237063,0.197817,0.142857,0.220552,0.111111,0.666667,0.395105,1.0,1
0.916667,0.6,0.139088,0.117071,1.0,0.21865,0.5,0.083333,0.231813,0.75,0
0.833333,1.0,1.0,0.416337,0.571429,0.442043,0.5,0.083333,1.0,1.0,0
1.0,0.6,0.867707,1.0,0.0,0.242435,0.1,0.75,1.0,1.0,1
0.833333,1.0,0.092699,0.05736,0.166667,0.451531,0.2,0.333333,0.092699,1.0,0
0.416667,0.6,0.290981,0.347088,0.0,0.234233,0.333333,0.166667,0.484969,0.6,1
1.0,1.0,0.877029,0.782265,0.833333,0.313244,0.333333,0.166667,0.877029,0.8,1
1.0,0.8,1.0,0.394205,1.0,0.70876,0.333333,0.166667,1.0,0.8,0
1.0,0.4,0.922908,0.757975,0.666667,0.340193,0.142857,0.5,1.0,1.0,1
1.0,1.0,0.294316,0.058496,0.8,0.767606,0.333333,0.2,0.294316,0.857143,0
0.9,0.25,0.108816,0.046962,1.0,0.353509,0.25,0.3,0.435264,0.714286,0
0.4,1.0,0.735925,0.060144,0.0,1.0,1.0,0.0,0.735925,0.428571,0
1.0,0.75,0.865128,0.41586,0.8,0.317385,0.25,0.3,1.0,0.857143,1
0.5,0.25,0.339274,0.178991,0.8,0.289183,1.0,0.0,1.0,0.714286,0
0.9,1.0,0.619414,0.692688,0.4,0.136426,0.25,0.3,0.619414,1.0,1
0.8,0.25,0.171459,0.054171,0.2,0.48289,0.142857,0.6,0.685838,1.0,1
0.6,0.75,1.0,1.0,0.0,0.152564,0.25,0.3,1.0,1.0,1
0.75,0.4,0.429815,0.165991,1.0,0.577138,0.333333,0.166667,1.0,1.0,1
0.666667,0.6,0.209124,0.338065,0.6,0.137875,0.333333,0.166667,0.34854,1.0,0
1.0,1.0,1.0,1.0,1.0,0.222885,0.333333,0.166667,1.0,1.0,1
0.5,0.6,0.375877,0.263326,0.0,0.318152,0.25,0.25,0.626462,1.0,1
1.0,1.0,0.295555,0.508111,1.0,0.129647,0.333333,0.166667,0.295555,1.0,0
0.5,0.4,0.609956,0.529548,0.0,0.256729,0.2,0.333333,1.0,1.0,1
1.0,0.8,0.119574,0.052723,0.6,0.505495,0.166667,0.416667,0.149467,1.0,0
0.727273,1.0,0.987002,0.876439,0.333333,0.150448,0.333333,0.181818,0.987002,1.0,1
0.545455,1.0,0.140649,0.080607,0.0,0.233107,0.333333,0.181818,0.140649,0.571429,0
0.545455,0.5,1.0,0.428075,0.166667,0.312084,0.25,0.272727,1.0,0.571429,1
0.545455,0.75,0.551101,0.446354,0.5,0.164947,1.0,0.0,0.734802,0.571429,0
0.818182,0.5,0.192229,0.140925,1.0,0.182231,0.5,0.090909,0.384458,0.571429,0
1.0,1.0,0.993706,1.0,1.0,0.132755,0.5,0.090909,0.993706,0.571429,1
0.727273,0.75,0.073334,0.067447,0.666667,0.145257,0.5,0.090909,0.097779,1.0,0
0.636364,0.25,0.428923,0.144215,1.0,0.397338,1.0,0.0,1.0,0.571429,1
0.818182,0.4,1.0,1.0,1.0,0.310813,0.5,0.090909,1.0,1.0,1
0.818182,1.0,0.562739,0.66372,0.5,0.263525,0.5,0.090909,0.562739,1.0,0
1.0,1.0,0.561974,0.808228,0.5,0.216113,0.25,0.272727,0.561974,1.0,1
0.818182,0.6,0.271524,0.531112,1.0,0.158899,1.0,0.0,0.45254,1.0,0
0.909091,0.8,0.19015,0.28145,0.333333,0.301263,0.2,0.363636,0.237687,1.0,0
0.818182,1.0,0.350972,1.0,0.0,0.156503,0.2,0.363636,0.350972,1.0,1
0.727273,0.4,1.0,0.11656,0.5,1.0,0.25,0.272727,1.0,1.0,1
1.0,0.8,0.253746,0.793177,1.0,0.142652,0.5,0.090909,0.317182,1.0,1
0.333333,0.25,0.412014,0.080442,0.5,0.839297,0.5,0.111111,1.0,1.0,1
0.777778,0.75,0.500157,0.497815,0.0,0.164636,0.2,0.444444,0.666876,1.0,1
1.0,1.0,1.0,1.0,1.0,0.163865,0.25,0.333333,1.0,1.0,1
0.444444,0.75,0.082183,0.085325,0.0,0.157831,0.5,0.111111,0.109578,1.0,0
0.75,0.2,0.900864,1.0,0.75,0.176438,0.333333,0.166667,1.0,0.333333,1
0.5,0.2,0.405508,0.577411,0.5,0.137546,0.5,0.083333,1.0,0.5,1
1.0,0.4,1.0,0.610618,1.0,0.320748,0.333333,0.166667,1.0,0.333333,1
1.0,1.0,0.527754,0.207487,0.5,0.498165,0.25,0.25,0.527754,0.833333,0
0.416667,0.8,0.653132,0.416455,0.125,0.307161,1.0,0.0,0.816415,0.666667,1
0.5,0.2,0.523974,0.366963,0.25,0.279654,0.25,0.25,1.0,0.666667,1
0.333333,0.4,0.427214,0.538706,0.25,0.15532,1.0,0.0,1.0,0.333333,0
0.818182,1.0,1.0,1.0,0.5,0.136993,0.5,0.090909,1.0,1.0,1
0.727273,1.0,0.75616,0.627642,0.5,0.165044,1.0,0.0,0.75616,1.0,0
1.0,0.6,0.707214,0.134408,0.833333,0.720814,0.25,0.272727,1.0,1.0,1
0.636364,0.8,0.180466,0.139577,0.5,0.177124,1.0,0.0,0.225583,1.0,0
1.0,0.6,0.768147,0.185191,0.166667,0.568227,0.125,0.636364,1.0,1.0,1
0.727273,0.4,0.917092,0.59556,1.0,0.210952,1.0,0.0,1.0,1.0,0
0.909091,1.0,0.591565,0.450661,0.333333,0.179825,0.25,0.272727,0.591565,1.0,0
0.727273,1.0,0.092342,0.08028,0.5,0.157576,1.0,0.0,0.092342,1.0,0
0.416667,1.0,1.0,1.0,0.166667,0.142508,1.0,0.0,1.0,0.25,1
0.5,0.25,0.758976,0.343332,0.833333,0.315032,1.0,0.0,1.0,0.5,1
1.0,0.5,0.080272,0.022644,0.666667,0.505195,0.142857,0.5,0.160545,1.0,0
0.833333,0.5,0.557883,0.554918,1.0,0.14327,0.333333,0.166667,1.0,0.5,1
1.0,1.0,0.253508,0.25908,0.833333,0.139444,0.25,0.25,0.253508,0.75,1
0.916667,1.0,0.548309,0.66545,0.222222,0.178566,0.166667,0.416667,0.548309,1.0,1
0.916667,1.0,0.912405,0.411473,0.666667,0.480545,0.5,0.083333,0.912405,0.666667,0
0.833333,0.5,1.0,1.0,0.777778,0.216714,0.5,0.083333,1.0,0.666667,1
0.5,1.0,0.44387,0.135072,0.222222,0.712162,1.0,0.0,0.44387,0.333333,0
0.916667,0.25,0.995428,0.14472,1.0,1.0,0.5,0.083333,1.0,0.666667,1
0.25,0.25,0.778366,0.60339,0.0,0.279559,0.333333,0.166667,1.0,0.333333,1
1.0,1.0,0.186139,0.285267,0.666667,0.141408,0.333333,0.166667,0.186139,0.666667,0
0.833333,1.0,0.843816,1.0,0.571429,0.158401,0.5,0.083333,0.843816,1.0,0
0.916667,0.6,1.0,0.654097,0.428571,0.286991,0.166667,0.416667,1.0,1.0,1
1.0,1.0,0.676273,0.845015,0.285714,0.150234,0.166667,0.416667,0.676273,1.0,0
0.583333,0.6,0.602966,0.603356,0.571429,0.187598,1.0,0.0,1.0,0.833333,1
0.5,0.6,0.252314,0.086673,0.428571,0.546469,1.0,0.0,0.420523,0.833333,0
0.833333,0.2,0.487905,0.622113,1.0,0.147223,0.333333,0.166667,1.0,0.666667,1
0.916667,0.6,0.671329,0.791905,0.285714,0.159137,0.142857,0.5,1.0,1.0,1
1.0,1.0,0.916865,0.859609,0.25,0.253112,0.25,0.3,0.916865,1.0,1
0.7,0.8,0.366651,0.506935,0.125,0.171636,0.333333,0.2,0.458313,0.5,0
1.0,0.6,1.0,0.729125,0.375,0.325466,0.2,0.4,1.0,1.0,1
1.0,0.2,0.610329,1.0,1.0,0.144834,0.5,0.1,1.0,0.75,1
1.0,0.4,0.554389,0.309369,1.0,0.425252,1.0,0.0,1.0,0.75,0
0.583333,1.0,0.754599,0.197709,0.4,0.61321,1.0,0.0,0.754599,1.0,1
0.916667,0.6,1.0,1.0,1.0,0.160664,0.25,0.25,1.0,1.0,1
1.0,1.0,0.178668,0.21008,1.0,0.136641,0.333333,0.166667,0.178668,1.0,0
0.666667,1.0,0.144018,0.106071,0.0,0.218143,0.25,0.25,0.144018,1.0,0
1.0,1.0,0.516042,0.217182,0.6,0.381751,0.2,0.333333,0.516042,1.0,0
0.583333,1.0,0.796636,0.363245,0.428571,0.356576,1.0,0.0,0.796636,0.714286,0
0.916667,0.75,0.867035,1.0,0.571429,0.14097,0.2,0.333333,1.0,1.0,1
0.916667,0.75,0.683835,0.58861,0.0,0.188892,0.111111,0.666667,0.911779,1.0,1
0.916667,0.75,0.102546,0.123829,0.857143,0.134644,0.333333,0.166667,0.136729,1.0,0
0.916667,0.25,0.709644,0.34526,1.0,0.334183,0.25,0.25,1.0,0.857143,1
0.666667,0.75,1.0,0.670288,0.428571,0.242566,0.333333,0.166667,1.0,1.0,1
0.75,0.25,0.885816,0.170663,0.0,0.843908,0.111111,0.666667,1.0,1.0,1
1.0,0.5,0.907017,0.366991,1.0,0.401838,0.25,0.25,1.0,0.857143,1
0.666667,0.4,0.403936,0.902866,0.571429,0.129602,0.333333,0.166667,1.0,1.0,1
0.833333,0.6,1.0,1.0,0.857143,0.289683,0.5,0.083333,1.0,0.857143,1
0.833333,1.0,0.253462,0.4727,0.714286,0.155329,1.0,0.0,0.253462,0.857143,0
1.0,0.8,0.462356,0.086275,0.714286,1.0,0.25,0.25,0.577944,0.857143,0
0.583333,1.0,0.350307,0.65822,0.285714,0.15417,1.0,0.0,0.350307,0.857143,0
0.416667,1.0,0.549412,0.973756,0.0,0.163445,1.0,0.0,0.549412,0.428571,1
0.666667,0.2,0.130688,0.054299,0.571429,0.697222,0.25,0.25,0.653442,1.0,0
1.0,0.6,0.369676,0.161388,1.0,0.663551,0.333333,0.166667,0.616127,0.714286,1
0.75,1.0,0.900944,0.083055,0.5,1.0,0.5,0.083333,0.900944,1.0,0
1.0,0.2,1.0,0.648985,0.5,0.272069,0.111111,0.666667,1.0,1.0,1
0.916667,0.4,0.953991,0.308578,0.166667,0.545874,0.111111,0.666667,1.0,1.0,1
0.833333,0.6,0.933391,1.0,0.666667,0.164808,0.25,0.25,1.0,1.0,1
0.916667,0.8,0.790901,0.300394,1.0,0.464884,0.5,0.083333,0.988627,1.0,1
0.833333,0.4,0.316663,0.624663,0.0,0.233621,0.111111,0.666667,0.791657,1.0,1
0.583333,0.2,0.265249,0.761443,0.5,0.160537,0.2,0.333333,1.0,1.0,1
0.75,0.8,0.367142,1.0,0.5,0.169198,0.25,0.25,0.458927,1.0,0
0.666667,0.8,1.0,0.989768,0.5,0.465615,0.333333,0.166667,1.0,1.0,1
1.0,1.0,0.817948,0.546581,0.25,0.689655,0.142857,0.5,0.817948,1.0,1
0.916667,0.8,0.509582,0.861066,1.0,0.272733,0.25,0.25,0.636977,1.0,0
1.0,1.0,0.4991,0.678541,0.0,0.145584,0.125,0.583333,0.4991,1.0,1
0.75,0.6,0.443409,0.324602,0.333333,0.270368,0.2,0.333333,0.739015,1.0,0
0.75,0.2,0.439174,0.432313,0.666667,0.201066,0.2,0.333333,1.0,1.0,1
0.916667,1.0,0.303759,0.393755,0.666667,0.152688,0.333333,0.166667,0.303759,1.0,0
1.0,0.6,0.365696,0.101425,1.0,0.713636,0.25,0.25,0.609494,1.0,0
0.583333,1.0,1.0,1.0,0.333333,0.197925,1.0,0.0,1.0,1.0,1
1.0,0.2,0.308916,0.437079,1.0,0.130634,0.25,0.25,1.0,0.714286,1
0.833333,0.8,0.693313,0.831835,0.375,0.154052,0.25,0.25,0.866641,1.0,1
1.0,0.2,1.0,0.284457,0.125,0.64977,0.090909,0.833333,1.0,1.0,1
0.583333,0.4,0.690679,0.670225,0.25,0.190472,0.25,0.25,1.0,0.857143,1
0.75,0.4,0.589868,0.135955,0.5,0.801928,0.25,0.25,1.0,1.0,1
0.916667,0.2,0.250659,0.1897,0.375,0.244225,0.125,0.583333,1.0,1.0,1
0.583333,1.0,0.995137,1.0,0.25,0.183933,1.0,0.0,0.995137,0.857143,0
1.0,0.2,0.448835,0.611985,0.375,0.135557,0.111111,0.666667,1.0,1.0,1
0.727273,0.6,1.0,0.337719,0.5,0.657224,0.333333,0.181818,1.0,1.0,1
0.636364,0.2,0.164752,0.209156,0.666667,0.174836,0.333333,0.181818,0.823762,1.0,1
0.818182,0.8,0.596641,0.130482,0.5,1.0,0.333333,0.181818,0.745801,1.0,0
0.454545,0.6,0.354576,0.077303,0.333333,1.0,1.0,0.0,0.59096,0.666667,0
0.909091,1.0,0.848586,1.0,0.0,0.18835,0.166667,0.454545,0.848586,1.0,1
1.0,0.6,0.797826,0.354441,1.0,0.499613,0.333333,0.181818,1.0,0.833333,1
0.727273,0.6,0.699395,0.787555,0.833333,0.197111,1.0,0.0,1.0,0.833333,0
1.0,0.4,0.87873,1.0,0.25,0.258681,0.111111,0.666667,1.0,1.0,1
1.0,0.8,1.0,0.462585,0.375,0.636381,0.166667,0.416667,1.0,1.0,1
0.75,0.8,0.794132,0.266785,0.625,0.876275,1.0,0.0,0.992666,1.0,0
0.833333,0.4,0.051743,0.033422,1.0,0.455752,1.0,0.0,0.129358,1.0,0
0.75,1.0,0.753341,0.886424,0.5,0.250184,1.0,0.0,0.753341,1.0,1
0.583333,0.6,0.789007,0.461697,0.285714,0.232289,0.333333,0.166667,1.0,0.333333,1
1.0,0.6,1.0,1.0,1.0,0.135927,0.333333,0.166667,1.0,0.666667,1
0.833333,1.0,0.806991,0.03529,0.428571,1.0,0.333333,0.166667,0.806991,1.0,0
0.75,0.4,0.909448,0.358582,1.0,0.344743,1.0,0.0,1.0,0.666667,1
0.416667,0.8,0.899889,0.283142,0.0,0.549188,0.5,0.083333,1.0,0.857143,1
0.5,1.0,0.384146,0.463218,0.2,0.1433,1.0,0.0,0.384146,1.0,0
1.0,0.8,1.0,1.0,0.6,0.172797,0.166667,0.416667,1.0,1.0,1
0.333333,0.2,0.506319,0.026628,0.6,1.0,1.0,0.0,1.0,0.857143,0
0.416667,0.4,0.478271,0.39636,0.4,0.208507,0.5,0.083333,1.0,0.857143,1
0.75,0.6,0.922395,0.157663,1.0,1.0,0.5,0.083333,1.0,0.571429,1
0.583333,0.8,0.101441,0.048851,0.2,0.358824,0.333333,0.166667,0.126802,1.0,0
0.75,1.0,0.352439,0.393487,0.2,0.154771,0.25,0.25,0.352439,1.0,0
1.0,0.8,0.300615,0.402552,0.714286,0.220653,0.25,0.25,0.375769,0.857143,0
0.916667,1.0,0.205994,0.364656,0.142857,0.166914,0.166667,0.416667,0.205994,1.0,0
0.916667,0.6,0.686036,1.0,1.0,0.202707,0.5,0.083333,1.0,0.857143,1
1.0,0.6,0.447062,0.58546,0.714286,0.225627,0.2,0.333333,0.745103,0.857143,0
1.0,0.6,1.0,0.451276,0.857143,0.654756,0.25,0.25,1.0,0.857143,1
0.25,0.4,0.825939,0.156613,0.0,1.0,0.5,0.083333,1.0,0.285714,1
0.75,0.8,0.861667,0.284609,0.285714,0.894565,0.25,0.25,1.0,1.0,1
0.916667,0.8,0.204554,0.078113,0.857143,0.773762,0.5,0.083333,0.255693,0.857143,0
1.0,1.0,0.250862,0.323975,0.555556,0.182929,0.333333,0.166667,0.250862,1.0,0
0.583333,1.0,0.612834,1.0,0.222222,0.144778,1.0,0.0,0.612834,0.833333,1
0.75,0.8,0.318004,0.248737,0.111111,0.302032,0.2,0.333333,0.397504,0.833333,0
0.916667,0.2,1.0,0.510668,1.0,0.462617,0.5,0.083333,1.0,0.333333,1
0.583333,0.2,0.116696,0.180517,0.0,0.152722,0.142857,0.5,0.583482,0.833333,1
0.75,1.0,0.117528,0.140371,0.444444,0.1978,1.0,0.0,0.117528,0.833333,0
0.833333,0.6,0.273797,0.093487,0.111111,0.691892,0.142857,0.5,0.456328,1.0,1
0.272727,0.5,0.934284,0.274207,0.222222,0.707016,1.0,0.0,1.0,0.0,1
0.909091,0.5,0.437494,0.291121,0.777778,0.311837,0.333333,0.181818,0.874987,0.8,1
1.0,0.5,0.473051,0.528964,1.0,0.185572,0.5,0.090909,0.946103,0.8,1
1.0,0.5,0.312073,0.11649,0.888889,0.555898,0.333333,0.181818,0.624147,0.8,0
1.0,1.0,0.399083,0.536575,0.666667,0.154334,0.25,0.272727,0.399083,0.8,1
1.0,1.0,1.0,1.0,0.888889,0.207505,0.5,0.090909,1.0,0.8,1
1.0,0.6,0.775348,0.629057,1.0,0.276905,0.333333,0.181818,1.0,1.0,1
0.909091,1.0,1.0,1.0,0.0,0.224659,0.166667,0.454545,1.0,1.0,1
0.909091,1.0,0.295396,0.432211,0.0,0.153544,0.166667,0.454545,0.295396,1.0,0
0.636364,1.0,0.1774,0.198969,0.166667,0.200305,0.5,0.090909,0.1774,1.0,0
0.583333,0.25,0.614387,0.803721,1.0,0.137014,0.333333,0.166667,1.0,1.0,1
0.666667,0.75,0.160577,0.020093,0.25,1.0,0.2,0.333333,0.214103,1.0,1
1.0,0.25,1.0,1.0,0.75,0.179237,0.111111,0.666667,1.0,1.0,1
1.0,1.0,0.238842,0.05786,1.0,0.739871,0.2,0.333333,0.238842,1.0,1
0.583333,0.8,0.061074,0.029822,0.333333,0.392908,0.5,0.083333,0.076342,1.0,0
0.25,0.4,0.526623,0.721658,0.0,0.140006,0.5,0.083333,1.0,0.75,1
0.916667,0.4,1.0,1.0,0.0,0.191857,0.1,0.75,1.0,1.0,1
1.0,0.6,0.477456,0.465313,1.0,0.196864,0.25,0.25,0.795759,0.75,1
0.583333,1.0,0.540403,0.780457,0.0,0.132846,0.333333,0.166667,0.540403,1.0,1
0.909091,0.2,0.516535,0.359139,0.375,0.184739,0.142857,0.545455,1.0,1.0,1
1.0,1.0,0.369746,0.11373,0.0,0.41759,0.142857,0.545455,0.369746,1.0,1
0.909091,1.0,0.24728,0.049603,0.0,0.640331,0.166667,0.454545,0.24728,1.0,0
0.818182,0.2,0.957755,0.109208,1.0,1.0,1.0,0.0,1.0,0.857143,1
1.0,0.2,0.947834,0.222801,1.0,0.546433,0.333333,0.181818,1.0,0.857143,1
0.909091,0.6,0.952528,0.241299,0.75,0.507041,0.5,0.090909,1.0,1.0,0
1.0,0.4,1.0,1.0,1.0,0.128446,0.5,0.090909,1.0,0.857143,1
0.727273,0.4,0.453168,0.43971,0.25,0.132378,0.2,0.363636,1.0,0.571429,1
0.75,1.0,0.093155,0.09862,0.75,0.190444,0.333333,0.166667,0.093155,1.0,0
1.0,0.75,1.0,1.0,1.0,0.201616,0.166667,0.416667,1.0,1.0,1
0.833333,1.0,0.806845,0.673174,0.25,0.24165,0.166667,0.416667,0.806845,1.0,1
0.5,1.0,0.460434,0.696062,0.25,0.133366,0.5,0.083333,0.460434,1.0,1
0.583333,1.0,0.997784,1.0,0.222222,0.151187,1.0,0.0,0.997784,0.6,1
1.0,1.0,0.618965,0.567522,0.222222,0.165258,0.166667,0.416667,0.618965,0.8,0
0.916667,0.4,0.579706,0.092348,0.555556,0.951169,0.2,0.333333,1.0,0.8,1
0.583333,0.4,1.0,0.441113,0.0,0.343502,0.166667,0.416667,1.0,0.8,1
0.916667,0.2,0.392275,0.335092,1.0,0.17738,0.5,0.083333,1.0,0.4,1
0.166667,0.2,0.976413,0.601343,0.111111,0.246031,1.0,0.0,1.0,0.2,1
0.833333,0.2,0.301418,0.255078,0.5,0.162857,0.142857,0.5,1.0,1.0,1
0.833333,1.0,0.840797,0.244999,0.0,0.472975,0.166667,0.416667,0.840797,1.0,0
1.0,0.8,1.0,1.0,0.166667,0.13782,0.125,0.583333,1.0,1.0,1
0.75,0.4,0.19982,0.192898,0.5,0.142765,0.2,0.333333,0.49955,1.0,1
1.0,0.8,0.897277,0.469375,1.0,0.263462,0.333333,0.166667,1.0,0.8,1
0.5,0.2,0.287691,0.264537,0.5,0.149883,0.333333,0.166667,1.0,0.8,1
0.909091,0.4,0.531183,0.495036,1.0,0.140467,1.0,0.0,1.0,0.666667,1
0.909091,1.0,0.436446,0.395466,0.5,0.144474,0.5,0.090909,0.436446,0.666667,0
1.0,0.8,1.0,1.0,0.625,0.130908,0.333333,0.181818,1.0,0.666667,1
0.363636,0.2,0.53107,0.186546,0.125,0.372677,0.333333,0.181818,1.0,0.0,1
1.0,0.8,1.0,0.439378,0.125,0.547375,0.125,0.583333,1.0,1.0,1
0.666667,0.2,0.30861,0.58691,0.5,0.126463,0.25,0.25,1.0,0.428571,1
1.0,0.2,0.227415,0.125805,1.0,0.434755,0.25,0.25,1.0,0.571429,0
0.916667,0.8,0.883783,1.0,0.625,0.212554,0.333333,0.166667,1.0,0.714286,1
0.25,0.6,0.304595,0.545601,0.0,0.134267,1.0,0.0,0.507659,0.428571,1
0.75,0.2,0.313741,0.267704,1.0,0.281864,1.0,0.0,1.0,0.571429,0
1.0,1.0,0.153915,0.037017,0.25,1.0,0.166667,0.416667,0.153915,1.0,0
0.333333,0.2,0.586438,0.362393,0.25,0.389193,0.5,0.083333,1.0,0.428571,1
0.916667,0.6,0.364799,0.128201,0.428571,0.40597,0.166667,0.416667,0.607999,0.8,1
1.0,0.2,0.745693,0.581395,1.0,0.182987,0.2,0.333333,1.0,0.6,1
1.0,0.8,1.0,1.0,0.428571,0.14267,0.166667,0.416667,1.0,0.8,1
0.833333,1.0,0.68307,0.701207,0.571429,0.13898,0.5,0.083333,0.68307,0.8,0
0.25,0.4,0.777159,0.412128,0.142857,0.269036,1.0,0.0,1.0,0.2,1
0.5,0.4,0.072836,0.066382,0.0,0.156541,0.2,0.333333,0.18209,0.8,1
0.583333,0.8,0.187714,0.026176,0.375,1.0,1.0,0.0,0.234642,0.857143,0
1.0,0.2,0.581181,0.03394,1.0,1.0,0.25,0.25,1.0,0.428571,1
0.75,0.4,0.57788,0.062112,0.25,1.0,0.166667,0.416667,1.0,1.0,1
0.666667,0.6,0.939158,0.062777,0.5,1.0,0.5,0.083333,1.0,0.714286,1
0.666667,0.4,1.0,1.0,0.25,0.188132,0.2,0.333333,1.0,0.857143,1
1.0,1.0,0.795189,0.323425,0.5,0.462551,0.25,0.25,0.795189,0.857143,0
0.333333,0.2,0.35102,0.508208,0.375,0.129943,1.0,0.0,1.0,0.571429,1
1.0,1.0,0.554416,0.505324,0.0,0.206409,0.125,0.583333,0.554416,1.0,0
0.833333,1.0,0.35583,0.351564,0.5,0.15857,0.25,0.25,0.35583,1.0,0
0.916667,0.75,0.985546,0.317405,1.0,0.486457,0.333333,0.166667,1.0,1.0,1
0.916667,0.75,1.0,0.079447,1.0,1.0,0.333333,0.166667,1.0,1.0,0
0.916667,0.25,0.680426,0.445212,1.0,0.23944,0.2,0.333333,1.0,1.0,1
0.833333,0.5,0.696962,0.126847,1.0,0.860817,0.333333,0.166667,1.0,1.0,0
1.0,1.0,0.486036,0.141815,0.333333,0.536942,0.142857,0.5,0.486036,1.0,0
0.75,1.0,0.97489,1.0,0.666667,0.152735,0.5,0.083333,0.97489,1.0,1
1.0,0.75,0.865066,0.03884,0.571429,1.0,0.166667,0.416667,1.0,0.857143,1
0.333333,0.25,0.075436,0.08268,0.285714,0.143145,0.5,0.083333,0.301742,0.428571,0
0.75,0.25,0.920846,0.305218,1.0,0.473348,0.5,0.083333,1.0,0.571429,1
0.833333,0.75,0.492244,0.072345,0.428571,1.0,0.2,0.333333,0.656325,1.0,0
0.583333,1.0,0.195814,0.161527,0.0,0.190196,0.25,0.25,0.195814,0.714286,1
0.833333,0.75,0.497556,0.103851,1.0,0.751685,1.0,0.0,0.663408,0.571429,1
1.0,0.5,1.0,1.0,0.714286,0.156893,0.166667,0.416667,1.0,0.857143,1
0.583333,1.0,0.178708,0.098516,0.285714,0.284602,0.5,0.083333,0.178708,0.714286,0
0.666667,0.4,0.239608,0.023133,0.142857,1.0,0.166667,0.416667,0.599019,1.0,0
0.916667,0.8,0.686475,0.142654,0.0,0.667141,0.125,0.583333,0.858094,1.0,1
0.916667,0.6,0.944526,1.0,0.428571,0.130946,0.166667,0.416667,1.0,1.0,1
1.0,1.0,1.0,0.436891,0.428571,0.317325,0.2,0.333333,1.0,1.0,0
1.0,0.6,0.763905,0.318994,0.428571,0.331997,0.142857,0.5,1.0,1.0,1
0.833333,0.6,0.228044,0.02638,1.0,1.0,1.0,0.0,0.380074,1.0,0
0.833333,0.4,0.862705,0.202516,0.0,0.590581,0.111111,0.666667,1.0,1.0,1
0.75,1.0,0.11534,0.107549,0.428571,0.148679,0.5,0.083333,0.11534,1.0,0
0.5,0.8,0.528345,0.272757,0.2,0.311611,0.5,0.083333,0.660431,1.0,0
0.833333,0.4,0.903216,1.0,0.8,0.145299,0.2,0.333333,1.0,1.0,1
0.833333,0.6,0.819316,0.972973,0.2,0.135464,0.142857,0.5,1.0,1.0,1
0.75,0.8,1.0,0.577682,0.6,0.278473,0.333333,0.166667,1.0,1.0,1
1.0,1.0,0.462276,0.311889,1.0,0.238437,0.333333,0.166667,0.462276,1.0,0
0.916667,0.6,0.316636,0.046095,1.0,1.0,0.25,0.25,0.527726,1.0,0
1.0,0.2,0.861779,0.7518,1.0,0.280705,0.166667,0.416667,1.0,1.0,1
0.833333,0.4,1.0,1.0,1.0,0.244882,0.333333,0.166667,1.0,1.0,1
0.916667,1.0,0.630291,0.676183,0.166667,0.228262,0.166667,0.416667,0.630291,1.0,1
0.75,0.6,0.52421,0.098251,0.5,1.0,0.25,0.25,0.873683,1.0,1
1.0,0.6,0.156647,0.120876,0.428571,0.164179,0.142857,0.5,0.261079,1.0,0
0.75,0.6,1.0,1.0,0.285714,0.126688,0.2,0.333333,1.0,1.0,1
0.666667,0.8,0.312176,0.01366,0.571429,1.0,1.0,0.0,0.39022,1.0,0
1.0,0.2,0.245041,0.094072,1.0,0.33,0.2,0.333333,1.0,1.0,1
0.833333,1.0,0.431492,0.259021,0.428571,0.211045,0.333333,0.166667,0.431492,1.0,1
1.0,1.0,0.102282,0.103406,0.2,0.128215,0.142857,0.5,0.102282,1.0,0
0.916667,0.4,1.0,1.0,0.4,0.129624,0.125,0.583333,1.0,1.0,1
0.5,0.8,0.414573,0.384584,0.0,0.139732,0.333333,0.166667,0.518216,1.0,0
0.416667,0.4,0.900335,0.018049,0.2,1.0,0.333333,0.166667,1.0,0.833333,1
0.833333,1.0,0.708438,0.6355,0.4,0.144501,0.25,0.25,0.708438,1.0,1
0.75,0.6,0.285176,0.212648,0.2,0.173835,0.166667,0.416667,0.475293,1.0,0
0.833333,0.4,0.430905,0.016556,1.0,1.0,0.25,0.25,1.0,0.833333,1
0.75,0.2,0.91636,0.277183,0.714286,0.555962,0.25,0.25,1.0,1.0,1
0.666667,1.0,0.088554,0.109296,0.0,0.136254,0.25,0.25,0.088554,1.0,0
0.583333,0.6,0.927638,0.517371,0.142857,0.301525,0.25,0.25,1.0,0.857143,1
1.0,0.4,0.39866,0.397746,0.285714,0.168555,0.111111,0.666667,0.99665,1.0,0
0.916667,1.0,1.0,0.817465,0.285714,0.20572,0.2,0.333333,1.0,1.0,0
1.0,0.8,0.907426,1.0,0.857143,0.152601,0.333333,0.166667,1.0,1.0,1
0.666667,0.2,0.507984,0.035305,1.0,1.0,1.0,0.0,1.0,0.857143,0
0.75,0.6,0.938023,0.997371,0.857143,0.158162,1.0,0.0,1.0,1.0,1
0.833333,1.0,0.630164,0.746162,0.666667,0.139794,0.5,0.083333,0.630164,1.0,0
0.916667,0.8,0.423798,0.37247,0.833333,0.188337,0.333333,0.166667,0.529748,1.0,0
1.0,0.8,1.0,1.0,1.0,0.165527,0.333333,0.166667,1.0,1.0,1
1.0,0.8,0.527087,0.312107,0.333333,0.279542,0.142857,0.5,0.658859,1.0,1
0.916667,0.8,0.533938,0.289253,1.0,0.305549,0.5,0.083333,0.667422,1.0,0
0.666667,1.0,0.06113,0.060014,0.333333,0.168605,0.5,0.083333,0.06113,1.0,0
0.916667,0.6,0.363933,0.426378,0.333333,0.141285,0.142857,0.5,0.606556,1.0,1
0.833333,0.2,0.196997,0.203453,1.0,0.200923,0.333333,0.166667,0.984986,0.75,0
1.0,1.0,1.0,1.0,0.571429,0.207508,0.25,0.25,1.0,1.0,1
0.75,1.0,0.894718,0.470721,0.428571,0.394418,0.5,0.083333,0.894718,1.0,1
0.583333,0.6,0.098951,0.047297,0.285714,0.434127,0.333333,0.166667,0.164918,0.75,0
1.0,1.0,0.160275,0.240991,0.285714,0.138006,0.166667,0.416667,0.160275,1.0,0
1.0,1.0,1.0,0.454466,1.0,0.51192,0.25,0.25,1.0,1.0,1
0.833333,1.0,0.104468,0.091947,0.75,0.264331,0.333333,0.166667,0.104468,1.0,0
0.75,0.8,0.558968,1.0,0.25,0.130044,0.2,0.333333,0.69871,1.0,1
0.416667,0.4,0.256891,0.418448,0.0,0.142827,0.25,0.25,0.642228,1.0,1
0.5,0.6,0.294902,0.311859,0.75,0.22,1.0,0.0,0.491504,1.0,0
0.636364,1.0,1.0,1.0,0.166667,0.139135,0.5,0.090909,1.0,1.0,1
0.909091,0.2,0.361171,0.024983,0.166667,1.0,0.111111,0.727273,1.0,1.0,1
1.0,0.6,0.669077,0.2666,0.666667,0.349182,0.2,0.363636,1.0,1.0,1
0.727273,0.8,0.213063,0.080651,0.333333,0.367568,0.333333,0.181818,0.266329,1.0,0
0.727273,0.4,0.453603,0.151744,1.0,0.415912,1.0,0.0,1.0,1.0,1
0.833333,1.0,0.38894,0.872793,0.375,0.174299,0.333333,0.166667,0.38894,1.0,0
0.666667,1.0,0.122294,0.195425,0.125,0.244764,0.333333,0.166667,0.122294,0.833333,1
0.833333,1.0,0.685031,1.0,0.5,0.267937,0.5,0.083333,0.685031,1.0,0
0.75,0.2,0.391505,0.510835,0.375,0.299764,0.166667,0.416667,1.0,1.0,1
0.916667,0.8,1.0,0.804575,0.5,0.486135,0.25,0.25,1.0,1.0,1
1.0,0.4,0.836463,0.95626,1.0,0.342132,0.333333,0.166667,1.0,0.833333,1
0.833333,1.0,0.117882,0.254815,0.375,0.180945,0.333333,0.166667,0.117882,1.0,0
0.909091,1.0,0.503869,0.118913,0.714286,1.0,0.333333,0.181818,0.503869,0.833333,0
1.0,0.666667,0.539553,0.346507,1.0,0.511202,0.333333,0.181818,0.809329,0.666667,1
1.0,1.0,1.0,0.781934,0.571429,0.419856,0.2,0.363636,1.0,0.833333,1
0.818182,0.333333,0.468616,0.161609,0.285714,0.951965,0.142857,0.545455,1.0,1.0,1
0.636364,0.666667,0.673796,0.346154,0.428571,0.639042,0.333333,0.181818,1.0,0.833333,1
0.363636,0.333333,0.406814,1.0,0.285714,0.133557,0.5,0.090909,1.0,0.5,1
0.727273,0.333333,0.901763,0.554693,0.428571,0.533715,0.2,0.363636,1.0,1.0,1
1.0,1.0,0.21636,0.200743,0.0,0.19445,0.142857,0.545455,0.21636,1.0,0
1.0,1.0,0.573131,0.73964,1.0,0.139799,0.333333,0.181818,0.573131,1.0,1
0.727273,0.8,0.275731,0.354378,0.75,0.140375,0.5,0.090909,0.344664,1.0,0
0.636364,1.0,0.674865,0.595778,0.0,0.204364,0.333333,0.181818,0.674865,1.0,1
1.0,0.2,1.0,1.0,0.75,0.180414,0.125,0.636364,1.0,1.0,1
1.0,0.666667,0.736098,0.596781,1.0,0.216988,0.333333,0.181818,1.0,0.333333,1
1.0,1.0,0.813451,0.119356,0.714286,1.0,0.25,0.272727,0.813451,0.666667,1
0.545455,1.0,0.950927,0.139005,0.285714,1.0,0.5,0.090909,0.950927,0.666667,1
0.363636,0.666667,1.0,1.0,0.285714,0.17592,1.0,0.0,1.0,0.333333,1
0.416667,1.0,0.082896,0.135557,0.0,0.281152,1.0,0.0,0.082896,1.0,0
0.75,0.6,0.445508,0.408801,0.75,0.501042,0.25,0.25,0.742513,1.0,1
0.75,0.6,0.385613,0.286728,1.0,0.618317,0.333333,0.166667,0.642688,1.0,1
1.0,1.0,0.213492,0.176011,0.75,0.557661,0.2,0.333333,0.213492,1.0,0
0.666667,0.2,1.0,0.66643,0.0,0.689883,0.125,0.583333,1.0,1.0,1
1.0,0.8,0.810744,1.0,0.75,0.372747,0.166667,0.416667,1.0,1.0,1
1.0,1.0,1.0,0.942702,0.0,0.380164,0.125,0.583333,1.0,1.0,1
0.333333,0.8,0.671384,0.450639,0.0,0.533935,1.0,0.0,0.83923,0.833333,1
0.666667,1.0,0.094523,0.04878,0.4,0.694444,0.5,0.083333,0.094523,1.0,0
0.916667,0.2,0.488063,0.901665,0.0,0.193989,0.090909,0.833333,1.0,1.0,1
0.916667,0.4,0.80404,1.0,1.0,0.288153,0.2,0.333333,1.0,0.833333,1
0.75,0.8,0.345144,0.390244,0.6,0.316964,0.333333,0.166667,0.43143,1.0,0
0.916667,0.8,0.224047,0.435927,0.0,0.184192,0.125,0.583333,0.280058,1.0,0
0.666667,0.25,0.329828,0.189333,0.375,0.28125,0.2,0.333333,1.0,0.833333,1
0.583333,0.5,0.771404,0.820099,0.375,0.151861,0.333333,0.166667,1.0,0.666667,1
0.916667,0.75,1.0,1.0,0.75,0.161447,0.333333,0.166667,1.0,1.0,1
1.0,0.75,0.467708,0.134968,0.5,0.559466,0.166667,0.416667,0.62361,1.0,1
0.833333,0.25,0.552687,0.235637,0.875,0.378675,0.333333,0.166667,1.0,0.833333,1
0.916667,0.25,0.162311,0.157434,1.0,0.166449,0.333333,0.166667,0.649246,0.666667,0
0.916667,1.0,0.733907,0.351226,0.375,0.337354,0.2,0.333333,0.733907,1.0,0
0.916667,0.6,0.851635,0.064158,1.0,1.0,0.333333,0.166667,1.0,1.0,1
1.0,0.4,0.80605,0.363441,0.5,0.746351,0.125,0.583333,1.0,1.0,1
0.833333,1.0,0.575141,1.0,0.5,0.193548,0.333333,0.166667,0.575141,1.0,0
0.833333,0.2,0.214932,0.562724,0.0,0.128535,0.1,0.75,1.0,1.0,1
0.583333,0.4,0.794227,0.74767,0.833333,0.357478,1.0,0.0,1.0,1.0,1
0.833333,0.8,0.902333,0.509677,0.666667,0.595781,0.333333,0.166667,1.0,1.0,0
1.0,0.4,0.454468,0.089247,0.5,1.0,0.125,0.583333,1.0,1.0,1
0.583333,0.2,1.0,0.850896,0.666667,0.395493,0.333333,0.166667,1.0,1.0,1
1.0,0.4,1.0,1.0,0.375,0.205721,0.125,0.583333,1.0,1.0,1
0.833333,0.4,0.141114,0.163335,1.0,0.177734,1.0,0.0,0.352786,0.333333,1
0.333333,0.4,0.127055,0.061676,0.25,0.423793,1.0,0.0,0.317637,0.666667,1
0.666667,1.0,0.082188,0.092726,0.25,0.182339,0.5,0.083333,0.082188,0.666667,1
0.909091,1.0,0.296505,0.056812,0.0,0.943204,0.166667,0.454545,0.296505,1.0,1
1.0,0.4,1.0,1.0,0.428571,0.180723,0.142857,0.545455,1.0,1.0,1
0.454545,0.2,0.936975,0.2631,0.571429,0.643606,1.0,0.0,1.0,0.75,1
0.818182,0.4,0.342439,0.084666,1.0,0.730945,1.0,0.0,0.856096,0.75,1
1.0,1.0,0.34778,0.423883,0.428571,0.148276,0.25,0.272727,0.34778,1.0,0
0.916667,1.0,0.067448,0.078327,0.222222,0.142585,0.2,0.333333,0.067448,1.0,1
0.833333,0.4,0.512828,0.228842,0.111111,0.371066,0.125,0.583333,1.0,1.0,1
1.0,1.0,0.063239,0.063558,0.555556,0.164752,0.333333,0.166667,0.063239,1.0,0
1.0,0.2,1.0,0.995851,1.0,0.166272,0.333333,0.166667,1.0,0.75,1
0.75,0.8,0.852676,1.0,0.333333,0.141188,0.333333,0.166667,1.0,0.75,1
1.0,0.6,0.306202,0.437288,0.571429,0.126083,0.2,0.363636,0.510336,1.0,0
0.727273,1.0,0.447508,0.065404,0.428571,1.0,1.0,0.0,0.447508,1.0,0
1.0,0.6,0.5134,0.102891,1.0,0.89845,0.5,0.090909,0.855666,0.75,1
0.818182,0.8,1.0,1.0,0.714286,0.18006,1.0,0.0,1.0,1.0,1
0.545455,0.8,0.563123,0.441675,0.0,0.229571,0.333333,0.181818,0.703904,0.75,1
0.625,0.2,0.108628,0.042093,1.0,0.369804,1.0,0.0,0.54314,1.0,0
1.0,1.0,0.367354,0.305216,0.0,0.172472,0.25,0.375,0.367354,1.0,1
0.75,0.2,0.241101,0.115385,0.5,0.299428,0.25,0.375,1.0,1.0,1
0.75,0.2,1.0,1.0,0.0,0.143298,0.166667,0.625,1.0,1.0,1
1.0,0.4,0.821334,0.521954,0.5,0.22549,0.2,0.5,1.0,1.0,1
1.0,0.75,0.561612,1.0,0.333333,0.328741,0.125,0.583333,0.748816,1.0,1
0.333333,0.25,0.350602,0.233571,0.333333,0.878644,0.5,0.083333,1.0,0.5,1
0.833333,1.0,1.0,0.841647,0.666667,0.695484,0.333333,0.166667,1.0,0.75,1
0.833333,0.5,0.702556,0.164687,0.333333,1.0,0.142857,0.5,1.0,1.0,1
0.833333,0.25,0.7173,0.449723,1.0,0.933627,0.25,0.25,1.0,0.75,1
1.0,0.8,0.648155,0.636277,1.0,0.168279,0.333333,0.166667,0.810193,0.833333,1
0.583333,1.0,0.409464,0.193043,0.0,0.350396,0.333333,0.166667,0.409464,1.0,0
0.833333,1.0,0.886613,0.517393,0.5,0.283081,0.333333,0.166667,0.886613,1.0,0
0.333333,0.4,0.245979,0.207187,0.0,0.196125,0.333333,0.166667,0.614949,0.666667,1
0.916667,0.6,0.811639,1.0,0.166667,0.134079,0.125,0.583333,1.0,1.0,1
0.916667,0.6,1.0,0.387615,0.5,0.426183,0.166667,0.416667,1.0,1.0,1
1.0,0.2,0.274789,0.228402,0.833333,0.198745,0.142857,0.5,1.0,0.833333,1
1.0,0.2,0.402745,0.41305,0.0,0.268477,0.090909,0.909091,1.0,1.0,1
1.0,0.6,0.317928,0.244169,0.0,0.358525,0.111111,0.727273,0.529881,1.0,0
0.909091,1.0,1.0,1.0,0.285714,0.275347,0.25,0.272727,1.0,1.0,1
1.0,0.4,0.497963,0.680543,1.0,0.201475,0.333333,0.181818,1.0,1.0,1
0.818182,0.2,0.720888,0.383525,0.0,0.517552,0.111111,0.727273,1.0,1.0,1
1.0,0.2,0.331332,0.235607,1.0,0.387218,0.25,0.272727,1.0,1.0,1
0.888889,0.6,0.387079,0.686922,0.428571,0.138962,0.333333,0.222222,0.645132,0.666667,0
1.0,0.2,0.503321,0.465786,1.0,0.266478,0.5,0.111111,1.0,0.666667,1
1.0,1.0,1.0,0.294055,0.428571,0.838634,0.5,0.111111,1.0,0.666667,1
0.333333,0.4,0.915363,1.0,0.0,0.225733,0.5,0.111111,1.0,0.0,1
0.875,0.5,0.220791,0.264458,0.0,0.16189,0.166667,0.625,0.441581,1.0,1
1.0,0.25,0.110468,0.156373,0.6,0.136984,0.2,0.5,0.441871,1.0,1
1.0,1.0,0.172723,0.176305,0.8,0.189968,1.0,0.0,0.172723,1.0,0
0.75,0.25,0.318228,0.047445,1.0,1.0,1.0,0.0,1.0,0.75,1
0.625,0.75,1.0,1.0,0.2,0.193908,0.5,0.125,1.0,0.75,1
0.909091,1.0,0.799716,0.485986,1.0,0.265905,1.0,0.0,0.799716,0.8,0
0.909091,1.0,0.419003,0.443152,0.333333,0.152784,0.2,0.363636,0.419003,1.0,0
1.0,1.0,1.0,0.726776,0.666667,0.222338,0.25,0.272727,1.0,1.0,1
0.454545,0.5,0.981237,1.0,0.166667,0.158558,0.333333,0.181818,1.0,0.8,1
0.909091,0.75,0.819679,0.6471,0.0,0.204685,0.125,0.636364,1.0,1.0,1
1.0,0.75,0.764154,0.929667,0.666667,0.132821,0.2,0.363636,1.0,1.0,1
0.454545,1.0,1.0,0.1922,0.0,1.0,1.0,0.0,1.0,0.571429,1
1.0,0.6,0.571662,0.68893,0.714286,0.177932,0.25,0.272727,0.95277,0.714286,1
0.909091,0.8,0.987802,1.0,0.428571,0.211817,0.25,0.272727,1.0,1.0,0
0.818182,0.6,0.638532,0.814339,0.285714,0.168139,0.2,0.363636,1.0,1.0,1
0.727273,0.2,0.642344,0.875525,1.0,0.157322,1.0,0.0,1.0,0.714286,1
0.818182,0.8,0.397081,0.636385,0.428571,0.133798,0.333333,0.181818,0.496352,1.0,0
1.0,0.8,0.839142,0.080103,0.857143,1.0,0.5,0.090909,1.0,0.714286,0
0.454545,0.4,0.314746,0.532228,0.428571,0.12681,1.0,0.0,0.786866,0.571429,0
0.454545,0.5,1.0,0.129767,0.333333,1.0,0.5,0.090909,1.0,0.714286,1
0.727273,1.0,0.818123,0.909331,0.0,0.200528,0.2,0.363636,0.818123,1.0,1
0.909091,0.75,0.091369,0.088271,0.333333,0.230707,0.166667,0.454545,0.121825,1.0,0
1.0,1.0,0.685536,1.0,1.0,0.152794,0.5,0.090909,0.685536,0.714286,1
0.909091,1.0,0.221373,0.369393,0.666667,0.133571,0.333333,0.181818,0.221373,1.0,0
0.545455,0.25,0.338356,0.180139,0.666667,0.418642,0.5,0.090909,1.0,0.714286,1
0.818182,0.75,0.709858,0.300792,1.0,0.525997,1.0,0.0,0.946477,0.714286,0
0.727273,1.0,0.775183,0.748381,0.166667,0.230865,0.25,0.272727,0.775183,1.0,0
0.545455,0.2,1.0,1.0,1.0,0.152393,1.0,0.0,1.0,0.714286,1
0.454545,0.4,0.477467,0.474319,0.0,0.153404,0.25,0.272727,1.0,0.857143,1
1.0,0.2,0.495085,0.341634,0.4,0.220843,0.111111,0.727273,1.0,1.0,1
1.0,0.8,0.579982,0.029767,0.8,1.0,0.25,0.272727,0.724978,0.857143,1
0.818182,1.0,0.497128,0.416342,0.6,0.181963,0.5,0.090909,0.497128,0.857143,0
1.0,0.8,0.459977,0.063813,0.0,1.0,0.125,0.636364,0.574971,1.0,0
0.272727,0.4,0.171326,0.074514,0.2,0.350392,1.0,0.0,0.428316,0.571429,0
0.636364,0.8,0.52432,0.539105,0.2,0.148214,0.333333,0.181818,0.6554,1.0,1
0.909091,0.2,0.330212,0.08217,1.0,0.884123,0.25,0.272727,1.0,1.0,1
0.818182,0.2,0.85747,0.732662,0.666667,0.257482,0.2,0.363636,1.0,1.0,1
0.818182,0.4,1.0,1.0,0.166667,0.220005,0.142857,0.545455,1.0,1.0,1
1.0,0.4,0.186226,0.235523,0.666667,0.173955,0.166667,0.454545,0.465564,1.0,1
0.818182,1.0,0.105909,0.118334,0.5,0.196905,0.5,0.090909,0.105909,1.0,0
1.0,0.2,0.375364,0.327764,1.0,0.251955,0.2,0.363636,1.0,1.0,1
0.727273,0.4,0.710986,0.216526,0.833333,0.72241,0.5,0.090909,1.0,1.0,1
0.909091,1.0,0.786181,0.682224,0.8,0.161402,0.5,0.090909,0.786181,1.0,0
1.0,0.4,0.362137,0.124228,1.0,0.408287,0.2,0.363636,0.905341,1.0,1
0.818182,1.0,1.0,1.0,0.8,0.140059,1.0,0.0,1.0,1.0,1
1.0,1.0,0.637537,0.079844,0.4,1.0,0.2,0.363636,0.637537,1.0,0
0.727273,0.6,0.568278,0.524136,0.2,0.151855,0.2,0.363636,0.947131,1.0,1
0.909091,0.6,0.471905,0.185541,0.8,0.356227,0.25,0.272727,0.786508,1.0,0
0.416667,1.0,0.379879,1.0,0.0,0.12889,1.0,0.0,0.379879,1.0,0
1.0,0.4,0.255571,0.613199,1.0,0.141411,0.142857,0.5,0.638928,1.0,1
0.916667,1.0,0.723174,0.677448,0.75,0.362194,0.25,0.25,0.723174,1.0,0
0.416667,0.8,0.678861,0.888986,0.0,0.259095,0.5,0.083333,0.848577,1.0,1
0.833333,0.8,1.0,0.377185,1.0,0.899537,0.333333,0.166667,1.0,1.0,1
0.636364,1.0,0.834466,0.739945,0.428571,0.200844,1.0,0.0,0.834466,0.8,1
1.0,0.5,0.204012,0.193479,0.857143,0.18779,0.25,0.272727,0.408025,0.4,1
0.454545,0.75,1.0,1.0,0.0,0.178094,0.333333,0.181818,1.0,0.6,1
0.545455,0.25,0.535409,0.688793,0.571429,0.138435,0.5,0.090909,1.0,0.6,0
0.818182,0.25,0.335891,0.409996,1.0,0.145905,0.5,0.090909,1.0,0.2,1
0.454545,0.25,0.485529,0.168489,0.428571,0.51321,0.5,0.090909,1.0,0.6,1
1.0,0.2,0.723844,0.66971,1.0,0.155112,0.2,0.333333,1.0,1.0,1
0.75,0.2,0.434511,0.172481,0.857143,0.361531,0.333333,0.166667,1.0,1.0,1
0.916667,0.4,0.368284,0.089175,1.0,0.592687,0.333333,0.166667,0.920709,1.0,0
1.0,1.0,1.0,1.0,0.714286,0.143512,0.333333,0.166667,1.0,1.0,1
0.916667,1.0,0.798478,0.468373,0.428571,0.244657,0.25,0.25,0.798478,1.0,0
0.916667,0.2,0.113143,0.119335,0.714286,0.136066,0.166667,0.416667,0.565716,1.0,1
0.75,1.0,0.450302,0.495875,0.666667,0.166419,1.0,0.0,0.450302,1.0,0
0.666667,0.2,1.0,1.0,0.833333,0.183261,0.333333,0.166667,1.0,1.0,1
0.833333,0.2,0.689136,0.597264,1.0,0.21145,0.25,0.25,1.0,1.0,1
1.0,0.6,0.328753,0.451802,0.0,0.133349,0.1,0.75,0.547921,1.0,1
0.833333,0.4,0.517711,0.032132,1.0,1.0,0.333333,0.166667,1.0,1.0,1
0.75,1.0,0.193579,0.130048,0.333333,0.272788,0.333333,0.166667,0.193579,1.0,0
0.583333,0.2,0.719938,0.451151,0.5,0.292445,0.25,0.25,1.0,1.0,1
0.727273,0.4,0.957536,1.0,0.4,0.134109,0.2,0.363636,1.0,1.0,1
0.727273,1.0,0.44692,0.2111,0.2,0.296513,0.333333,0.181818,0.44692,1.0,0
0.545455,1.0,1.0,0.723686,0.2,0.193531,1.0,0.0,1.0,1.0,1
1.0,0.8,0.896994,0.89813,0.8,0.139879,0.25,0.272727,1.0,1.0,1
1.0,1.0,0.631385,0.398057,1.0,0.222152,0.5,0.090909,0.631385,1.0,0
1.0,1.0,0.684283,0.733945,0.444444,0.126191,0.2,0.333333,0.684283,1.0,0
1.0,0.5,0.480407,0.127867,0.111111,0.50852,0.1,0.75,0.960813,1.0,1
1.0,0.75,0.683753,0.202982,0.222222,0.455932,0.125,0.583333,0.911671,1.0,1
1.0,0.5,0.933383,1.0,0.666667,0.126333,0.2,0.333333,1.0,0.857143,1
0.916667,0.5,0.78924,0.368836,0.555556,0.289623,0.2,0.333333,1.0,0.857143,1
0.416667,0.5,1.0,0.157683,0.333333,0.858364,1.0,0.0,1.0,0.428571,1
0.75,0.75,0.164266,0.078125,0.666667,0.284587,1.0,0.0,0.219021,0.714286,0
0.833333,0.25,0.627092,0.348337,1.0,0.243663,1.0,0.0,1.0,0.714286,1
0.5,0.75,0.540201,0.378911,0.0,0.525994,0.25,0.25,0.720268,0.714286,1
0.5,0.5,0.206763,0.181924,0.142857,0.419321,0.25,0.25,0.413526,0.714286,0
1.0,0.75,1.0,1.0,0.285714,0.368946,0.125,0.583333,1.0,1.0,1
0.833333,1.0,0.631177,0.66319,0.857143,0.351136,1.0,0.0,0.631177,0.714286,0
0.583333,0.5,0.452994,0.6292,0.0,0.265623,0.166667,0.416667,0.905988,0.857143,1
0.666667,0.25,0.17745,0.455002,1.0,0.143888,1.0,0.0,0.709799,0.428571,1
0.583333,1.0,0.334799,0.849749,0.285714,0.145364,0.5,0.083333,0.334799,0.857143,0
1.0,0.75,0.405988,0.965624,0.142857,0.15512,0.111111,0.666667,0.541318,1.0,1
0.916667,0.75,0.931931,0.845367,0.333333,0.152989,0.166667,0.416667,1.0,1.0,1
0.916667,0.75,0.912638,1.0,0.777778,0.126655,0.5,0.083333,1.0,0.857143,1
0.583333,1.0,1.0,0.602136,0.0,0.230477,0.25,0.25,1.0,0.714286,1
0.916667,1.0,0.404184,0.351986,0.222222,0.159359,0.166667,0.416667,0.404184,1.0,0
0.833333,0.25,0.772382,0.515794,1.0,0.207816,1.0,0.0,1.0,0.857143,1
1.0,1.0,0.585086,0.104994,0.555556,0.773352,0.25,0.25,0.585086,1.0,0
0.916667,0.5,0.833297,0.36417,0.555556,0.317555,0.2,0.333333,1.0,1.0,0
0.916667,0.25,0.857576,0.09657,0.111111,1.0,0.1,0.75,1.0,1.0,1
0.25,0.2,1.0,0.82945,0.111111,0.212464,0.5,0.083333,1.0,0.4,1
0.75,0.2,0.6415,0.780124,0.333333,0.144914,0.166667,0.416667,1.0,0.6,1
0.916667,0.2,0.214522,0.182381,1.0,0.207285,0.5,0.083333,1.0,0.2,1
0.666667,0.2,0.605763,0.537677,0.222222,0.198544,0.166667,0.416667,1.0,0.8,1
0.666667,1.0,0.797666,0.172552,0.0,0.814662,0.25,0.25,0.797666,0.8,0
1.0,1.0,0.71824,1.0,0.444444,0.126574,0.25,0.25,0.71824,0.8,1
0.909091,0.8,0.931559,0.936107,0.0,0.148113,0.142857,0.545455,1.0,1.0,1
1.0,1.0,1.0,1.0,0.8,0.148836,0.333333,0.181818,1.0,1.0,1
0.545455,0.4,0.737992,0.502889,0.8,0.218418,1.0,0.0,1.0,1.0,0
0.818182,0.8,0.61797,0.222718,0.8,0.412973,0.5,0.090909,0.772463,1.0,0
0.909091,0.4,0.160732,0.05085,0.0,0.470455,0.111111,0.727273,0.40183,1.0,0
0.636364,0.4,0.723239,0.753508,0.4,0.142857,0.25,0.272727,1.0,1.0,1
0.818182,0.8,0.24548,0.223873,1.0,0.163201,1.0,0.0,0.30685,1.0,0
0.5,1.0,0.50425,0.234128,0.111111,0.342946,1.0,0.0,0.50425,0.5,1
1.0,0.6,0.363692,0.115533,0.111111,0.501255,0.111111,0.666667,0.606153,1.0,1
0.75,0.2,0.540275,0.054141,0.111111,1.0,0.125,0.583333,1.0,0.75,1
0.916667,0.8,0.440903,0.26281,0.666667,0.267137,0.5,0.083333,0.551128,0.75,0
0.833333,0.2,1.0,1.0,1.0,0.159233,1.0,0.0,1.0,0.5,1
0.833333,1.0,0.797756,0.705607,0.571429,0.142586,0.5,0.083333,0.797756,1.0,1
0.916667,0.2,1.0,1.0,0.285714,0.126116,0.111111,0.666667,1.0,1.0,1
0.916667,0.6,0.084191,0.049195,1.0,0.215831,0.5,0.083333,0.140318,0.857143,0
0.416667,0.4,0.256072,0.016096,0.428571,1.0,1.0,0.0,0.640181,0.714286,0
0.916667,0.8,0.522952,0.319055,0.428571,0.206713,0.2,0.333333,0.65369,1.0,0
1.0,0.4,0.635241,0.428868,0.571429,0.186804,0.142857,0.5,1.0,1.0,1
0.833333,0.4,0.385447,0.343977,0.857143,0.141321,0.333333,0.166667,0.963617,0.857143,1
0.833333,0.2,0.326986,0.279725,0.428571,0.147425,0.142857,0.5,1.0,1.0,1
0.909091,0.8,1.0,0.116046,0.666667,1.0,0.333333,0.181818,1.0,1.0,0
1.0,0.4,0.755888,1.0,0.166667,0.24255,0.111111,0.727273,1.0,1.0,1
0.909091,0.8,0.774194,0.863897,1.0,0.287562,1.0,0.0,0.967742,0.8,1
0.818182,1.0,0.466347,0.623926,0.666667,0.239839,1.0,0.0,0.466347,1.0,0
1.0,0.4,0.318004,0.631447,0.5,0.1616,0.142857,0.545455,0.795011,1.0,1
0.454545,0.2,0.626298,0.557307,0.0,0.360604,0.2,0.363636,1.0,0.8,1
0.583333,0.8,0.985692,0.568556,0.6,0.317885,1.0,0.0,1.0,1.0,1
0.833333,0.8,0.59718,0.076216,1.0,1.0,0.5,0.083333,0.746475,0.857143,0
0.416667,0.4,0.895039,1.0,0.2,0.164113,0.333333,0.166667,1.0,0.571429,1
1.0,1.0,0.557076,0.74684,1.0,0.136769,0.333333,0.166667,0.557076,0.857143,0
0.833333,0.4,1.0,0.862505,0.8,0.212589,0.2,0.333333,1.0,1.0,1
0.666667,1.0,0.685431,0.307354,0.6,0.40891,1.0,0.0,0.685431,1.0,0
0.833333,0.6,0.243969,0.26082,1.0,0.171512,0.333333,0.166667,0.406614,0.857143,0
0.666667,0.2,0.504334,0.319226,0.8,0.289682,0.25,0.25,1.0,1.0,1
0.636364,1.0,0.748223,0.511913,0.333333,0.462573,0.5,0.090909,0.748223,1.0,1
0.909091,0.5,1.0,0.180344,0.833333,1.0,0.25,0.272727,1.0,1.0,1
0.636364,0.75,0.946675,1.0,0.166667,0.299603,0.25,0.272727,1.0,1.0,1
1.0,1.0,0.514011,0.220384,1.0,0.738138,0.5,0.090909,0.514011,1.0,0
0.545455,1.0,1.0,0.767472,0.0,0.214895,0.333333,0.181818,1.0,0.666667,1
1.0,1.0,0.516736,0.510223,0.0,0.167031,0.125,0.636364,0.516736,1.0,0
0.818182,0.75,0.991435,1.0,0.0,0.163513,0.142857,0.545455,1.0,1.0,1
0.909091,0.5,0.666066,0.541078,1.0,0.203023,0.5,0.090909,1.0,0.666667,1
0.833333,0.75,0.579204,0.282407,0.5,1.0,0.2,0.333333,0.772272,1.0,1
0.833333,1.0,0.181458,0.643004,0.5,0.14296,0.25,0.25,0.181458,1.0,1
0.5,1.0,0.762896,1.0,0.0,0.386471,0.333333,0.166667,0.762896,0.666667,1
1.0,0.25,1.0,0.980453,1.0,0.516684,0.166667,0.416667,1.0,0.666667,1
0.833333,0.75,0.314766,0.474105,0.666667,0.248273,0.25,0.25,0.419688,1.0,1
0.75,0.75,0.850204,1.0,1.0,0.317936,1.0,0.0,1.0,1.0,1
0.75,1.0,1.0,0.170221,0.666667,1.0,0.5,0.083333,1.0,1.0,0
1.0,0.5,0.07169,0.16032,1.0,0.167221,0.2,0.333333,0.143381,1.0,1
0.8,0.75,0.779906,0.689721,0.833333,0.625575,1.0,0.0,1.0,1.0,1
0.8,0.25,0.08946,0.270939,0.5,0.18267,0.2,0.4,0.357839,1.0,1
0.6,1.0,1.0,0.738579,0.166667,0.749055,0.5,0.1,1.0,0.666667,1
1.0,0.25,0.535727,1.0,1.0,0.296383,0.25,0.3,1.0,0.666667,1
0.727273,0.6,0.297015,0.408568,0.0,0.191837,0.166667,0.454545,0.495024,1.0,1
0.545455,0.6,0.77032,0.686601,0.4,0.296064,0.5,0.090909,1.0,1.0,1
0.727273,1.0,0.401177,0.602645,0.4,0.175668,0.5,0.090909,0.401177,1.0,0
1.0,1.0,1.0,1.0,1.0,0.263887,0.5,0.090909,1.0,1.0,1
0.909091,0.2,0.975158,0.515526,1.0,0.499163,0.2,0.363636,1.0,1.0,1
0.909091,1.0,0.523426,0.22973,0.0,0.601252,0.166667,0.454545,0.523426,1.0,0
1.0,0.8,1.0,1.0,1.0,0.164303,0.5,0.090909,1.0,1.0,1
0.909091,1.0,0.450139,0.495533,0.5,0.149252,0.333333,0.181818,0.450139,1.0,0
0.727273,0.4,0.404327,0.034404,1.0,1.0,1.0,0.0,1.0,1.0,1
1.0,0.2,0.459394,0.310017,0.833333,0.24347,0.166667,0.454545,1.0,1.0,1
0.909091,0.6,0.097524,0.062536,0.333333,0.256231,0.166667,0.454545,0.16254,1.0,1
0.583333,0.6,0.193526,0.067807,0.666667,0.499707,1.0,0.0,0.322544,0.833333,0
1.0,1.0,0.764338,1.0,0.666667,0.133824,0.25,0.25,0.764338,0.833333,1
0.833333,0.6,1.0,0.36031,1.0,0.485927,0.5,0.083333,1.0,0.833333,0
0.333333,0.8,0.469847,0.139193,0.0,0.591,1.0,0.0,0.587308,0.333333,1
0.75,0.6,0.151051,0.173394,0.166667,0.152523,0.166667,0.416667,0.251751,1.0,0
0.833333,1.0,0.13833,0.121694,0.5,0.19902,0.333333,0.166667,0.13833,1.0,0
0.833333,0.8,0.691198,0.226486,0.666667,0.534328,0.333333,0.166667,0.863998,0.833333,1
1.0,1.0,0.322848,0.66406,1.0,0.143099,1.0,0.0,0.322848,0.5,1
0.4,0.75,0.683528,0.808571,0.0,0.24882,0.5,0.1,0.911371,0.25,1
0.6,0.5,1.0,1.0,0.166667,0.294338,0.25,0.3,1.0,0.25,1
0.9,0.25,0.742933,0.163591,1.0,1.0,0.333333,0.2,1.0,0.5,1
1.0,0.5,0.303719,0.5868,1.0,0.152345,0.333333,0.2,0.607439,0.5,0
0.909091,0.6,0.967552,0.52812,1.0,0.241254,1.0,0.0,1.0,0.75,1
0.545455,0.2,0.707452,0.095592,0.142857,0.974558,0.2,0.363636,1.0,0.75,1
1.0,1.0,0.152238,0.096943,0.714286,0.206794,0.5,0.090909,0.152238,1.0,0
1.0,0.6,0.79646,0.812194,0.0,0.129133,0.111111,0.727273,1.0,1.0,1
0.818182,0.6,1.0,1.0,0.428571,0.131684,0.25,0.272727,1.0,1.0,1
0.75,0.2,0.542693,0.405492,0.25,0.250278,0.142857,0.5,1.0,1.0,1
0.5,1.0,0.74565,0.590371,0.125,0.23619,1.0,0.0,0.74565,0.857143,0
0.833333,0.2,0.567937,0.511379,0.625,0.207687,0.2,0.333333,1.0,1.0,1
1.0,0.2,0.675551,1.0,0.625,0.126331,0.142857,0.5,1.0,1.0,1
0.75,0.2,0.306145,0.103442,1.0,0.553455,1.0,0.0,1.0,0.571429,1
0.666667,0.6,1.0,0.835434,0.0,0.223841,0.166667,0.416667,1.0,0.857143,1
0.5,0.2,0.410138,0.583224,0.0,0.131506,0.166667,0.416667,1.0,0.857143,1
1.0,0.4,0.545409,0.675381,0.625,0.151016,0.166667,0.416667,1.0,1.0,1
1.0,0.6,0.896527,0.696893,0.428571,0.161888,0.142857,0.5,1.0,1.0,1
0.75,0.4,1.0,1.0,0.0,0.12584,0.125,0.583333,1.0,1.0,1
0.916667,1.0,0.292955,0.271407,0.428571,0.135831,0.25,0.25,0.292955,1.0,0
0.583333,0.8,0.688479,0.39947,0.0,0.216883,0.25,0.25,0.860598,0.857143,1
0.916667,0.6,0.355881,0.149785,1.0,0.298988,0.5,0.083333,0.593135,0.857143,0
0.833333,1.0,0.705941,0.609624,0.714286,0.145722,1.0,0.0,0.705941,1.0,0
0.75,0.4,0.893517,0.044708,0.428571,1.0,0.2,0.333333,1.0,1.0,1
0.75,0.4,0.654155,0.610381,0.714286,0.134864,0.333333,0.166667,1.0,1.0,1
0.916667,1.0,1.0,0.358497,0.125,0.990539,0.166667,0.416667,1.0,1.0,1
1.0,1.0,0.478895,0.340627,0.25,0.499251,0.166667,0.416667,0.478895,1.0,0
0.333333,0.6,0.655027,0.876732,0.0,0.265308,0.5,0.083333,1.0,0.6,1
0.916667,0.8,0.463592,0.549964,0.375,0.299337,0.2,0.333333,0.579491,1.0,0
1.0,0.4,0.421177,1.0,1.0,0.149562,0.333333,0.166667,1.0,0.8,1
1.0,0.6,0.504776,0.156455,0.875,1.0,0.333333,0.166667,0.841293,0.8,1
1.0,1.0,0.259534,0.458347,1.0,0.143066,0.333333,0.166667,0.259534,0.5,0
0.166667,0.4,0.75821,1.0,0.0,0.191569,1.0,0.0,1.0,0.5,1
0.166667,0.2,1.0,0.387086,0.0,0.652723,0.5,0.083333,1.0,0.5,1
1.0,0.8,0.816075,0.672131,1.0,0.30677,0.25,0.25,1.0,0.5,1
0.75,0.6,0.680614,0.820341,0.2,0.209625,0.166667,0.416667,1.0,1.0,1
0.416667,0.2,0.777013,0.644363,0.8,0.304673,1.0,0.0,1.0,0.333333,1
0.916667,0.2,0.709349,0.035798,0.0,1.0,0.090909,0.833333,1.0,1.0,1
0.833333,0.6,0.341844,0.358296,1.0,0.185766,1.0,0.0,0.569739,0.8,0
1.0,0.8,1.0,0.471702,0.857143,0.412774,0.333333,0.166667,1.0,0.8,1
0.916667,1.0,0.422303,0.44093,0.428571,0.186481,0.25,0.25,0.422303,1.0,1
0.916667,1.0,0.263594,0.03895,0.285714,1.0,0.2,0.333333,0.263594,1.0,0
0.916667,0.6,0.185787,0.146116,0.142857,0.24757,0.125,0.583333,0.309645,1.0,0
0.5,0.6,0.740385,1.0,0.142857,0.144158,0.333333,0.166667,1.0,0.6,1
0.833333,0.4,0.334157,0.198121,0.428571,0.272856,0.166667,0.416667,0.835393,1.0,1
1.0,0.6,0.630129,0.373451,1.0,0.272966,0.333333,0.166667,1.0,0.8,0
0.916667,0.6,1.0,1.0,0.285714,0.161775,0.142857,0.5,1.0,1.0,1
0.833333,1.0,0.118265,0.108557,0.428571,0.176243,0.333333,0.166667,0.118265,1.0,0
1.0,0.2,0.765324,0.269092,0.571429,0.460104,0.125,0.583333,1.0,1.0,1
0.583333,0.8,0.800914,0.717113,0.428571,0.18068,1.0,0.0,1.0,0.8,1
0.916667,1.0,0.133721,0.152124,0.0,0.18033,0.142857,0.5,0.133721,1.0,0
0.75,1.0,0.517442,0.239799,0.571429,0.44267,1.0,0.0,0.517442,1.0,0
1.0,0.8,1.0,1.0,0.428571,0.205148,0.166667,0.416667,1.0,1.0,1
1.0,0.8,0.315483,0.096254,0.857143,0.672391,0.333333,0.166667,0.394354,1.0,1
0.666667,0.2,0.778458,0.234986,1.0,0.679608,1.0,0.0,1.0,1.0,1
1.0,0.6,0.681188,0.739253,0.857143,0.153536,0.25,0.25,1.0,0.75,1
0.5,0.2,0.493842,0.147116,0.428571,0.559325,0.333333,0.166667,1.0,0.5,1
1.0,1.0,0.242707,0.13113,0.285714,0.308402,0.166667,0.416667,0.242707,1.0,0
0.916667,1.0,0.667834,0.299633,0.428571,0.371377,0.25,0.25,0.667834,1.0,1
1.0,0.2,1.0,1.0,1.0,0.166623,0.2,0.333333,1.0,0.75,1
1.0,0.4,0.368532,0.397906,0.888889,0.203406,0.333333,0.166667,0.921329,1.0,1
0.916667,0.8,0.427149,0.553434,0.666667,0.169505,0.5,0.083333,0.533936,1.0,0
0.75,0.2,0.187631,0.212812,0.222222,0.193632,0.142857,0.5,0.938157,0.833333,0
0.916667,1.0,0.609452,1.0,0.111111,0.133847,0.166667,0.416667,0.609452,1.0,1
0.916667,0.2,0.304726,0.516169,1.0,0.129654,0.5,0.083333,1.0,0.666667,1
0.75,0.8,1.0,0.472128,0.222222,0.465166,0.25,0.25,1.0,0.833333,1
0.833333,1.0,0.154957,0.176779,0.0,0.192509,0.166667,0.416667,0.154957,1.0,0
0.666667,1.0,1.0,0.086693,0.6,1.0,0.5,0.083333,1.0,1.0,0
0.916667,1.0,0.188007,0.206469,0.2,0.134335,0.142857,0.5,0.188007,1.0,1
0.916667,0.25,0.123536,0.048737,1.0,0.373939,0.166667,0.416667,0.494144,1.0,0
0.916667,1.0,0.877565,1.0,0.8,0.129464,0.25,0.25,0.877565,1.0,1
0.5,0.25,0.13605,0.122729,0.8,0.163538,0.5,0.083333,0.544199,1.0,1
1.0,0.75,0.93663,0.810368,0.6,0.170512,0.142857,0.5,1.0,1.0,1
0.833333,1.0,1.0,0.927305,0.6,0.255258,0.333333,0.166667,1.0,1.0,1
0.916667,0.4,0.815195,0.621327,1.0,0.310558,0.2,0.333333,1.0,1.0,1
1.0,0.8,0.115677,0.095238,0.6,0.2875,0.166667,0.416667,0.144596,1.0,0
0.75,1.0,0.535581,1.0,0.8,0.126773,1.0,0.0,0.535581,1.0,0
1.0,1.0,0.672552,0.775836,0.8,0.205191,0.25,0.25,0.672552,1.0,0
1.0,0.6,0.582315,1.0,1.0,0.128276,0.166667,0.416667,0.970524,0.666667,1
0.333333,0.8,0.686634,0.703995,0.0,0.214855,1.0,0.0,0.858293,0.666667,0
0.5,0.4,1.0,0.702873,0.25,0.31341,0.25,0.25,1.0,1.0,1
0.75,1.0,0.840057,0.635772,0.25,0.29107,0.25,0.25,0.840057,1.0,1
0.833333,0.25,0.779116,1.0,1.0,0.147623,0.142857,0.5,1.0,1.0,1
0.75,0.75,0.530912,0.084931,0.333333,1.0,0.166667,0.416667,0.707882,1.0,1
0.916667,0.5,0.306182,0.330713,0.333333,0.17542,0.111111,0.666667,0.612365,1.0,0
0.75,0.75,0.81625,0.93635,0.333333,0.165172,0.166667,0.416667,1.0,1.0,1
1.0,1.0,1.0,0.564801,1.0,0.335472,0.166667,0.416667,1.0,1.0,1
0.583333,1.0,0.301981,0.238054,0.125,0.313301,0.5,0.083333,0.301981,0.714286,0
0.916667,0.4,0.674359,0.899827,1.0,0.185093,0.5,0.083333,1.0,0.428571,1
0.416667,0.8,0.926107,0.301382,0.125,0.75893,1.0,0.0,1.0,0.285714,1
1.0,0.4,0.254662,0.4692,1.0,0.134049,0.333333,0.166667,0.636655,0.428571,0
0.666667,0.4,0.659674,0.588083,0.625,0.277044,0.5,0.083333,1.0,0.571429,1
0.666667,1.0,0.47296,0.838227,0.375,0.139354,1.0,0.0,0.47296,0.714286,0
0.916667,0.6,0.594639,0.208405,0.75,0.704696,0.333333,0.166667,0.991064,0.857143,1
0.916667,1.0,1.0,1.0,0.625,0.246978,0.5,0.083333,1.0,0.857143,0
0.75,0.6,1.0,1.0,0.666667,0.136056,1.0,0.0,1.0,0.666667,1
1.0,0.2,0.459056,0.254956,0.888889,0.244973,0.25,0.25,1.0,0.5,1
0.583333,1.0,0.934313,0.830998,0.111111,0.152971,0.5,0.083333,0.934313,0.5,1
0.083333,0.2,0.449008,0.022898,0.0,1.0,1.0,0.0,1.0,0.0,1
0.666667,0.6,0.585531,0.252563,0.555556,0.315426,1.0,0.0,0.975885,0.5,0
0.75,1.0,0.101482,0.08527,0.222222,0.161924,0.333333,0.166667,0.101482,0.666667,0
0.833333,0.2,0.39362,0.397813,1.0,0.134622,1.0,0.0,1.0,0.166667,1
1.0,0.8,0.156184,0.03586,0.125,0.601626,0.125,0.583333,0.19523,1.0,0
0.583333,1.0,0.992824,1.0,0.125,0.137143,0.5,0.083333,0.992824,0.8,1
0.583333,0.8,0.255488,0.249417,0.25,0.141496,0.5,0.083333,0.319359,0.8,0
0.916667,0.4,1.0,0.356706,0.625,0.38725,0.2,0.333333,1.0,1.0,1
1.0,1.0,0.072921,0.040671,0.625,0.24767,0.333333,0.166667,0.072921,1.0,0
0.833333,0.4,0.784825,0.11691,1.0,0.927307,1.0,0.0,1.0,0.6,1
1.0,0.2,0.595621,0.577115,0.888889,0.162552,0.25,0.25,1.0,1.0,1
1.0,0.6,0.684641,0.483481,0.777778,0.223033,0.333333,0.166667,1.0,1.0,1
1.0,0.8,0.879259,0.480097,0.111111,0.288453,0.125,0.583333,1.0,1.0,1
0.916667,0.2,0.494116,0.368574,1.0,0.21115,0.5,0.083333,1.0,0.833333,1
0.833333,1.0,0.894608,0.955681,0.555556,0.147437,1.0,0.0,0.894608,1.0,0
0.916667,0.8,0.690167,0.866076,0.0,0.125512,0.125,0.583333,0.862708,1.0,1
0.75,1.0,1.0,1.0,0.222222,0.157502,0.333333,0.166667,1.0,0.833333,0
0.9,1.0,0.716004,0.362767,0.666667,0.275335,0.333333,0.2,0.716004,0.666667,1
0.9,0.666667,1.0,1.0,1.0,0.1395,0.5,0.1,1.0,0.666667,1
0.2,0.333333,0.983859,0.677851,0.166667,0.202475,1.0,0.0,1.0,0.0,1
1.0,0.666667,0.40922,0.212951,0.333333,0.268072,0.142857,0.6,0.613831,0.666667,1
0.833333,0.75,0.339741,0.377715,0.444444,0.344625,0.25,0.25,0.452988,1.0,1
0.75,0.75,0.559581,0.249292,0.111111,0.860038,0.166667,0.416667,0.746108,0.75,1
0.75,1.0,0.299569,0.527384,0.333333,0.217637,0.333333,0.166667,0.299569,0.75,0
0.75,1.0,1.0,1.0,0.111111,0.383144,0.2,0.333333,1.0,0.75,1
1.0,0.25,0.600493,0.108593,1.0,1.0,0.333333,0.166667,1.0,0.25,1
0.636364,1.0,0.621757,0.541848,0.25,0.173888,1.0,0.0,0.621757,0.571429,0
0.909091,0.4,0.47376,0.430616,1.0,0.166723,1.0,0.0,1.0,0.428571,1
0.909091,0.6,0.556485,0.160507,0.875,0.525395,1.0,0.0,0.927476,0.571429,0
0.636364,1.0,0.933652,0.843116,0.25,0.167813,1.0,0.0,0.933652,0.571429,0
0.545455,0.2,0.965451,1.0,0.625,0.146304,1.0,0.0,1.0,0.571429,1
1.0,0.8,0.569038,0.061594,0.5,1.0,0.25,0.272727,0.711297,1.0,0
0.909091,0.4,0.420442,0.287319,1.0,0.221753,1.0,0.0,1.0,0.428571,0
0.727273,1.0,1.0,0.236775,0.375,0.640015,1.0,0.0,1.0,0.714286,0
0.75,0.8,1.0,0.629107,0.375,0.349071,0.333333,0.166667,1.0,1.0,1
0.833333,0.6,0.751381,1.0,0.875,0.165006,1.0,0.0,1.0,0.666667,1
0.583333,0.6,0.823677,0.475854,0.5,0.38012,1.0,0.0,1.0,0.666667,0
1.0,0.8,0.175018,0.300992,0.375,0.127692,0.166667,0.416667,0.218772,1.0,0
0.416667,0.6,0.363289,0.53054,0.0,0.150374,0.333333,0.166667,0.605482,0.5,1
1.0,1.0,0.75359,0.735612,0.625,0.22497,0.333333,0.166667,0.75359,0.833333,0
0.916667,0.2,0.818958,0.770893,1.0,0.233295,0.333333,0.166667,1.0,0.666667,1
0.833333,0.5,0.65816,1.0,0.714286,0.164091,0.25,0.25,1.0,0.75,1
0.833333,1.0,0.117142,0.035382,0.714286,0.825439,0.5,0.083333,0.117142,0.75,0
0.333333,0.75,1.0,0.199255,0.142857,1.0,1.0,0.0,1.0,0.25,1
0.833333,0.25,0.748039,0.201738,1.0,0.924462,0.333333,0.166667,1.0,0.75,1
1.0,1.0,0.855969,0.748603,0.0,0.285075,0.111111,0.666667,0.855969,1.0,1
0.916667,0.25,0.593122,1.0,0.714286,0.311007,0.166667,0.416667,1.0,1.0,1
0.583333,1.0,0.99077,0.14598,0.0,1.0,0.25,0.25,0.99077,0.666667,1
1.0,0.75,1.0,0.263856,1.0,1.0,0.333333,0.166667,1.0,0.666667,1
0.833333,0.25,0.855144,0.196721,0.571429,1.0,0.166667,0.416667,1.0,1.0,1
0.636364,1.0,0.693068,0.045955,0.142857,1.0,0.5,0.090909,0.693068,0.857143,0
0.818182,1.0,1.0,0.619017,0.571429,0.318337,1.0,0.0,1.0,1.0,0
1.0,1.0,0.300806,0.219187,0.285714,0.270435,0.2,0.363636,0.300806,1.0,0
0.545455,0.6,0.858786,0.545955,0.0,0.309969,0.25,0.272727,1.0,0.857143,1
0.818182,1.0,0.352714,0.096146,0.142857,0.722907,0.25,0.272727,0.352714,1.0,0
0.727273,0.4,0.385707,0.320415,0.571429,0.237211,0.333333,0.181818,0.964267,1.0,1
0.727273,0.2,0.588716,0.221516,1.0,0.523709,1.0,0.0,1.0,0.714286,1
0.727273,0.6,0.943149,1.0,0.142857,0.185853,0.2,0.363636,1.0,1.0,1
0.75,0.4,1.0,0.576397,1.0,0.56922,0.5,0.083333,1.0,1.0,1
0.75,0.6,0.4495,1.0,0.166667,0.147479,0.166667,0.416667,0.749166,1.0,1
0.916667,1.0,0.368628,0.162173,0.833333,0.745783,0.5,0.083333,0.368628,1.0,0
1.0,0.6,0.443425,0.452911,0.333333,0.321225,0.125,0.583333,0.739042,1.0,1
0.75,1.0,0.637208,0.486518,0.666667,0.429719,1.0,0.0,0.637208,1.0,0
0.75,0.4,0.30158,0.050735,0.0,0.958937,0.125,0.583333,0.75395,1.0,1
0.666667,0.8,0.518839,0.471078,0.25,0.17768,0.25,0.25,0.648549,1.0,0
1.0,0.4,0.84017,0.136029,0.75,0.996396,0.125,0.583333,1.0,1.0,1
0.833333,0.4,0.754178,0.452696,0.5,0.26876,0.142857,0.5,1.0,1.0,1
0.833333,0.4,0.256913,0.161765,0.5,0.256212,0.142857,0.5,0.642282,1.0,1
0.75,0.8,0.702978,0.566912,0.75,0.200043,0.333333,0.166667,0.878722,1.0,0
0.75,1.0,0.914008,1.0,1.0,0.147451,1.0,0.0,0.914008,1.0,1
0.916667,0.8,1.0,0.604167,1.0,0.267018,0.25,0.25,1.0,1.0,0
1.0,0.75,0.966853,0.988416,1.0,0.188323,0.5,0.090909,1.0,0.333333,1
0.818182,1.0,1.0,0.823505,0.142857,0.233785,0.2,0.363636,1.0,1.0,1
0.454545,0.5,0.72421,1.0,0.428571,0.139427,1.0,0.0,1.0,0.666667,1
0.545455,0.75,0.882617,0.586773,0.285714,0.289591,0.5,0.090909,1.0,0.666667,0
0.818182,0.6,0.268086,0.235302,1.0,0.153232,1.0,0.0,0.446811,0.857143,0
0.636364,1.0,0.658753,0.248595,0.333333,0.356395,1.0,0.0,0.658753,1.0,0
0.818182,0.4,0.940901,0.435658,0.5,0.290469,0.2,0.363636,1.0,1.0,1
0.545455,0.6,0.86937,0.470193,0.333333,0.248674,0.5,0.090909,1.0,0.714286,1
0.727273,0.8,0.233238,0.233247,0.333333,0.134489,0.333333,0.181818,0.291548,1.0,0
0.818182,0.2,0.6129,0.216801,1.0,0.380215,0.333333,0.181818,1.0,0.857143,1
0.818182,0.8,0.675871,0.219131,0.0,0.414822,0.166667,0.454545,0.844839,1.0,1
1.0,0.2,1.0,1.0,0.5,0.134494,0.125,0.636364,1.0,1.0,1
0.916667,1.0,0.57981,0.511497,1.0,0.213736,0.2,0.333333,0.57981,1.0,1
0.916667,0.8,0.090786,0.094532,1.0,0.181081,0.166667,0.416667,0.113482,1.0,0
0.583333,0.4,1.0,1.0,0.0,0.188554,0.166667,0.416667,1.0,1.0,1
1.0,0.6,0.518428,0.72279,0.0,0.135242,0.1,0.75,0.864047,1.0,1
0.75,1.0,0.88347,0.173517,0.0,0.711544,0.2,0.333333,0.88347,1.0,1
0.666667,0.8,0.794676,0.203174,1.0,0.546607,1.0,0.0,0.993345,1.0,1
0.833333,1.0,0.602383,0.301769,1.0,0.278966,0.5,0.083333,0.602383,1.0,0
0.916667,0.2,0.70551,0.23153,0.25,0.425843,0.1,0.75,1.0,1.0,0
1.0,0.8,1.0,1.0,0.25,0.13975,0.125,0.583333,1.0,1.0,1
0.75,0.25,0.440852,0.404054,1.0,0.155291,1.0,0.0,1.0,0.428571,1
0.333333,0.25,1.0,0.938157,0.125,0.151711,0.333333,0.166667,1.0,0.285714,1
0.833333,1.0,0.647089,0.648913,0.5,0.141929,0.333333,0.166667,0.647089,0.857143,1
0.583333,0.5,0.290333,0.040539,0.25,1.0,0.25,0.25,0.580665,0.714286,1
1.0,0.75,0.544179,0.224146,0.75,0.345545,0.25,0.25,0.725572,0.857143,0
0.916667,0.5,0.983056,1.0,1.0,0.139917,0.5,0.083333,1.0,0.428571,1
0.666667,0.25,0.732432,0.587661,0.75,0.177392,0.5,0.083333,1.0,0.571429,1
0.583333,0.75,0.327755,0.077378,0.125,0.602868,0.25,0.25,0.437006,0.714286,0
0.833333,1.0,0.510279,0.234947,0.5,0.321424,0.5,0.083333,0.510279,1.0,0
0.5,1.0,1.0,1.0,0.125,0.147993,1.0,0.0,1.0,0.666667,1
1.0,0.6,0.665806,0.447754,0.5,0.220064,0.166667,0.416667,1.0,1.0,1
0.833333,0.4,0.255624,0.198789,1.0,0.190304,1.0,0.0,0.639059,0.666667,1
0.833333,0.4,0.178332,0.24577,1.0,0.153989,1.0,0.0,0.44583,0.5,1
0.666667,0.8,0.754461,0.522965,0.0,0.306163,0.2,0.333333,0.943077,0.833333,1
0.833333,0.6,0.434375,0.339243,0.625,0.271734,0.333333,0.166667,0.723959,0.666667,0
0.333333,0.8,0.449057,0.197959,0.0,0.481411,1.0,0.0,0.561321,0.5,0
1.0,0.6,0.687002,1.0,0.625,0.145796,0.2,0.333333,1.0,0.666667,1
0.416667,0.6,1.0,0.072791,0.125,1.0,0.5,0.083333,1.0,0.5,1
0.833333,1.0,0.847108,0.354821,0.125,0.506662,0.2,0.333333,0.847108,1.0,0
0.916667,0.2,0.31869,0.220333,0.285714,0.249055,0.111111,0.666667,1.0,1.0,1
0.666667,1.0,0.543778,0.556211,0.142857,0.168341,0.333333,0.166667,0.543778,1.0,0
0.75,0.4,1.0,0.596981,1.0,0.288434,1.0,0.0,1.0,0.8,1
0.75,0.6,0.896725,1.0,0.142857,0.154407,0.166667,0.416667,1.0,1.0,1
0.416667,0.4,0.477481,0.027759,0.428571,1.0,1.0,0.0,1.0,0.8,1
1.0,0.8,0.903879,0.092124,0.428571,1.0,0.166667,0.416667,1.0,1.0,1
0.5,0.4,0.191565,0.187187,0.428571,0.154973,0.5,0.083333,0.478913,0.666667,0
1.0,0.2,0.183236,0.041041,0.857143,0.676098,0.166667,0.416667,0.916182,0.666667,1
0.75,1.0,1.0,0.05045,0.285714,1.0,0.333333,0.166667,1.0,1.0,0
0.833333,0.4,0.978451,1.0,1.0,0.148168,0.5,0.083333,1.0,0.5,1
0.5,0.6,0.678609,0.51952,0.0,0.197803,0.25,0.25,1.0,0.666667,1
0.583333,0.8,0.676097,0.524324,0.0,0.195265,0.25,0.25,0.845122,0.833333,1
0.666667,0.4,0.188525,0.132132,0.0,0.216061,0.142857,0.5,0.471311,1.0,1
0.454545,0.333333,1.0,0.506782,0.0,0.329776,0.2,0.363636,1.0,0.5,1
0.818182,0.666667,0.189409,0.039674,0.0,0.797863,0.125,0.636364,0.284113,1.0,1
0.818182,0.666667,0.989246,0.406748,0.666667,0.406461,0.25,0.272727,1.0,1.0,1
1.0,1.0,0.948666,0.322143,1.0,0.492158,0.333333,0.181818,0.948666,0.75,1
0.727273,1.0,0.790707,1.0,0.833333,0.132146,1.0,0.0,0.790707,0.75,1
1.0,1.0,0.080004,0.081417,0.555556,0.163453,0.333333,0.166667,0.080004,1.0,0
0.916667,0.4,0.705773,0.128514,0.666667,0.913494,0.25,0.25,1.0,1.0,1
0.75,0.2,1.0,1.0,0.777778,0.166338,0.5,0.083333,1.0,0.75,1
0.916667,0.2,0.55191,0.600219,1.0,0.15295,0.5,0.083333,1.0,0.5,1
0.666667,1.0,0.382024,0.496166,0.0,0.128072,0.25,0.25,0.382024,0.75,1
0.9,0.25,0.607496,0.720088,1.0,0.164758,1.0,0.0,1.0,0.8,1
1.0,1.0,0.323105,0.231249,0.5,0.27287,0.333333,0.2,0.323105,1.0,0
0.9,1.0,0.857908,0.610698,0.625,0.27435,1.0,0.0,0.857908,0.8,0
0.5,0.75,1.0,0.421476,0.25,0.463359,1.0,0.0,1.0,0.6,1
0.9,0.75,0.954592,1.0,0.125,0.186427,0.166667,0.5,1.0,1.0,1
0.9,1.0,0.060853,0.079027,0.375,0.150382,0.333333,0.2,0.060853,1.0,0
1.0,0.2,0.601102,1.0,1.0,0.376078,0.166667,0.416667,1.0,1.0,1
0.833333,1.0,0.096107,0.47342,0.833333,0.127011,1.0,0.0,0.096107,1.0,1
0.666667,0.2,1.0,0.459052,0.5,1.0,0.2,0.333333,1.0,1.0,1
0.916667,0.2,0.743713,0.262213,0.833333,1.0,0.166667,0.416667,1.0,1.0,1
0.909091,0.2,0.950615,1.0,1.0,0.158909,1.0,0.0,1.0,0.666667,1
1.0,0.6,0.384246,0.146059,0.666667,0.43977,0.333333,0.181818,0.64041,0.833333,0
0.090909,0.2,1.0,0.067987,0.0,1.0,1.0,0.0,1.0,0.0,1
1.0,0.6,0.957318,0.336571,0.666667,0.475472,0.333333,0.181818,1.0,0.833333,1
1.0,0.8,0.896425,0.367576,0.333333,0.407673,0.2,0.363636,1.0,0.833333,1
0.909091,1.0,0.23676,0.139709,0.333333,0.283289,0.333333,0.181818,0.23676,0.833333,0
0.818182,0.6,0.476536,0.10198,0.222222,0.781136,0.2,0.363636,0.794227,0.666667,0
0.5,0.8,1.0,1.0,0.0,0.233004,0.5,0.1,1.0,0.666667,1
1.0,0.8,0.776527,0.150939,0.666667,1.0,0.333333,0.2,0.970658,1.0,0
0.7,1.0,0.706891,0.162253,0.0,1.0,0.333333,0.2,0.706891,1.0,0
0.7,0.8,0.720322,0.515648,0.333333,0.32549,0.5,0.1,0.900403,1.0,0
1.0,1.0,0.412956,0.270101,0.833333,0.356239,1.0,0.0,0.412956,0.833333,0
0.8,0.2,0.158487,0.279249,0.666667,0.132241,0.25,0.3,0.792437,1.0,1
1.0,0.8,0.813204,0.407078,1.0,0.465464,1.0,0.0,1.0,0.833333,1
1.0,0.6,1.0,1.0,1.0,0.128729,0.5,0.090909,1.0,0.5,1
0.545455,0.8,0.746151,0.53539,0.142857,0.179404,0.5,0.090909,0.932689,0.666667,1
0.636364,0.4,0.191689,0.098644,0.285714,0.250151,0.25,0.272727,0.479222,0.833333,1
0.545455,0.8,0.456187,0.453137,0.0,0.129596,0.333333,0.181818,0.570234,0.666667,0
1.0,0.2,0.337192,0.112055,0.857143,0.387367,0.2,0.363636,1.0,0.666667,1
1.0,0.8,0.368908,0.292654,0.571429,0.162271,0.25,0.272727,0.461136,1.0,0
0.909091,1.0,0.334182,0.116376,0.571429,0.369654,0.5,0.090909,0.334182,1.0,0
0.666667,1.0,0.768641,0.603137,0.571429,0.25691,1.0,0.0,0.768641,1.0,0
1.0,0.5,0.793031,0.869117,1.0,0.183944,0.25,0.25,1.0,0.857143,1
0.75,1.0,1.0,0.770546,0.428571,0.261623,0.333333,0.166667,1.0,1.0,0
0.75,0.5,0.412892,0.199485,1.0,0.417254,1.0,0.0,0.825784,0.857143,0
0.583333,0.5,0.67921,0.940061,0.714286,0.145654,1.0,0.0,1.0,0.714286,1
0.833333,1.0,0.198026,0.182627,0.0,0.21859,0.142857,0.5,0.198026,1.0,1
0.75,1.0,0.538328,0.409974,0.285714,0.264706,0.25,0.25,0.538328,1.0,0
1.0,1.0,0.889547,1.0,0.714286,0.179326,0.25,0.25,0.889547,1.0,1
0.727273,1.0,1.0,0.401848,0.0,0.713243,0.25,0.272727,1.0,0.666667,1
0.909091,0.6,0.664888,1.0,0.25,0.190567,0.166667,0.454545,1.0,1.0,1
0.909091,0.4,0.515344,0.697897,0.125,0.211644,0.125,0.636364,1.0,1.0,1
1.0,0.2,0.499666,0.986934,1.0,0.145108,0.333333,0.181818,1.0,0.666667,1
0.5,1.0,0.666358,0.567735,0.0,0.147291,1.0,0.0,0.666358,0.8,0
1.0,0.8,0.830964,0.615564,1.0,0.169404,0.5,0.1,1.0,0.8,0
0.7,0.8,0.698908,0.602249,0.6,0.145632,1.0,0.0,0.873635,1.0,0
1.0,0.8,0.948599,0.947001,0.6,0.125703,0.25,0.3,1.0,1.0,1
0.8,0.6,0.839205,0.714581,0.0,0.147377,0.166667,0.5,1.0,1.0,1
0.6,0.8,1.0,1.0,0.0,0.125491,0.333333,0.2,1.0,1.0,1
0.666667,0.333333,1.0,0.411564,0.714286,0.470537,0.333333,0.166667,1.0,1.0,1
1.0,1.0,0.733361,1.0,0.0,0.14202,0.1,0.75,0.733361,1.0,1
0.916667,1.0,0.182044,0.122064,1.0,0.288816,0.5,0.083333,0.182044,1.0,1
0.916667,0.666667,0.987249,0.423208,1.0,0.451755,0.333333,0.166667,1.0,1.0,1
0.833333,0.6,0.785654,0.618992,0.625,0.174971,0.333333,0.166667,1.0,1.0,1
1.0,0.8,0.462924,0.134601,0.375,0.47411,0.166667,0.416667,0.578655,1.0,0
0.666667,0.6,0.05593,0.057209,0.5,0.134772,0.5,0.083333,0.093217,0.857143,0
1.0,0.6,0.951759,1.0,0.0,0.131204,0.1,0.75,1.0,1.0,1
0.75,0.2,0.523383,0.427327,0.875,0.168841,0.5,0.083333,1.0,1.0,0
1.0,0.4,0.759848,0.652389,1.0,0.160561,0.333333,0.166667,1.0,0.714286,1
0.916667,0.8,0.379819,0.219689,0.375,0.238334,0.2,0.333333,0.474774,1.0,0
0.666667,1.0,1.0,0.618847,0.375,0.222759,1.0,0.0,1.0,0.857143,1
0.454545,0.5,0.875,0.506255,0.0,0.219532,0.25,0.272727,1.0,0.333333,1
0.909091,0.25,1.0,1.0,1.0,0.127016,0.2,0.363636,1.0,0.666667,1
1.0,1.0,0.205889,0.125765,1.0,0.207937,0.333333,0.181818,0.205889,0.666667,1
0.909091,0.75,0.724958,0.534868,0.6,0.172157,0.2,0.363636,0.966611,1.0,1
0.75,0.75,0.436935,0.36922,0.285714,0.255187,0.2,0.333333,0.58258,1.0,1
0.75,1.0,0.67942,0.7466,0.142857,0.196236,0.2,0.333333,0.67942,1.0,1
0.5,0.75,0.062224,0.105848,0.0,0.126767,0.25,0.25,0.082965,0.6,0
1.0,0.5,0.841707,1.0,1.0,0.181505,0.25,0.25,1.0,0.6,1
1.0,0.25,0.256569,0.053944,1.0,1.0,0.2,0.333333,1.0,0.6,1
0.583333,0.5,1.0,0.584542,0.714286,0.368903,1.0,0.0,1.0,0.6,1
0.916667,0.4,0.738142,0.123839,0.75,0.769649,0.25,0.25,1.0,1.0,1
0.916667,0.6,0.571263,0.241839,0.375,0.305015,0.166667,0.416667,0.952105,1.0,1
0.916667,1.0,0.897831,0.459718,0.625,0.252182,0.5,0.083333,0.897831,1.0,0
1.0,0.4,0.638061,0.550913,1.0,0.149552,0.333333,0.166667,1.0,0.75,1
0.583333,1.0,1.0,1.0,0.0,0.129125,0.333333,0.166667,1.0,0.75,1
0.916667,0.4,0.527572,0.373396,1.0,0.244966,0.5,0.083333,1.0,0.666667,1
1.0,1.0,0.134786,0.067775,0.375,0.3448,0.2,0.333333,0.134786,1.0,0
1.0,0.8,0.915668,1.0,0.375,0.158757,0.166667,0.416667,1.0,1.0,1
1.0,1.0,1.0,0.53949,0.375,0.321374,0.2,0.333333,1.0,1.0,0
0.5,0.4,0.788596,0.540936,0.5,0.252756,1.0,0.0,1.0,0.5,1
0.75,0.2,0.191494,0.08874,1.0,0.374134,1.0,0.0,0.957469,0.666667,0
0.333333,0.6,0.50787,0.088198,0.125,0.998361,1.0,0.0,0.846451,0.5,1
0.333333,0.5,0.637868,0.287255,0.2,0.365292,0.5,0.083333,1.0,0.2,1
0.5,1.0,0.545669,0.438218,0.0,0.204841,0.333333,0.166667,0.545669,1.0,1
1.0,0.5,1.0,1.0,0.8,0.164504,0.142857,0.5,1.0,0.8,1
0.916667,1.0,0.479583,0.537564,0.8,0.146761,0.25,0.25,0.479583,0.8,1
0.916667,0.75,0.206533,0.137705,1.0,0.246727,0.25,0.25,0.275378,0.8,0
0.583333,0.25,0.236944,0.135584,0.8,0.287484,0.333333,0.166667,0.947776,0.8,0
0.833333,0.8,0.650702,0.238355,0.857143,0.457588,1.0,0.0,0.813378,1.0,0
0.666667,1.0,0.485735,0.184341,0.428571,0.441667,1.0,0.0,0.485735,1.0,1
0.75,0.8,0.487953,0.575074,0.714286,0.142223,1.0,0.0,0.609941,1.0,0
0.916667,0.2,1.0,0.128345,1.0,1.0,0.25,0.25,1.0,0.857143,1
0.583333,0.2,0.824982,1.0,0.0,0.13828,0.142857,0.5,1.0,0.714286,1
0.833333,0.4,0.883814,0.203667,0.857143,0.727372,0.333333,0.166667,1.0,1.0,1
1.0,0.4,0.651293,0.113726,1.0,0.959913,0.25,0.25,1.0,0.857143,1
0.666667,0.2,0.244494,0.163776,0.714286,0.250227,0.333333,0.166667,1.0,1.0,0
1.0,0.25,0.433168,0.05749,1.0,1.0,0.166667,0.416667,1.0,0.666667,0
0.833333,1.0,1.0,0.31406,0.833333,0.507113,0.5,0.083333,1.0,1.0,1
1.0,0.75,0.792492,0.895204,0.833333,0.140991,0.2,0.333333,1.0,1.0,1
0.5,0.25,0.870256,1.0,0.833333,0.138601,1.0,0.0,1.0,0.666667,1
1.0,1.0,0.197698,0.227761,0.833333,0.208262,0.25,0.25,0.197698,1.0,0
0.833333,0.75,0.424221,0.804008,1.0,0.126596,0.5,0.083333,0.565628,1.0,1
0.666667,0.5,1.0,0.736315,0.833333,0.325855,0.5,0.083333,1.0,1.0,1
0.583333,1.0,0.83408,1.0,0.166667,0.200122,0.333333,0.166667,0.83408,1.0,1
0.818182,0.6,0.112729,0.075737,0.666667,0.205033,0.333333,0.181818,0.187881,1.0,1
1.0,0.2,0.366699,0.253895,1.0,0.198956,0.2,0.363636,1.0,0.75,1
0.818182,1.0,1.0,1.0,0.5,0.137753,0.5,0.090909,1.0,1.0,0
0.727273,1.0,0.994225,0.594796,0.5,0.230259,1.0,0.0,0.994225,1.0,0
0.545455,0.4,0.922642,0.999006,0.666667,0.127223,1.0,0.0,1.0,0.75,1
0.75,1.0,0.630206,0.48775,0.375,0.237611,0.333333,0.166667,0.630206,1.0,1
0.416667,0.5,0.860502,0.36504,0.375,0.433503,1.0,0.0,1.0,0.666667,1
0.75,0.25,0.945701,1.0,0.375,0.173914,0.166667,0.416667,1.0,1.0,1
1.0,0.25,1.0,0.577311,1.0,0.318545,0.25,0.25,1.0,0.666667,1
0.916667,0.5,0.643952,0.021934,0.777778,1.0,0.333333,0.166667,1.0,0.857143,1
1.0,0.75,0.98076,0.86563,0.777778,0.195271,0.333333,0.166667,1.0,0.857143,1
0.5,0.75,0.300331,0.023143,0.333333,1.0,1.0,0.0,0.400441,0.571429,0
0.75,1.0,0.202225,0.136442,0.555556,0.255443,1.0,0.0,0.202225,0.857143,0
0.666667,0.75,1.0,0.023316,0.555556,1.0,1.0,0.0,1.0,0.857143,0
0.916667,0.25,0.806995,1.0,0.555556,0.139085,0.166667,0.416667,1.0,1.0,1
1.0,0.25,0.93316,0.433333,1.0,0.371144,0.333333,0.166667,1.0,0.428571,1
0.666667,1.0,0.509169,0.635579,0.222222,0.138071,0.333333,0.166667,0.509169,0.857143,1
0.75,0.333333,0.601015,0.087116,1.0,1.0,1.0,0.0,1.0,0.4,1
0.5,1.0,0.109164,0.099496,0.125,0.163594,0.333333,0.166667,0.109164,0.4,1
0.833333,0.333333,1.0,0.071756,0.875,1.0,0.333333,0.166667,1.0,0.6,1
0.666667,1.0,0.560732,0.397983,0.625,0.210081,1.0,0.0,0.560732,0.8,1
0.583333,0.666667,0.767528,0.647868,0.375,0.176645,0.333333,0.166667,1.0,0.6,1
1.0,0.666667,0.912054,1.0,0.75,0.135993,0.2,0.333333,1.0,0.8,1
1.0,0.8,0.862931,0.494218,0.166667,0.5819,0.125,0.583333,1.0,1.0,1
0.916667,1.0,0.409471,0.934014,0.166667,0.146103,0.166667,0.416667,0.409471,1.0,0
0.916667,1.0,1.0,1.0,0.0,0.333265,0.142857,0.5,1.0,1.0,1
0.666667,0.4,0.476628,0.218027,1.0,0.728549,1.0,0.0,1.0,1.0,1
0.916667,0.2,0.249949,0.568707,0.5,0.146471,0.125,0.583333,1.0,1.0,1
0.583333,1.0,0.676567,0.981293,0.0,0.229775,0.333333,0.166667,0.676567,1.0,0
0.9,1.0,0.439824,0.147473,0.166667,0.405309,0.25,0.3,0.439824,1.0,0
1.0,0.4,0.25893,0.128541,1.0,0.273754,0.333333,0.2,0.647324,1.0,1
0.7,0.4,0.949094,1.0,0.166667,0.128982,0.2,0.4,1.0,1.0,1
0.9,1.0,1.0,0.606406,0.333333,0.224108,0.333333,0.2,1.0,1.0,1
0.916667,0.75,0.755342,0.805877,0.0,0.125964,0.111111,0.666667,1.0,1.0,1
0.833333,0.75,1.0,1.0,0.75,0.134391,0.5,0.083333,1.0,1.0,1
1.0,0.25,0.795327,0.502099,1.0,0.212876,0.25,0.25,1.0,1.0,1
0.833333,1.0,0.347245,0.257095,0.75,0.181515,1.0,0.0,0.347245,1.0,0
0.416667,0.666667,0.428514,0.527319,1.0,0.152819,1.0,0.0,0.64277,1.0,1
0.666667,0.666667,0.95527,0.766709,1.0,0.234306,0.25,0.25,1.0,1.0,1
1.0,0.666667,0.563919,0.657942,0.333333,0.161182,0.1,0.75,0.845878,1.0,1
1.0,1.0,1.0,1.0,0.0,0.188056,0.1,0.75,1.0,1.0,1
0.454545,0.2,0.082133,0.047205,0.571429,0.292,1.0,0.0,0.410666,0.833333,0
1.0,1.0,0.514514,0.222621,0.428571,0.387871,0.25,0.272727,0.514514,1.0,0
0.818182,0.2,0.47176,0.472432,1.0,0.167586,0.5,0.090909,1.0,0.666667,1
0.818182,0.8,0.840459,0.691276,0.285714,0.204043,0.25,0.272727,1.0,1.0,0
1.0,0.8,0.594397,0.297017,0.142857,0.335855,0.142857,0.545455,0.742996,1.0,1
0.454545,0.8,0.957471,1.0,0.142857,0.160687,1.0,0.0,1.0,0.833333,1
0.727273,0.4,1.0,0.076095,0.428571,1.0,0.25,0.272727,1.0,1.0,1
0.916667,0.2,1.0,0.805479,0.125,0.212839,0.1,0.75,1.0,1.0,1
0.75,0.4,0.650316,0.570609,0.5,0.195385,0.25,0.25,1.0,0.833333,1
0.5,0.8,0.678187,0.859418,0.25,0.135285,1.0,0.0,0.847733,0.666667,1
0.25,0.4,0.725009,0.663623,0.125,0.187296,1.0,0.0,1.0,0.333333,1
0.833333,0.8,0.537099,0.398598,0.75,0.231007,1.0,0.0,0.671374,0.666667,0
1.0,0.4,0.827078,1.0,1.0,0.141792,0.333333,0.166667,1.0,0.666667,1
1.0,1.0,0.075189,0.05224,0.5,0.246748,0.25,0.25,0.075189,0.833333,0
1.0,1.0,0.110798,0.187863,0.833333,0.136262,0.333333,0.166667,0.110798,0.833333,0
0.666667,0.8,0.348194,0.560102,0.666667,0.143628,1.0,0.0,0.435242,0.833333,0
0.75,0.6,0.411191,0.394327,0.333333,0.24092,0.2,0.333333,0.685318,1.0,1
0.916667,0.2,0.792392,1.0,1.0,0.183074,0.2,0.333333,1.0,0.833333,1
0.583333,1.0,0.653819,0.142757,0.166667,1.0,0.5,0.083333,0.653819,1.0,0
1.0,1.0,1.0,0.831435,0.666667,0.27788,0.25,0.25,1.0,0.833333,1
0.25,0.4,0.583375,0.583585,0.166667,0.230956,1.0,0.0,1.0,0.333333,1
0.833333,1.0,0.672616,0.647786,0.833333,0.136498,1.0,0.0,0.672616,1.0,0
0.75,0.6,0.964093,1.0,0.666667,0.126739,0.333333,0.166667,1.0,1.0,1
0.75,1.0,1.0,0.842427,0.666667,0.156048,1.0,0.0,1.0,1.0,0
0.583333,0.6,0.308586,0.293489,0.5,0.138221,0.5,0.083333,0.51431,1.0,1
1.0,0.6,0.971803,0.653478,1.0,0.195496,0.25,0.25,1.0,0.8,1
0.5,0.8,0.153131,0.024157,0.0,0.833333,0.333333,0.166667,0.191414,0.8,1
1.0,0.2,0.471732,0.586039,0.857143,0.170147,0.166667,0.416667,1.0,1.0,1
0.666667,0.6,0.967499,1.0,0.0,0.204506,0.166667,0.416667,1.0,1.0,1
0.833333,1.0,0.273174,0.032693,0.428571,1.0,0.333333,0.166667,0.273174,1.0,0
0.75,0.8,0.888076,0.335321,0.714286,0.559816,1.0,0.0,1.0,1.0,0
0.916667,1.0,0.822552,0.988513,0.142857,0.175888,0.166667,0.416667,0.822552,1.0,1
0.75,0.4,0.178075,0.227082,1.0,0.165759,1.0,0.0,0.445188,1.0,1
1.0,1.0,0.075243,0.126574,0.571429,0.125654,0.25,0.25,0.075243,1.0,0
1.0,0.2,1.0,0.834106,0.714286,0.253416,0.142857,0.5,1.0,1.0,1
0.583333,0.8,0.603864,0.078453,0.125,1.0,0.333333,0.166667,0.75483,0.833333,0
0.583333,0.8,1.0,0.743204,0.125,0.292447,0.333333,0.166667,1.0,0.833333,1
0.583333,1.0,0.469548,0.040663,0.25,1.0,1.0,0.0,0.469548,0.833333,0
0.583333,0.6,0.270768,0.09547,0.5,0.616435,1.0,0.0,0.451279,0.833333,0
0.916667,0.4,0.698932,0.649282,1.0,0.233969,0.5,0.083333,1.0,0.166667,1
0.583333,0.4,0.856736,1.0,0.25,0.18621,0.25,0.25,1.0,0.833333,1
1.0,1.0,0.183935,0.12884,0.5,0.310292,0.25,0.25,0.183935,1.0,0
1.0,1.0,0.339809,0.307956,1.0,0.281088,0.25,0.25,0.339809,0.8,0
0.333333,1.0,0.396444,0.347164,0.0,0.290899,1.0,0.0,0.396444,0.8,1
0.916667,1.0,0.862074,1.0,0.4,0.219604,0.166667,0.416667,0.862074,1.0,1
0.75,0.75,1.0,0.196422,0.6,1.0,0.25,0.25,1.0,1.0,1
0.916667,0.75,0.28153,0.162162,0.4,0.442254,0.142857,0.5,0.375374,1.0,0
0.75,0.75,0.119396,0.187667,0.0,0.162069,0.142857,0.5,0.159195,1.0,0
0.818182,1.0,0.912225,0.625441,0.333333,0.194718,0.333333,0.181818,0.912225,0.5,1
1.0,0.25,0.128701,0.088663,1.0,0.19379,0.5,0.090909,0.514805,0.25,1
0.909091,0.25,0.059222,0.043484,1.0,0.181818,1.0,0.0,0.236887,0.25,1
0.818182,1.0,0.891286,0.570097,0.333333,0.208717,0.333333,0.181818,0.891286,0.5,0
0.818182,0.75,1.0,1.0,0.444444,0.133503,0.333333,0.181818,1.0,0.5,1
0.166667,0.25,0.546844,0.454099,0.0,0.235449,0.5,0.083333,1.0,0.0,1
0.833333,0.75,0.733566,1.0,1.0,0.143424,0.5,0.083333,0.978088,0.5,1
0.416667,0.75,1.0,0.507045,0.333333,0.3856,1.0,0.0,1.0,0.0,1
1.0,0.5,0.754532,0.682536,0.833333,0.21614,0.166667,0.416667,1.0,0.5,1
0.833333,1.0,0.113234,0.141973,0.833333,0.15594,0.5,0.083333,0.113234,0.5,0
0.75,0.4,1.0,0.958531,0.142857,0.327708,0.142857,0.5,1.0,1.0,1
0.666667,0.8,0.094326,0.123457,0.571429,0.24,1.0,0.0,0.117908,1.0,0
1.0,1.0,0.437166,1.0,0.714286,0.137322,0.333333,0.166667,0.437166,1.0,1
0.666667,0.2,0.254661,0.586895,1.0,0.1363,1.0,0.0,1.0,1.0,1
0.666667,0.2,0.082435,0.035454,0.285714,0.730357,0.166667,0.416667,0.412174,1.0,1
1.0,0.5,1.0,1.0,0.4,0.137467,0.125,0.636364,1.0,1.0,1
0.727273,0.75,0.845218,0.605696,0.6,0.191828,0.333333,0.181818,1.0,1.0,1
0.636364,1.0,0.926984,0.691276,0.4,0.18434,0.5,0.090909,0.926984,1.0,1
0.727273,0.75,0.980086,0.316466,0.0,0.425732,0.166667,0.454545,1.0,1.0,0
1.0,1.0,0.12632,0.138393,1.0,0.125475,0.333333,0.181818,0.12632,1.0,0
1.0,0.25,0.407623,0.262823,0.4,0.213204,0.111111,0.727273,1.0,1.0,1
1.0,0.4,0.949006,0.520729,1.0,0.352566,0.333333,0.166667,1.0,0.6,1
1.0,1.0,0.669894,0.345155,0.625,0.37547,0.333333,0.166667,0.669894,1.0,0
0.5,0.4,0.952104,1.0,0.0,0.184191,0.2,0.333333,1.0,0.6,1
0.583333,0.6,1.0,0.100649,0.25,1.0,0.333333,0.166667,1.0,0.8,1
0.75,0.2,0.958043,0.054695,0.75,1.0,0.333333,0.166667,1.0,0.8,1
0.916667,0.4,0.626259,0.288711,0.25,0.419637,0.125,0.583333,1.0,1.0,1
0.636364,0.4,0.615161,0.221045,0.428571,0.386822,0.333333,0.181818,1.0,0.8,0
1.0,0.8,0.953875,0.971847,0.571429,0.136426,0.25,0.272727,1.0,1.0,1
0.636364,0.6,1.0,1.0,0.0,0.138997,0.2,0.363636,1.0,0.8,1
0.818182,0.8,0.656272,0.561254,0.142857,0.162528,0.2,0.363636,0.82034,1.0,0
0.909091,0.6,0.79986,0.704948,1.0,0.157711,1.0,0.0,1.0,0.6,1
1.0,1.0,0.787025,0.102439,0.142857,1.0,0.166667,0.454545,0.787025,1.0,0
1.0,0.8,1.0,1.0,0.75,0.188321,0.166667,0.416667,1.0,0.666667,1
0.083333,0.2,0.682835,0.466736,0.0,0.275514,1.0,0.0,1.0,0.0,1
0.666667,0.6,0.700886,0.191658,1.0,0.688683,0.5,0.083333,1.0,0.666667,1
0.5,1.0,0.454374,0.193118,0.25,0.443089,1.0,0.0,0.454374,0.666667,1
0.833333,0.4,0.466928,0.279412,1.0,0.240564,1.0,0.0,1.0,0.666667,1
0.666667,1.0,1.0,1.0,0.375,0.143954,1.0,0.0,1.0,0.666667,1
0.833333,0.4,0.63203,0.016043,0.5,1.0,0.2,0.333333,1.0,1.0,0
1.0,0.6,0.613249,0.076055,0.875,1.0,0.333333,0.166667,1.0,1.0,1
0.666667,0.75,0.741856,0.37907,0.6,0.344886,0.333333,0.166667,0.989142,1.0,0
0.5,1.0,0.713553,1.0,0.4,0.125748,1.0,0.0,0.713553,1.0,0
0.583333,0.5,0.986009,0.396198,0.8,0.438575,0.5,0.083333,1.0,1.0,1
0.75,1.0,0.575029,0.03482,1.0,1.0,1.0,0.0,0.575029,1.0,0
0.5,0.5,0.652996,0.56917,0.2,0.202183,0.25,0.25,1.0,1.0,1
0.666667,0.75,1.0,0.76981,0.6,0.228924,0.333333,0.166667,1.0,1.0,1
1.0,0.75,0.074228,0.059289,1.0,0.220635,0.2,0.333333,0.098971,1.0,1
0.916667,0.25,0.219374,0.20384,0.4,0.189658,0.111111,0.666667,0.877497,1.0,1
0.833333,1.0,0.31711,0.116077,0.571429,0.499489,0.5,0.083333,0.31711,0.714286,0
1.0,0.6,0.606749,0.393514,0.857143,0.28191,0.25,0.25,1.0,0.714286,1
0.916667,0.4,1.0,0.290093,1.0,0.630266,0.333333,0.166667,1.0,0.571429,1
0.166667,0.4,0.639628,0.422978,0.0,0.276484,1.0,0.0,1.0,0.285714,1
0.833333,0.6,0.890872,0.777536,0.571429,0.209486,0.25,0.25,1.0,0.714286,0
0.333333,0.6,0.888817,0.268736,0.0,0.604709,0.5,0.083333,1.0,0.285714,1
0.916667,0.4,0.93554,1.0,0.857143,0.17105,0.25,0.25,1.0,0.714286,1
0.583333,0.2,0.446463,0.504054,0.142857,0.161946,0.166667,0.416667,1.0,0.857143,1
0.818182,1.0,0.47072,0.273039,0.0,0.385762,0.2,0.363636,0.47072,1.0,1
0.636364,1.0,0.798671,0.982849,0.4,0.181829,1.0,0.0,0.798671,1.0,0
0.909091,1.0,0.146449,0.204894,0.0,0.159933,0.166667,0.454545,0.146449,1.0,0
0.727273,1.0,0.531221,0.546993,0.4,0.217308,0.5,0.090909,0.531221,1.0,0
1.0,0.2,1.0,0.306654,0.2,0.729679,0.1,0.818182,1.0,1.0,1
0.818182,1.0,0.07164,0.075692,0.8,0.211782,1.0,0.0,0.07164,1.0,0
0.818182,0.8,0.672969,1.0,1.0,0.150583,1.0,0.0,0.841211,1.0,1
0.75,0.25,1.0,1.0,0.571429,0.285983,0.2,0.333333,1.0,1.0,1
1.0,1.0,0.483566,0.14347,0.857143,0.963908,0.333333,0.166667,0.483566,0.857143,0
0.833333,1.0,0.972783,0.64314,0.714286,0.432564,0.5,0.083333,0.972783,0.857143,1
0.833333,0.25,0.112559,0.25066,0.857143,0.128421,0.25,0.25,0.450236,0.857143,0
1.0,0.75,0.225925,0.516491,0.714286,0.125096,0.2,0.333333,0.301234,0.857143,1
1.0,0.25,0.588513,0.931728,0.571429,0.180637,0.125,0.583333,1.0,1.0,1
0.833333,0.75,0.369738,0.038588,1.0,1.0,1.0,0.0,0.492984,0.857143,0
0.416667,0.5,0.149118,0.05277,0.0,0.808125,0.25,0.25,0.298235,0.285714,1
0.9,0.8,0.345701,0.344239,0.8,0.185336,0.5,0.1,0.432126,1.0,0
1.0,0.6,0.30214,0.140921,1.0,0.395688,0.333333,0.2,0.503567,1.0,0
0.6,1.0,0.353299,0.339098,0.2,0.192281,1.0,0.0,0.353299,1.0,1
0.7,0.2,0.842852,0.437252,0.2,0.355746,0.166667,0.5,1.0,1.0,1
1.0,0.8,1.0,1.0,0.8,0.184552,0.333333,0.2,1.0,1.0,1
1.0,0.333333,0.850945,0.608535,1.0,0.335368,0.111111,0.666667,1.0,1.0,1
0.583333,1.0,1.0,0.413857,1.0,0.579504,0.5,0.083333,1.0,1.0,1
0.916667,1.0,0.846002,1.0,0.0,0.202898,0.111111,0.666667,0.846002,1.0,1
0.833333,0.666667,0.388401,0.146207,0.333333,0.637117,0.125,0.583333,0.582601,1.0,1
0.666667,1.0,0.20848,0.114067,0.666667,0.438337,0.25,0.25,0.20848,1.0,0
0.5,0.666667,0.648616,0.997893,0.333333,0.155887,0.25,0.25,0.972924,1.0,1
0.833333,1.0,1.0,0.321635,0.428571,0.707025,0.333333,0.166667,1.0,1.0,1
0.75,0.2,0.943129,0.65649,1.0,0.326694,0.5,0.083333,1.0,0.833333,1
1.0,0.2,0.313002,0.400721,0.857143,0.177624,0.166667,0.416667,1.0,1.0,1
0.583333,0.6,0.838055,0.280288,0.0,0.679931,0.2,0.333333,1.0,0.833333,0
0.833333,0.6,0.914376,0.911058,0.0,0.228232,0.125,0.583333,1.0,1.0,1
0.75,1.0,0.419662,0.280769,0.428571,0.339897,0.5,0.083333,0.419662,1.0,0
0.833333,0.8,0.631818,1.0,0.714286,0.143678,0.5,0.083333,0.789773,1.0,0
0.666667,0.2,0.689747,0.373915,1.0,0.334623,0.5,0.083333,1.0,1.0,1
0.75,1.0,0.437673,0.341694,0.5,0.232355,0.5,0.083333,0.437673,1.0,0
1.0,0.6,0.187513,0.190237,0.833333,0.178803,0.2,0.333333,0.312522,1.0,1
0.666667,0.8,1.0,0.970673,0.166667,0.186881,0.25,0.25,1.0,1.0,1
0.75,0.8,0.911189,0.102064,0.5,1.0,0.333333,0.166667,1.0,1.0,0
1.0,0.6,0.190279,0.261046,0.5,0.132225,0.142857,0.5,0.317131,1.0,1
0.666667,0.2,0.828122,1.0,0.5,0.150222,0.2,0.333333,1.0,1.0,1
0.75,0.8,0.951868,1.0,0.428571,0.14645,0.333333,0.166667,1.0,1.0,1
1.0,1.0,0.310567,0.196078,0.571429,0.243689,0.25,0.25,0.310567,1.0,0
1.0,0.4,0.071146,0.021131,1.0,0.518018,0.25,0.25,0.177864,1.0,1
0.833333,0.6,0.27852,0.321721,0.428571,0.133195,0.2,0.333333,0.4642,1.0,0
0.833333,1.0,1.0,0.872644,0.714286,0.176309,1.0,0.0,1.0,1.0,0
0.833333,0.4,0.594284,0.551685,0.857143,0.165735,0.333333,0.166667,1.0,1.0,1
0.916667,1.0,0.329213,0.19557,1.0,0.394208,0.5,0.083333,0.329213,0.75,1
0.666667,0.25,1.0,0.3111,0.333333,0.752751,0.166667,0.416667,1.0,1.0,1
0.333333,0.5,0.606836,1.0,0.333333,0.142109,1.0,0.0,1.0,0.5,1
1.0,0.5,0.470228,0.244651,0.666667,0.450103,0.142857,0.5,0.940456,0.75,1
0.916667,0.75,0.17831,0.184999,0.333333,0.225714,0.142857,0.5,0.237747,1.0,0
1.0,0.2,0.128631,0.123306,1.0,0.163298,0.25,0.25,0.643156,0.666667,0
0.833333,1.0,0.872905,0.303673,0.5,0.449964,0.5,0.083333,0.872905,0.833333,1
0.583333,0.2,0.942877,0.63533,0.0,0.232312,0.142857,0.5,1.0,0.5,1
0.833333,1.0,0.88757,0.098819,0.625,1.0,1.0,0.0,0.88757,0.833333,0
1.0,0.4,0.57095,0.23415,1.0,0.381699,0.333333,0.166667,1.0,0.666667,1
0.916667,0.4,1.0,1.0,0.875,0.156537,0.333333,0.166667,1.0,0.666667,1
0.333333,0.2,0.62905,0.167906,0.0,0.586458,0.25,0.25,1.0,0.166667,1
0.916667,0.75,1.0,0.983217,0.75,0.19027,0.333333,0.166667,1.0,1.0,1
0.833333,1.0,0.964713,1.0,0.125,0.180476,0.166667,0.416667,0.964713,1.0,1
0.833333,1.0,0.178977,0.079441,0.5,0.421479,0.333333,0.166667,0.178977,1.0,0
1.0,0.5,0.850778,0.753287,1.0,0.211289,0.333333,0.166667,1.0,1.0,1
1.0,1.0,1.0,1.0,1.0,0.234525,0.25,0.25,1.0,1.0,1
0.666667,0.2,0.186596,0.220775,0.0,0.198217,0.125,0.583333,0.93298,1.0,1
0.916667,0.4,0.096074,0.147184,0.75,0.153086,0.142857,0.5,0.240186,1.0,0
0.666667,0.8,0.687242,0.450333,1.0,0.357902,1.0,0.0,0.859052,1.0,1
0.75,1.0,0.805731,0.396822,0.5,0.441046,0.333333,0.166667,0.805731,1.0,0
0.5,0.8,0.86202,0.278526,0.25,0.672266,0.5,0.083333,1.0,1.0,1
0.833333,0.8,0.255842,0.258221,0.75,0.215214,0.25,0.25,0.319803,1.0,0
1.0,0.4,0.12406,0.200618,0.25,0.134323,0.1,0.75,0.31015,1.0,1
0.666667,0.2,0.545519,0.297065,1.0,0.398886,0.25,0.25,1.0,1.0,1
0.916667,0.4,1.0,1.0,0.0,0.217215,0.1,0.75,1.0,1.0,1
1.0,0.8,0.413534,0.520856,0.5,0.172458,0.142857,0.5,0.516917,1.0,1
0.5,0.6,0.586873,0.576915,0.5,0.220964,0.5,0.083333,0.978121,1.0,0
1.0,0.8,0.288727,0.526816,0.0,0.141424,0.125,0.636364,0.360909,1.0,1
0.818182,0.6,0.148971,0.088771,0.333333,0.433036,0.166667,0.454545,0.248285,1.0,0
1.0,0.4,0.436163,0.203963,0.0,0.551813,0.1,0.818182,1.0,1.0,1
0.727273,1.0,1.0,1.0,0.333333,0.258045,0.333333,0.181818,1.0,1.0,1
0.818182,0.2,0.602744,0.854954,1.0,0.181922,0.166667,0.454545,1.0,1.0,1
0.636364,0.8,0.281253,0.054161,0.666667,1.0,0.5,0.090909,0.351566,1.0,0
0.916667,0.4,0.575634,0.208938,1.0,0.567189,0.5,0.083333,1.0,0.833333,1
0.833333,1.0,1.0,0.054984,0.0,1.0,0.166667,0.416667,1.0,1.0,0
0.75,0.2,0.37902,0.258774,0.0,0.301537,0.111111,0.666667,1.0,1.0,1
0.75,0.8,0.104103,0.128919,0.375,0.166243,0.333333,0.166667,0.130128,0.833333,0
0.75,0.8,0.756904,0.351193,0.5,0.443704,0.5,0.083333,0.94613,0.833333,1
0.25,0.6,0.29992,0.143659,0.0,0.429805,1.0,0.0,0.499867,0.333333,1
1.0,0.6,0.830549,1.0,0.625,0.170987,0.2,0.333333,1.0,0.833333,1
1.0,1.0,0.379833,0.088235,0.75,0.64511,0.333333,0.166667,0.379833,0.8,0
0.75,0.25,0.91033,1.0,1.0,0.136421,1.0,0.0,1.0,0.8,1
0.5,0.25,0.24762,0.044206,0.25,0.839442,0.25,0.25,0.990481,0.4,1
1.0,0.75,0.670114,0.492251,0.125,0.204007,0.111111,0.666667,0.893485,1.0,1
0.75,1.0,1.0,0.150053,0.625,0.998709,1.0,0.0,1.0,1.0,1
0.916667,1.0,0.094841,0.110778,0.75,0.128299,0.5,0.083333,0.094841,0.8,0
0.75,1.0,1.0,0.965991,0.166667,0.26615,0.25,0.25,1.0,1.0,1
0.583333,0.6,0.523301,0.95663,0.0,0.140639,0.2,0.333333,0.872168,1.0,1
1.0,0.4,0.783859,0.479875,0.333333,0.419961,0.111111,0.666667,1.0,1.0,1
0.833333,0.4,0.550607,1.0,1.0,0.14156,0.333333,0.166667,1.0,1.0,1
0.833333,1.0,0.066682,0.073097,0.857143,0.137241,1.0,0.0,0.066682,0.857143,0
0.833333,0.75,1.0,1.0,1.0,0.150445,1.0,0.0,1.0,0.857143,0
1.0,1.0,0.41595,0.154428,0.857143,0.405223,0.333333,0.166667,0.41595,0.857143,1
0.916667,1.0,0.149671,0.064359,0.857143,0.349869,0.5,0.083333,0.149671,0.857143,0
0.75,0.5,0.783983,0.556209,1.0,0.212054,1.0,0.0,1.0,0.857143,1
0.666667,1.0,0.287055,0.300622,0.285714,0.143656,0.333333,0.166667,0.287055,1.0,1
0.833333,0.75,0.072155,0.055957,0.714286,0.193994,0.333333,0.166667,0.096206,0.857143,0
0.25,0.25,0.722328,0.782221,0.0,0.138926,0.333333,0.166667,1.0,0.142857,1
0.666667,0.5,0.708074,0.725557,0.5,0.238129,0.25,0.25,1.0,0.5,1
0.833333,1.0,0.778269,0.90566,0.875,0.209686,0.5,0.083333,0.778269,0.75,1
1.0,1.0,1.0,0.61333,1.0,0.397843,0.333333,0.166667,1.0,0.5,1
0.333333,0.5,0.790721,1.0,0.375,0.192943,1.0,0.0,1.0,0.0,1
0.833333,1.0,0.156959,0.047292,0.5,0.809845,0.2,0.333333,0.156959,0.75,1
0.75,0.8,0.616899,0.684303,0.375,0.171006,0.333333,0.166667,0.771124,1.0,0
1.0,0.4,1.0,0.850807,1.0,0.222954,0.333333,0.166667,1.0,0.6,1
0.583333,0.2,0.953138,0.697335,0.375,0.259275,0.25,0.25,1.0,0.6,1
0.916667,0.4,0.840135,1.0,0.25,0.159366,0.125,0.583333,1.0,1.0,1
0.75,0.2,0.40566,0.554756,1.0,0.13871,1.0,0.0,1.0,0.6,1
0.666667,1.0,0.721903,0.59502,0.125,0.230141,0.333333,0.166667,0.721903,0.6,1
0.5,0.4,0.691909,0.7775,0.166667,1.0,0.25,0.25,1.0,0.666667,1
0.583333,0.2,0.855178,1.0,0.5,1.0,0.25,0.25,1.0,1.0,1
1.0,0.8,0.780421,0.375,1.0,1.0,0.333333,0.166667,0.975526,0.666667,1
0.833333,1.0,1.0,0.425,0.5,1.0,0.333333,0.166667,1.0,1.0,1
0.916667,0.8,0.556537,0.065508,1.0,1.0,0.333333,0.166667,0.695672,1.0,0
0.5,0.6,0.610866,0.336391,0.0,0.291053,0.25,0.25,1.0,1.0,1
0.583333,1.0,0.556839,0.48318,0.0,0.18471,0.333333,0.166667,0.556839,1.0,0
0.75,0.8,0.624322,0.439723,0.8,0.227562,0.5,0.083333,0.780403,1.0,1
1.0,1.0,1.0,1.0,0.2,0.160277,0.142857,0.5,1.0,1.0,1
0.9,0.4,0.357868,0.508163,1.0,0.21203,1.0,0.0,0.89467,1.0,1
0.8,0.4,0.964698,1.0,0.714286,0.290448,0.5,0.1,1.0,1.0,1
1.0,1.0,0.32395,0.755123,0.714286,0.129163,1.0,0.0,0.32395,1.0,0
0.9,0.4,0.241117,0.19868,0.0,0.365385,0.125,0.7,0.602792,1.0,1
0.8,1.0,1.0,0.237582,0.428571,1.0,1.0,0.0,1.0,1.0,0
0.416667,0.4,1.0,0.938681,0.375,0.313976,1.0,0.0,1.0,0.5,1
0.5,1.0,0.840934,0.579679,0.0,0.427552,0.5,0.083333,0.840934,0.5,0
0.416667,0.8,0.378735,0.878788,0.0,0.127018,0.5,0.083333,0.473418,0.5,1
0.833333,0.4,0.353937,0.385027,1.0,0.270926,1.0,0.0,0.884843,0.5,0
0.833333,0.4,0.292125,0.309804,0.0,0.277906,0.111111,0.666667,0.730313,1.0,1
0.916667,0.6,0.63941,0.62852,0.875,0.29983,0.5,0.083333,1.0,0.5,1
1.0,0.4,0.867909,1.0,0.875,0.255793,0.25,0.25,1.0,0.5,1
1.0,0.4,1.0,0.088688,1.0,1.0,0.25,0.25,1.0,0.75,1
0.833333,0.8,0.649938,1.0,0.857143,0.190256,1.0,0.0,0.812423,1.0,1
0.583333,0.6,0.450639,0.613575,0.142857,0.214995,0.25,0.25,0.751065,0.75,1
0.916667,1.0,0.403648,0.464253,0.0,0.254516,0.142857,0.5,0.403648,1.0,0
0.916667,0.2,0.588726,0.899246,0.857143,0.191647,0.2,0.333333,1.0,1.0,1
0.833333,0.8,0.759359,0.48996,0.833333,0.257712,0.5,0.083333,0.949199,1.0,0
0.75,0.6,1.0,0.683644,1.0,0.243231,1.0,0.0,1.0,1.0,1
0.666667,0.6,0.557471,0.36674,0.5,0.252763,0.333333,0.166667,0.929118,1.0,0
0.833333,0.8,0.641893,0.5931,0.666667,0.179963,0.333333,0.166667,0.802366,1.0,0
1.0,0.6,0.298606,0.046185,0.833333,1.0,0.2,0.333333,0.497676,1.0,1
0.833333,1.0,0.513558,0.225812,0.833333,0.378173,1.0,0.0,0.513558,1.0,0
0.583333,1.0,0.846086,1.0,0.166667,0.14069,0.5,0.083333,0.846086,1.0,1
0.583333,0.2,0.332643,0.153709,0.571429,0.354884,0.333333,0.166667,1.0,0.833333,0
0.833333,0.4,0.56861,0.063271,0.714286,1.0,0.25,0.25,1.0,1.0,0
1.0,0.2,0.233678,0.11403,1.0,0.33605,0.2,0.333333,1.0,0.666667,1
0.75,1.0,1.0,1.0,0.571429,0.163986,1.0,0.0,1.0,1.0,1
0.916667,0.2,0.800763,0.233065,0.428571,0.56342,0.125,0.583333,1.0,1.0,1
0.5,0.4,0.285232,0.300268,0.571429,0.155774,1.0,0.0,0.713079,0.833333,0
0.666667,0.2,0.562725,0.082752,0.571429,1.0,0.25,0.25,1.0,1.0,1
1.0,1.0,1.0,1.0,0.571429,0.240886,0.2,0.333333,1.0,1.0,1
0.666667,1.0,0.920077,0.052227,0.285714,1.0,0.333333,0.166667,0.920077,1.0,1
0.833333,1.0,0.673823,0.781106,0.857143,0.207801,1.0,0.0,0.673823,0.75,0
1.0,0.25,0.262089,0.404762,1.0,0.155977,0.2,0.333333,1.0,0.75,1
0.5,0.25,0.681688,0.067076,0.428571,1.0,0.333333,0.166667,1.0,0.5,1
0.727273,0.75,0.467368,0.078098,0.571429,1.0,0.5,0.090909,0.623157,0.833333,0
0.818182,1.0,0.473584,0.366723,0.285714,0.366852,0.25,0.272727,0.473584,1.0,0
0.909091,0.75,0.780421,1.0,0.857143,0.221698,0.5,0.090909,1.0,0.833333,1
0.727273,0.25,0.950275,0.871986,1.0,0.309579,1.0,0.0,1.0,0.833333,1
1.0,0.75,0.29847,0.496095,0.714286,0.17091,0.25,0.272727,0.39796,0.833333,0
0.363636,0.75,0.709539,0.044482,0.142857,1.0,1.0,0.0,0.946051,0.166667,1
0.909091,0.25,1.0,0.947368,0.857143,0.299857,0.25,0.272727,1.0,0.833333,1
0.5,0.75,0.479824,0.601141,0.5,0.296331,1.0,0.0,0.639765,0.666667,0
0.666667,0.5,0.726034,0.835741,0.666667,0.32252,0.333333,0.166667,1.0,1.0,1
0.75,1.0,0.547726,0.504183,0.833333,0.403318,1.0,0.0,0.547726,1.0,1
1.0,0.5,1.0,1.0,1.0,0.371255,0.2,0.333333,1.0,0.666667,1
0.833333,1.0,0.796398,0.646574,0.5,0.317131,0.25,0.25,0.796398,1.0,1
1.0,0.666667,1.0,0.875837,0.5,0.293971,0.142857,0.5,1.0,1.0,1
0.583333,1.0,0.877939,1.0,0.375,0.226043,0.5,0.083333,0.877939,0.8,1
1.0,1.0,0.408504,0.066718,0.75,1.0,0.25,0.25,0.408504,0.8,0
1.0,0.333333,0.770285,0.833591,1.0,0.237917,0.25,0.25,1.0,0.6,1
0.5,0.333333,0.324862,0.038382,0.5,1.0,0.5,0.083333,0.974587,0.6,1
0.833333,0.4,0.518084,0.206403,0.666667,0.355949,0.2,0.333333,1.0,1.0,1
0.666667,0.4,1.0,1.0,1.0,0.141809,1.0,0.0,1.0,0.666667,1
0.666667,0.8,0.956379,0.184644,0.666667,0.734512,1.0,0.0,1.0,1.0,0
0.5,1.0,0.680184,0.535592,0.166667,0.180093,1.0,0.0,0.680184,0.833333,1
0.5,0.6,0.769619,0.088281,0.5,1.0,1.0,0.0,1.0,0.833333,0
1.0,0.4,0.797128,0.309139,0.666667,0.365661,0.142857,0.5,1.0,1.0,1
1.0,0.8,0.67591,0.706403,0.666667,0.135688,0.2,0.333333,0.844887,1.0,0
1.0,0.4,0.443925,0.70751,0.714286,0.14595,0.25,0.3,1.0,1.0,1
0.9,1.0,1.0,0.130188,0.428571,1.0,0.5,0.1,1.0,1.0,0
1.0,0.4,0.503823,0.505682,0.857143,0.231754,0.333333,0.2,1.0,0.666667,1
0.9,0.4,0.706245,0.502223,1.0,0.327103,1.0,0.0,1.0,0.666667,1
0.6,0.2,0.291313,0.275939,0.571429,0.245568,0.5,0.1,1.0,0.666667,1
1.0,0.8,0.66472,1.0,0.428571,0.15462,0.25,0.3,0.8309,1.0,0
0.6,0.4,0.326784,0.375494,0.285714,0.202434,0.333333,0.2,0.81696,0.666667,1
0.75,0.5,0.620637,0.368966,0.777778,0.259091,1.0,0.0,1.0,0.833333,0
1.0,0.75,1.0,1.0,0.777778,0.154028,0.333333,0.166667,1.0,1.0,1
0.916667,0.25,0.374275,0.314107,1.0,0.183533,0.5,0.083333,1.0,0.833333,1
1.0,0.5,0.654727,0.559718,0.888889,0.180174,0.333333,0.166667,1.0,1.0,1
0.833333,0.75,0.945863,0.623197,0.333333,0.233778,0.2,0.333333,1.0,1.0,1
1.0,1.0,0.482853,0.346708,0.666667,0.214512,0.333333,0.166667,0.482853,1.0,0
0.833333,0.25,0.42485,0.152508,0.333333,0.429085,0.142857,0.5,1.0,1.0,1
0.545455,0.8,0.931009,1.0,0.333333,0.487514,1.0,0.0,1.0,0.666667,1
1.0,0.2,0.856295,0.900111,0.666667,0.49815,0.142857,0.545455,1.0,1.0,1
0.909091,1.0,1.0,0.183685,0.166667,1.0,0.2,0.363636,1.0,1.0,1
0.818182,0.6,0.733574,0.111543,1.0,1.0,1.0,0.0,1.0,0.666667,0
0.916667,1.0,0.574858,0.551429,0.5,0.139925,0.25,0.25,0.574858,1.0,0
0.5,0.8,0.178571,0.117143,0.333333,0.204607,1.0,0.0,0.223214,0.8,0
1.0,1.0,0.960856,0.65381,0.166667,0.197257,0.142857,0.5,0.960856,1.0,1
1.0,0.6,1.0,1.0,1.0,0.134222,0.25,0.25,1.0,0.8,1
0.916667,0.8,0.927744,0.809841,0.833333,0.153763,0.333333,0.166667,1.0,1.0,1
0.833333,0.4,0.932829,0.081905,0.166667,1.0,0.125,0.583333,1.0,1.0,0
0.916667,0.4,0.89895,1.0,0.75,0.169074,0.25,0.25,1.0,0.833333,1
0.666667,1.0,0.523482,0.2005,0.375,0.491053,1.0,0.0,0.523482,0.833333,0
0.916667,0.4,0.298443,0.250454,1.0,0.224116,0.5,0.083333,0.746106,0.666667,1
0.416667,0.4,0.223711,0.273615,0.0,0.153776,0.25,0.25,0.559278,0.5,1
0.916667,0.4,1.0,0.787012,0.5,0.238979,0.166667,0.416667,1.0,1.0,1
1.0,0.6,0.350356,0.222752,0.0,0.295821,0.1,0.75,0.583927,1.0,1
0.916667,0.6,0.095135,0.0604,0.875,0.296241,0.5,0.083333,0.158558,0.833333,0
0.666667,0.6,0.908222,1.0,1.0,0.129352,0.5,0.083333,1.0,1.0,1
0.583333,0.6,0.19279,0.148873,1.0,0.184437,1.0,0.0,0.321316,1.0,0
0.416667,0.8,1.0,0.748435,0.25,0.190295,1.0,0.0,1.0,1.0,1
0.916667,0.2,0.697956,0.714778,0.5,0.139071,0.111111,0.666667,1.0,1.0,1
0.833333,1.0,0.06452,0.017063,0.25,0.538532,0.2,0.333333,0.06452,1.0,0
1.0,1.0,0.074522,0.032718,0.25,0.324402,0.142857,0.5,0.074522,1.0,0
0.5,0.8,0.356562,0.154352,0.5,0.329006,1.0,0.0,0.445702,1.0,0
0.916667,0.8,0.680414,0.081598,0.444444,1.0,0.25,0.25,0.850517,1.0,0
0.833333,0.2,0.970747,0.402282,1.0,0.626028,1.0,0.0,1.0,0.857143,1
0.75,0.6,0.070274,0.060485,0.222222,0.301415,0.2,0.333333,0.117123,0.857143,0
0.916667,0.2,0.531618,0.580884,0.555556,0.237426,0.166667,0.416667,1.0,1.0,1
1.0,0.6,0.497086,0.447076,0.222222,0.288449,0.125,0.583333,0.828476,1.0,1
0.833333,0.2,0.524139,1.0,0.222222,0.135977,0.125,0.583333,1.0,1.0,1
0.833333,1.0,0.895304,0.442511,0.555556,0.524887,1.0,0.0,0.895304,1.0,0
0.916667,0.6,1.0,0.06933,0.666667,1.0,0.333333,0.166667,1.0,1.0,1
0.833333,0.4,0.400047,0.050844,1.0,1.0,0.333333,0.166667,1.0,1.0,1
0.833333,1.0,0.8533,0.646473,0.666667,0.240997,0.5,0.083333,0.8533,1.0,0
0.75,1.0,0.824387,1.0,0.0,0.150519,0.2,0.333333,0.824387,1.0,1
1.0,0.4,0.354307,0.110991,0.833333,0.582846,0.166667,0.416667,0.885768,1.0,1
0.916667,0.8,0.966702,0.920597,0.166667,0.191727,0.142857,0.5,1.0,1.0,1
0.75,0.8,1.0,0.378624,0.833333,0.482229,1.0,0.0,1.0,1.0,0
1.0,1.0,0.571039,0.292298,0.333333,0.356699,0.166667,0.416667,0.571039,1.0,0
1.0,0.4,0.125482,0.286652,1.0,0.174046,0.142857,0.5,0.313704,1.0,1
0.833333,1.0,0.092873,0.222648,0.0,0.165848,0.166667,0.416667,0.092873,1.0,0
0.916667,1.0,0.409191,1.0,0.25,0.162691,0.166667,0.416667,0.409191,1.0,1
0.833333,0.6,1.0,0.298687,1.0,1.0,0.25,0.25,1.0,1.0,1
0.727273,0.8,0.714903,0.641509,1.0,0.191968,1.0,0.0,0.893628,1.0,1
1.0,0.2,1.0,1.0,0.25,0.172261,0.1,0.818182,1.0,1.0,1
0.818182,1.0,0.692154,0.163643,0.75,0.728603,0.5,0.090909,0.692154,1.0,0
0.454545,0.4,0.171564,0.134978,0.0,0.218952,0.25,0.272727,0.42891,1.0,1
1.0,0.75,0.622135,0.211002,0.375,0.471024,0.142857,0.5,0.829513,1.0,1
0.833333,0.5,0.710492,0.242781,1.0,0.467508,1.0,0.0,1.0,0.833333,1
0.833333,0.25,1.0,1.0,0.0,0.159752,0.1,0.75,1.0,1.0,1
1.0,0.5,0.390993,0.463301,0.125,0.134819,0.1,0.75,0.781985,1.0,1
0.916667,1.0,0.28355,0.32102,0.5,0.141106,0.25,0.25,0.28355,1.0,0
0.833333,0.75,0.076341,0.019197,0.375,0.635294,0.2,0.333333,0.101787,1.0,0
0.583333,0.75,0.766131,0.169382,0.375,0.722571,0.5,0.083333,1.0,0.833333,1
0.636364,0.4,0.827558,0.731761,0.0,0.161674,0.166667,0.454545,1.0,0.833333,1
1.0,0.6,0.982673,1.0,0.714286,0.140482,0.25,0.272727,1.0,1.0,1
1.0,0.6,0.492879,0.205633,1.0,0.342657,0.5,0.090909,0.821465,0.833333,0
0.818182,0.8,1.0,0.929929,0.571429,0.153731,0.5,0.090909,1.0,1.0,1
0.909091,1.0,0.713743,0.248219,0.142857,0.411073,0.2,0.363636,0.713743,1.0,0
0.909091,0.2,0.82827,0.09094,0.0,1.0,0.1,0.818182,1.0,1.0,1
1.0,1.0,0.918348,0.582117,0.571429,0.225532,0.333333,0.181818,0.918348,1.0,0
0.833333,0.4,0.737451,0.522359,1.0,0.217905,1.0,0.0,1.0,0.857143,1
0.666667,0.8,0.661997,0.431613,0.125,0.236736,0.25,0.25,0.827497,0.857143,0
0.833333,0.2,0.660512,0.361835,0.125,0.281756,0.111111,0.666667,1.0,1.0,1
0.833333,0.6,0.815133,0.645209,0.5,0.194999,0.25,0.25,1.0,1.0,1
0.833333,0.2,0.397326,0.215397,0.875,0.284715,0.333333,0.166667,1.0,1.0,0
1.0,0.6,0.05667,0.027518,0.75,0.317857,0.25,0.25,0.09445,1.0,0
0.75,0.4,1.0,1.0,0.875,0.154349,1.0,0.0,1.0,1.0,1
0.833333,1.0,0.577735,0.589681,0.375,0.151222,0.333333,0.166667,0.577735,1.0,0
0.75,0.2,0.599662,0.097185,0.375,1.0,0.166667,0.416667,1.0,1.0,1
0.75,0.4,0.790637,1.0,0.75,0.144011,0.5,0.083333,1.0,1.0,1
0.75,1.0,0.649408,0.921718,0.0,0.128333,0.2,0.333333,0.649408,1.0,1
1.0,0.2,1.0,0.134169,1.0,1.0,0.25,0.25,1.0,1.0,1
0.916667,0.4,0.078624,0.049106,0.625,0.291632,0.2,0.333333,0.19656,1.0,1
0.818182,0.25,0.770242,0.618731,0.857143,0.159675,0.333333,0.181818,1.0,0.5,1
0.545455,1.0,0.160057,0.081043,0.142857,0.253322,0.5,0.090909,0.160057,0.5,0
0.727273,1.0,0.056114,0.037263,0.571429,0.193156,1.0,0.0,0.056114,1.0,1
1.0,0.25,1.0,1.0,1.0,0.128266,0.25,0.272727,1.0,0.5,1
0.545455,0.75,0.405501,0.388779,0.285714,0.133783,0.5,0.090909,0.540668,0.5,1
0.75,0.4,0.140465,0.111443,1.0,0.245567,1.0,0.0,0.351162,1.0,0
0.916667,0.2,0.518811,0.529642,0.857143,0.190846,0.2,0.333333,1.0,1.0,0
0.916667,0.6,0.171954,0.138787,0.857143,0.241391,0.333333,0.166667,0.28659,1.0,0
0.916667,0.4,1.0,0.679917,0.714286,0.28655,0.2,0.333333,1.0,1.0,1
0.666667,1.0,0.771317,0.367188,0.285714,0.409262,0.5,0.083333,0.771317,1.0,1
0.666667,0.4,0.414672,0.299862,0.714286,0.269425,0.5,0.083333,1.0,1.0,0
1.0,0.8,0.994103,1.0,0.571429,0.193681,0.2,0.333333,1.0,1.0,1
0.833333,1.0,0.734163,0.581998,0.666667,0.215435,1.0,0.0,0.734163,1.0,1
1.0,0.25,0.954464,0.061746,0.666667,1.0,0.166667,0.416667,1.0,1.0,1
1.0,0.5,0.793296,0.050045,0.333333,1.0,0.125,0.583333,1.0,1.0,1
1.0,0.75,0.406135,0.365077,0.0,0.18999,0.1,0.75,0.541513,1.0,1
0.666667,0.25,0.404343,0.550135,0.777778,0.125524,1.0,0.0,1.0,0.666667,0
1.0,0.25,1.0,1.0,1.0,0.170783,0.333333,0.166667,1.0,0.666667,1
0.583333,0.5,0.110783,0.058866,0.222222,0.321407,0.25,0.25,0.221566,0.666667,1
1.0,0.4,0.632826,0.097175,1.0,1.0,0.166667,0.416667,1.0,1.0,1
0.916667,0.2,1.0,1.0,1.0,0.203689,0.166667,0.416667,1.0,1.0,1
0.583333,0.6,0.842492,0.703836,0.6,0.243816,0.5,0.083333,1.0,1.0,1
0.833333,0.6,0.175308,0.221332,0.2,0.161333,0.142857,0.5,0.29218,1.0,0
0.833333,1.0,0.478837,0.436762,1.0,0.223311,1.0,0.0,0.478837,1.0,0
0.833333,1.0,0.759288,0.907884,0.0,0.170351,0.166667,0.416667,0.759288,1.0,1
0.583333,0.8,0.07803,0.11973,0.0,0.132746,0.25,0.25,0.097537,1.0,0
0.5,0.2,0.928228,0.228966,0.714286,0.542527,1.0,0.0,1.0,0.714286,1
1.0,0.4,0.832297,0.374173,0.571429,0.297676,0.142857,0.5,1.0,1.0,1
0.75,0.6,1.0,1.0,0.857143,0.133825,1.0,0.0,1.0,0.857143,1
0.916667,0.8,0.914806,0.746266,0.428571,0.164049,0.2,0.333333,1.0,1.0,0
0.75,0.4,0.265188,0.257894,0.571429,0.13761,0.25,0.25,0.66297,1.0,1
0.833333,0.6,0.693134,0.123275,0.142857,0.752454,0.142857,0.5,1.0,1.0,1
0.833333,1.0,0.394603,0.267915,0.428571,0.197107,0.333333,0.166667,0.394603,1.0,0
0.916667,0.6,0.245832,0.175269,1.0,0.187702,0.5,0.083333,0.40972,0.857143,0
0.833333,0.8,0.705334,0.753769,1.0,0.187238,1.0,0.0,0.881667,0.8,0
1.0,0.2,0.635135,0.671453,0.333333,0.189273,0.1,0.75,1.0,1.0,1
0.75,0.6,0.696125,1.0,0.666667,0.139292,0.333333,0.166667,1.0,0.8,1
0.333333,0.2,0.580961,0.090452,0.166667,1.0,0.333333,0.166667,1.0,0.6,1
1.0,0.8,0.179263,0.108638,0.5,0.330176,0.166667,0.416667,0.224079,1.0,0
0.666667,1.0,1.0,0.972481,0.333333,0.205758,0.5,0.083333,1.0,1.0,1
0.833333,0.2,0.404255,0.32378,1.0,0.212863,0.333333,0.166667,1.0,0.857143,1
0.916667,0.6,0.068164,0.03605,0.0,0.32236,0.111111,0.666667,0.113607,1.0,1
0.833333,1.0,0.273444,0.244962,0.571429,0.190311,0.5,0.083333,0.273444,1.0,0
1.0,0.8,0.186499,0.165696,0.285714,0.191892,0.142857,0.5,0.233123,1.0,0
0.833333,0.8,1.0,0.066502,0.285714,1.0,0.2,0.333333,1.0,1.0,1
0.75,1.0,0.590623,0.274519,0.142857,0.366803,0.25,0.25,0.590623,1.0,0
0.916667,0.8,0.758209,1.0,0.714286,0.129266,0.333333,0.166667,0.947761,1.0,1
0.583333,1.0,0.362621,0.437304,0.0,0.141372,0.333333,0.166667,0.362621,0.857143,0
0.75,0.6,0.907749,0.990925,0.285714,0.127334,0.2,0.333333,1.0,1.0,1
1.0,0.6,0.121062,0.035313,1.0,0.476536,0.333333,0.166667,0.201769,0.75,0
0.333333,0.6,0.60105,0.441902,0.142857,0.189063,1.0,0.0,1.0,0.5,0
0.916667,0.4,0.434005,0.216413,0.571429,0.27876,0.166667,0.416667,1.0,0.75,1
0.833333,1.0,1.0,1.0,0.285714,0.139002,0.25,0.25,1.0,1.0,1
0.916667,1.0,0.342375,0.302187,0.375,0.304887,0.25,0.25,0.342375,1.0,0
0.833333,0.2,0.386913,0.134621,1.0,0.773418,0.5,0.083333,1.0,1.0,1
0.75,1.0,1.0,0.229196,0.5,1.0,1.0,0.0,1.0,1.0,1
1.0,0.2,0.745435,0.686737,0.0,0.292101,0.083333,0.916667,1.0,1.0,1
0.916667,0.6,0.682005,1.0,0.875,0.183527,0.5,0.083333,1.0,1.0,0
0.75,1.0,0.944485,0.298211,0.0,0.852286,0.2,0.333333,0.944485,1.0,1
0.454545,0.5,0.374866,0.384434,0.6,0.143231,1.0,0.0,0.749732,0.75,1
0.818182,1.0,0.306894,0.355189,0.4,0.126915,0.25,0.272727,0.306894,1.0,0
0.818182,1.0,1.0,1.0,0.8,0.146887,0.5,0.090909,1.0,1.0,1
0.818182,1.0,0.419503,0.186164,0.4,0.330997,0.25,0.272727,0.419503,1.0,0
1.0,0.5,0.474095,0.191038,1.0,0.364527,0.2,0.363636,0.948191,0.75,1
0.583333,1.0,0.757747,0.688503,0.285714,0.286796,1.0,0.0,0.757747,0.666667,0
0.833333,0.8,0.516212,0.202941,0.285714,0.662846,0.2,0.333333,0.645265,0.833333,0
1.0,0.8,1.0,1.0,0.285714,0.260588,0.142857,0.5,1.0,0.833333,1
0.166667,0.4,0.103735,0.091711,0.0,0.294752,1.0,0.0,0.259337,0.0,1
0.916667,0.6,0.383234,0.219251,0.857143,0.455488,0.333333,0.166667,0.638724,0.833333,0
1.0,0.6,0.548122,0.178877,1.0,0.798505,0.333333,0.166667,0.913537,0.666667,1
0.75,0.6,0.494972,0.314973,0.571429,0.409508,0.333333,0.166667,0.824954,0.833333,1
0.666667,1.0,0.547005,0.480659,1.0,0.165752,1.0,0.0,0.547005,0.666667,1
1.0,0.666667,0.133394,0.102418,0.6,0.1897,0.125,0.583333,0.200091,1.0,1
0.416667,1.0,0.824506,0.576264,0.2,0.208391,0.5,0.083333,0.824506,0.666667,1
1.0,0.333333,1.0,1.0,0.6,0.145648,0.111111,0.666667,1.0,1.0,1
0.9,1.0,0.698676,0.229482,0.333333,0.689059,0.333333,0.2,0.698676,1.0,0
0.9,1.0,0.813432,0.382829,0.666667,0.480889,1.0,0.0,0.813432,1.0,0
0.6,0.4,0.757724,0.853402,0.666667,0.200949,1.0,0.0,1.0,0.6,1
0.9,0.8,0.151378,0.028348,0.833333,1.0,1.0,0.0,0.189222,1.0,0
1.0,0.2,0.849696,0.723542,1.0,0.265784,0.25,0.3,1.0,0.8,1
0.8,0.4,1.0,1.0,1.0,0.226323,1.0,0.0,1.0,0.8,1
0.916667,1.0,0.655452,0.54654,1.0,0.277931,0.333333,0.166667,0.655452,1.0,0
0.916667,0.6,0.467669,0.673002,0.75,0.161043,0.166667,0.416667,0.779448,1.0,1
0.833333,0.8,0.257807,0.312865,0.5,0.190966,0.2,0.333333,0.322258,1.0,1
1.0,0.8,1.0,1.0,0.75,0.23175,0.166667,0.416667,1.0,1.0,1
0.666667,1.0,0.517119,0.648425,0.5,0.167755,1.0,0.0,0.517119,1.0,1
0.916667,1.0,1.0,0.660558,0.833333,0.318445,0.5,0.083333,1.0,1.0,0
0.916667,0.6,0.402872,0.07873,0.0,1.0,0.111111,0.666667,0.671453,1.0,1
0.833333,1.0,0.250828,0.052401,0.5,1.0,0.333333,0.166667,0.250828,1.0,0
1.0,0.8,0.919499,1.0,1.0,0.193418,0.333333,0.166667,1.0,1.0,1
0.916667,1.0,0.143982,0.151608,0.6,0.125847,0.166667,0.416667,0.143982,1.0,1
0.666667,0.333333,0.919551,0.486482,1.0,0.250475,0.333333,0.166667,1.0,1.0,1
0.916667,0.333333,0.987732,0.3282,0.4,0.398801,0.111111,0.666667,1.0,1.0,1
1.0,1.0,1.0,1.0,1.0,0.132512,0.2,0.333333,1.0,1.0,1
0.75,1.0,0.672009,0.859033,0.333333,0.148195,0.333333,0.166667,0.672009,1.0,1
1.0,0.4,0.155581,0.029061,1.0,1.0,0.2,0.333333,0.388952,0.666667,0
0.75,1.0,1.0,0.184776,0.166667,1.0,0.25,0.25,1.0,1.0,0
1.0,1.0,0.320206,0.29126,0.833333,0.208265,0.333333,0.166667,0.320206,0.833333,0
0.5,0.6,0.858271,1.0,0.166667,0.162589,0.333333,0.166667,1.0,0.833333,1
1.0,0.6,0.836863,0.27326,0.833333,0.580159,0.2,0.333333,1.0,0.833333,1
0.416667,0.6,0.371494,0.194535,0.0,0.361761,0.333333,0.166667,0.619157,0.5,0
0.666667,0.25,1.0,1.0,0.333333,0.153695,0.142857,0.5,1.0,1.0,1
1.0,1.0,0.248768,0.0453,0.666667,0.844027,0.142857,0.5,0.248768,1.0,0
0.916667,0.75,0.242531,0.15569,0.666667,0.239424,0.142857,0.5,0.323375,1.0,1
0.5,0.25,0.145559,0.057359,0.666667,0.390027,0.25,0.25,0.582235,1.0,0
0.916667,0.25,0.760889,0.056432,0.666667,1.0,0.111111,0.666667,1.0,1.0,1
0.916667,1.0,0.420984,0.432437,0.0,0.149625,0.125,0.583333,0.420984,1.0,1
0.583333,0.75,0.317674,0.17115,1.0,0.285276,0.5,0.083333,0.423566,1.0,1
0.666667,1.0,0.777322,0.370524,0.142857,0.306221,0.25,0.25,0.777322,1.0,1
1.0,0.25,0.231944,0.220993,0.857143,0.153199,0.166667,0.416667,0.927774,0.75,1
0.5,1.0,0.383449,0.056247,0.0,0.995082,0.333333,0.166667,0.383449,0.5,1
0.666667,0.25,1.0,1.0,0.571429,0.145966,0.25,0.25,1.0,1.0,1
0.75,0.25,0.702358,0.553404,1.0,0.185254,0.5,0.083333,1.0,0.75,1
0.7,0.6,0.829097,0.712185,0.0,0.1567,0.2,0.4,1.0,1.0,1
0.9,0.6,0.467113,0.32413,1.0,0.193981,0.5,0.1,0.778521,0.857143,1
1.0,0.4,0.359978,0.190426,0.6,0.254452,0.166667,0.5,0.899944,1.0,1
0.6,0.4,1.0,1.0,0.8,0.134604,1.0,0.0,1.0,0.857143,1
0.6,0.6,0.864771,0.834934,0.6,0.139414,1.0,0.0,1.0,1.0,0
0.4,0.2,0.060312,0.033313,0.6,0.243694,1.0,0.0,0.301561,0.571429,1
1.0,1.0,0.556968,0.509454,0.8,0.147158,0.5,0.1,0.556968,0.857143,0
0.9,0.4,0.110256,0.066026,0.6,0.224773,0.2,0.4,0.275641,1.0,0
0.727273,1.0,0.242329,0.056807,0.375,0.61,1.0,0.0,0.242329,0.75,0
1.0,0.4,0.952603,1.0,1.0,0.136219,0.5,0.090909,1.0,0.25,1
0.454545,0.2,1.0,0.167483,0.5,0.853801,1.0,0.0,1.0,0.5,1
0.909091,0.6,0.24589,0.087953,0.625,0.399777,0.333333,0.181818,0.409817,0.75,1
0.636364,1.0,0.442329,0.030558,0.125,1.0,0.5,0.090909,0.442329,0.75,0
0.166667,0.4,0.277007,0.170415,0.0,0.385279,1.0,0.0,0.692518,0.0,1
1.0,0.8,0.776277,1.0,1.0,0.183997,0.2,0.333333,0.970347,0.75,1
0.916667,0.4,1.0,0.197232,1.0,1.0,0.166667,0.416667,1.0,0.75,1
1.0,1.0,0.514964,0.91609,0.75,0.133239,0.2,0.333333,0.514964,0.75,0
1.0,0.6,0.743431,0.513841,0.75,0.342929,0.142857,0.5,1.0,0.75,1
1.0,0.2,0.29325,0.104461,1.0,0.389931,0.25,0.272727,1.0,0.833333,0
0.909091,1.0,0.977282,0.872144,0.285714,0.155646,0.25,0.272727,0.977282,1.0,1
1.0,0.6,1.0,1.0,0.0,0.138901,0.111111,0.727273,1.0,1.0,1
1.0,1.0,0.784698,0.328074,0.428571,0.332228,0.25,0.272727,0.784698,1.0,0
0.727273,0.8,0.069591,0.02938,0.0,0.329012,0.2,0.363636,0.086989,1.0,0
0.363636,0.8,0.551639,0.551143,0.0,0.139026,1.0,0.0,0.689548,0.666667,1
0.727273,0.4,0.225095,0.238121,0.857143,0.131302,1.0,0.0,0.562737,0.833333,0
1.0,0.75,1.0,0.375904,0.857143,0.709205,0.25,0.25,1.0,1.0,1
0.75,0.25,0.540295,0.690154,1.0,0.208706,0.5,0.083333,1.0,1.0,1
1.0,0.75,0.808378,1.0,0.714286,0.215508,0.2,0.333333,1.0,1.0,1
0.916667,1.0,0.278112,0.439446,0.857143,0.168719,0.5,0.083333,0.278112,1.0,0
0.909091,0.6,0.363437,0.149016,0.375,0.385243,0.2,0.363636,0.605728,1.0,0
0.545455,0.4,0.415461,0.108507,0.25,0.6048,0.333333,0.181818,1.0,0.75,0
0.636364,1.0,1.0,1.0,0.125,0.157957,0.5,0.090909,1.0,0.75,1
1.0,0.4,0.398974,0.106481,1.0,0.591848,0.5,0.090909,0.997435,0.5,1
0.818182,0.6,0.343103,0.304687,0.0,0.177873,0.142857,0.545455,0.571839,1.0,1
0.333333,0.6,1.0,0.385435,0.0,0.405811,0.5,0.083333,1.0,0.285714,1
0.666667,0.4,0.929408,0.228504,0.5,0.636189,0.333333,0.166667,1.0,0.714286,1
1.0,0.4,0.401722,0.231323,0.5,0.271632,0.142857,0.5,1.0,0.857143,1
0.833333,0.2,0.597276,0.181519,1.0,0.514668,0.5,0.083333,1.0,0.571429,1
0.583333,0.6,0.444778,0.100235,0.0,0.694063,0.2,0.333333,0.741297,0.857143,0
0.833333,1.0,0.237108,0.283947,0.625,0.130612,1.0,0.0,0.237108,0.857143,0
0.75,0.6,0.928207,1.0,0.125,0.145184,0.166667,0.416667,1.0,1.0,1
0.833333,1.0,0.247221,0.16899,0.625,0.228823,1.0,0.0,0.247221,0.857143,0
0.583333,0.5,0.688935,0.752821,0.166667,0.167637,0.2,0.333333,1.0,1.0,1
0.916667,1.0,0.107876,0.108874,1.0,0.181504,0.5,0.083333,0.107876,1.0,0
0.75,1.0,0.823025,0.18721,0.666667,0.805319,0.5,0.083333,0.823025,1.0,1
0.666667,0.25,1.0,1.0,0.333333,0.183182,0.166667,0.416667,1.0,1.0,1
1.0,0.75,0.178908,0.048683,0.666667,0.673182,0.166667,0.416667,0.238544,1.0,1
0.666667,0.25,0.908311,0.255145,0.833333,0.652125,0.333333,0.166667,1.0,1.0,1
0.818182,0.2,0.690933,0.436428,0.333333,0.27419,0.142857,0.545455,1.0,1.0,1
0.818182,1.0,0.972228,1.0,0.0,0.168382,0.2,0.363636,0.972228,1.0,1
0.909091,1.0,0.520421,0.192396,0.5,0.468474,0.333333,0.181818,0.520421,1.0,0
1.0,0.8,0.216459,0.099204,1.0,0.377897,0.5,0.090909,0.270574,1.0,0
1.0,0.6,0.202267,0.130681,0.5,0.268065,0.166667,0.454545,0.337111,1.0,1
0.636364,0.6,1.0,0.884881,0.5,0.195723,0.5,0.090909,1.0,1.0,1
1.0,0.666667,0.109003,0.220659,0.571429,0.177349,0.142857,0.5,0.163504,1.0,0
0.75,0.666667,0.389811,1.0,1.0,0.139948,1.0,0.0,0.584717,1.0,0
1.0,1.0,0.168918,0.309885,0.428571,0.195699,0.142857,0.5,0.168918,1.0,1
0.833333,1.0,0.688873,0.09552,0.857143,1.0,0.5,0.083333,0.688873,1.0,1
0.916667,1.0,1.0,0.258423,0.428571,1.0,0.166667,0.416667,1.0,1.0,1
0.75,0.666667,0.211715,0.527953,0.285714,0.143969,0.166667,0.416667,0.317572,1.0,1
0.916667,0.75,0.619896,0.395648,1.0,0.26156,0.5,0.083333,0.826528,0.666667,0
1.0,1.0,0.857561,0.450488,0.428571,0.317792,0.166667,0.416667,0.857561,0.833333,1
0.916667,0.75,0.859024,1.0,0.285714,0.143406,0.142857,0.5,1.0,0.833333,1
0.666667,0.25,0.647959,0.089032,1.0,1.0,1.0,0.0,1.0,0.666667,1
0.166667,0.25,0.204415,0.095915,0.142857,0.355787,1.0,0.0,0.817662,0.333333,0
0.666667,0.75,0.561378,0.488011,0.0,0.192038,0.166667,0.416667,0.748504,1.0,1
0.333333,0.5,1.0,0.655639,0.142857,0.254622,0.5,0.083333,1.0,0.666667,1
0.416667,0.2,0.293635,0.103686,0.0,1.0,0.2,0.333333,1.0,1.0,1
0.666667,0.2,0.211269,0.164439,0.0,0.519951,0.125,0.583333,1.0,1.0,1
0.583333,0.2,1.0,0.946132,1.0,0.42774,0.333333,0.166667,1.0,1.0,1
0.5,1.0,0.727882,1.0,0.25,0.294573,1.0,0.0,0.727882,1.0,1
0.5,0.2,0.173739,0.071284,1.0,0.986364,0.5,0.083333,0.868695,1.0,0
0.666667,0.2,0.121397,0.322803,1.0,0.152196,0.25,0.25,0.606986,1.0,0
0.5,0.6,0.133907,0.326448,0.0,0.166005,0.25,0.25,0.223179,1.0,0
1.0,1.0,0.350981,0.464561,0.75,0.305754,0.2,0.333333,0.350981,1.0,1
1.0,1.0,1.0,1.0,0.333333,0.145856,0.142857,0.545455,1.0,1.0,1
0.909091,1.0,0.169849,0.037138,0.666667,0.667073,0.2,0.363636,0.169849,1.0,0
0.545455,0.75,0.91166,0.782156,0.333333,0.170006,0.333333,0.181818,1.0,1.0,1
0.818182,1.0,0.356466,0.312047,0.333333,0.166618,0.2,0.363636,0.356466,1.0,0
0.909091,1.0,0.988511,0.286685,1.0,0.502923,0.25,0.272727,0.988511,1.0,1
1.0,0.8,0.114018,0.134704,0.6,0.22751,0.2,0.363636,0.142523,0.833333,0
0.909091,1.0,0.290732,0.059237,1.0,1.0,1.0,0.0,0.290732,0.833333,0
1.0,1.0,0.393076,0.612659,0.2,0.17245,0.166667,0.454545,0.393076,1.0,1
0.545455,0.4,1.0,0.991885,0.6,0.270984,0.5,0.090909,1.0,0.833333,1
0.909091,0.4,0.222703,0.139573,0.0,0.428876,0.111111,0.727273,0.556758,1.0,1
0.636364,0.8,0.842508,0.71842,0.6,0.315211,1.0,0.0,1.0,0.833333,0
0.272727,0.4,0.476904,1.0,0.0,0.128185,0.5,0.090909,1.0,0.333333,1
1.0,1.0,0.16481,0.039988,0.222222,0.60412,0.166667,0.416667,0.16481,1.0,0
1.0,0.8,0.940431,0.470121,0.0,0.293214,0.111111,0.666667,1.0,1.0,1
0.666667,1.0,1.0,1.0,0.333333,0.146578,1.0,0.0,1.0,0.5,1
0.916667,0.2,0.052723,0.026209,0.888889,0.294857,0.333333,0.166667,0.263615,0.75,1
0.833333,0.2,0.690099,0.54845,1.0,0.184435,1.0,0.0,1.0,0.75,1
0.666667,0.8,0.831532,0.044493,0.375,1.0,0.5,0.083333,1.0,0.833333,0
0.75,1.0,0.965636,0.308088,0.375,0.573556,0.5,0.083333,0.965636,1.0,1
0.916667,1.0,0.0992,0.068816,0.5,0.263793,0.333333,0.166667,0.0992,1.0,0
1.0,0.8,0.493624,0.576429,0.625,0.156707,0.25,0.25,0.61703,1.0,1
0.666667,0.6,0.594121,0.042318,0.625,1.0,1.0,0.0,0.990202,0.833333,0
1.0,0.2,1.0,1.0,0.625,0.182994,0.142857,0.5,1.0,1.0,1
0.833333,0.2,0.098228,0.097291,1.0,0.184756,0.5,0.083333,0.491139,0.666667,0
1.0,1.0,0.83031,1.0,0.0,0.150214,0.1,0.75,0.83031,1.0,1
0.916667,1.0,1.0,0.464466,0.555556,0.389507,0.25,0.25,1.0,0.75,1
1.0,0.333333,0.817216,0.920777,1.0,0.160565,0.333333,0.166667,1.0,0.5,1
0.583333,0.666667,0.479661,0.284272,0.444444,0.30526,0.5,0.083333,0.719491,0.75,1
0.416667,1.0,0.661586,0.724466,0.0,0.16521,0.333333,0.166667,0.661586,0.5,1
1.0,1.0,0.518366,0.739651,0.0,0.210604,0.125,0.583333,0.518366,1.0,0
0.75,1.0,0.762083,1.0,0.0,0.229012,0.2,0.333333,0.762083,1.0,1
0.916667,0.8,0.362977,0.048293,1.0,1.0,0.2,0.333333,0.453722,1.0,0
0.833333,0.4,0.56827,0.785766,0.333333,0.217329,0.125,0.583333,1.0,1.0,1
0.75,0.2,0.560295,0.472404,0.333333,0.356418,0.125,0.583333,1.0,1.0,1
0.416667,0.2,0.276583,0.346768,0.0,0.239686,0.2,0.333333,1.0,1.0,1
0.666667,0.4,1.0,0.875454,0.333333,0.34326,0.166667,0.416667,1.0,1.0,1
0.75,0.4,0.12059,0.17284,0.666667,0.209664,0.166667,0.416667,0.301474,1.0,0
0.916667,0.5,1.0,0.064595,0.714286,1.0,0.166667,0.416667,1.0,1.0,1
1.0,0.5,0.860673,0.186934,1.0,1.0,0.2,0.333333,1.0,0.75,1
1.0,0.5,0.575841,1.0,0.571429,0.132273,0.125,0.583333,1.0,1.0,1
0.5,0.5,0.574989,0.814289,0.714286,0.1622,1.0,0.0,1.0,0.75,1
0.75,1.0,0.872284,0.135552,0.428571,1.0,0.2,0.333333,0.872284,1.0,1
0.833333,1.0,1.0,1.0,0.142857,0.167319,0.2,0.333333,1.0,1.0,1
0.583333,0.6,0.536787,0.156661,0.571429,0.573305,1.0,0.0,0.894645,0.857143,0
1.0,0.8,0.1538,0.139798,0.571429,0.184077,0.2,0.333333,0.19225,1.0,0
0.833333,0.6,0.07307,0.081788,0.285714,0.149485,0.166667,0.416667,0.121783,1.0,0
0.833333,0.6,0.858698,0.068803,0.428571,1.0,0.2,0.333333,1.0,1.0,1
1.0,0.4,0.107438,0.107083,0.714286,0.167874,0.166667,0.416667,0.268595,1.0,1
1.0,0.2,0.459988,0.284148,1.0,0.270861,0.2,0.333333,1.0,0.857143,1
0.666667,0.6,0.083451,0.047218,0.714286,0.295714,1.0,0.0,0.139085,1.0,0
0.818182,1.0,1.0,0.782484,0.0,0.238523,0.2,0.363636,1.0,1.0,1
0.818182,0.8,0.787645,0.545098,0.833333,0.269688,1.0,0.0,0.984557,1.0,1
1.0,0.4,0.301723,0.096471,0.666667,0.58374,0.166667,0.454545,0.754307,1.0,1
1.0,0.8,0.207872,0.126013,1.0,0.307884,0.5,0.090909,0.25984,1.0,0
0.818182,1.0,0.709343,1.0,0.5,0.132392,0.5,0.090909,0.709343,1.0,0
0.818182,0.2,0.233226,0.310588,0.833333,0.140152,0.25,0.272727,1.0,1.0,1
0.75,0.333333,0.449423,0.382669,1.0,0.255271,0.5,0.083333,1.0,0.75,1
1.0,0.333333,0.808786,0.296968,0.428571,0.591961,0.111111,0.666667,1.0,1.0,1
0.5,1.0,1.0,1.0,0.0,0.217355,0.25,0.25,1.0,0.25,1
0.833333,0.333333,0.488303,0.663165,0.857143,0.160043,0.25,0.25,1.0,0.75,1
0.666667,0.333333,0.379132,0.452375,0.857143,0.182164,0.5,0.083333,1.0,0.75,1
1.0,1.0,0.868722,0.935131,0.833333,0.213016,0.333333,0.166667,0.868722,1.0,1
0.833333,0.8,0.339638,0.468659,0.5,0.166174,0.25,0.25,0.424547,1.0,0
0.583333,1.0,0.55054,0.590743,0.166667,0.213695,0.5,0.083333,0.55054,1.0,1
0.666667,0.4,0.825334,1.0,0.333333,0.189249,0.2,0.333333,1.0,1.0,1
0.916667,1.0,0.143516,0.19242,0.5,0.171023,0.25,0.25,0.143516,1.0,0
0.833333,0.2,0.218373,0.133746,1.0,0.374387,0.25,0.25,1.0,1.0,0
0.833333,1.0,1.0,0.637026,0.333333,0.359954,0.25,0.25,1.0,1.0,0
0.8,0.6,0.976375,1.0,0.285714,0.125415,0.25,0.3,1.0,1.0,1
0.9,1.0,1.0,0.039372,0.571429,1.0,1.0,0.0,1.0,1.0,0
0.8,1.0,0.784623,0.189666,0.142857,0.531379,0.333333,0.2,0.784623,1.0,0
0.9,0.8,0.380957,0.06174,0.142857,0.792585,0.2,0.4,0.476197,1.0,0
1.0,0.6,0.983605,0.358143,1.0,0.352776,1.0,0.0,1.0,0.714286,1
0.7,0.6,0.968635,0.560628,0.285714,0.221932,0.333333,0.2,1.0,0.714286,1
0.7,1.0,0.481059,0.389536,0.285714,0.15863,1.0,0.0,0.481059,0.714286,0
0.8,0.2,0.471487,0.23571,1.0,0.256937,1.0,0.0,1.0,0.714286,0
0.833333,0.25,0.278946,0.099066,1.0,0.384248,1.0,0.0,1.0,0.714286,1
1.0,1.0,0.358485,0.277832,0.555556,0.176078,0.25,0.25,0.358485,1.0,0
0.583333,0.5,1.0,0.340114,0.0,0.401229,0.166667,0.416667,1.0,0.857143,1
0.666667,0.5,0.925056,1.0,0.666667,0.126237,1.0,0.0,1.0,0.857143,1
0.916667,0.25,0.064223,0.05643,0.666667,0.155309,0.2,0.333333,0.256892,1.0,1
0.916667,0.75,0.45487,0.315173,0.333333,0.19695,0.166667,0.416667,0.606494,1.0,1
0.833333,0.75,0.341434,0.24063,0.333333,0.193631,0.2,0.333333,0.455245,1.0,0
0.833333,0.5,0.529202,0.084994,0.444444,0.849672,0.2,0.333333,1.0,1.0,1
0.833333,0.8,0.71491,0.493122,0.5,0.198056,0.25,0.25,0.893638,1.0,1
0.5,0.6,1.0,1.0,0.333333,0.136612,0.5,0.083333,1.0,0.833333,1
0.75,0.6,0.303194,0.329999,1.0,0.125516,1.0,0.0,0.505323,0.833333,0
0.666667,1.0,0.62083,0.03557,0.333333,1.0,0.5,0.083333,0.62083,1.0,0
1.0,1.0,0.563975,0.608587,0.833333,0.126598,0.333333,0.166667,0.563975,1.0,0
0.916667,0.6,0.547396,0.130749,0.833333,0.571945,0.25,0.25,0.912327,1.0,1
0.666667,1.0,0.512917,0.131027,0.0,0.534783,0.25,0.25,0.512917,1.0,0
0.416667,0.4,0.121927,0.442341,0.111111,0.128664,0.333333,0.166667,0.304818,0.833333,1
1.0,1.0,0.811578,0.966724,0.333333,0.391869,0.2,0.333333,0.811578,1.0,0
0.916667,0.6,0.133358,0.168675,0.333333,0.369048,0.166667,0.416667,0.222263,1.0,1
0.666667,0.8,1.0,1.0,0.444444,0.466781,1.0,0.0,1.0,0.833333,1
0.916667,0.2,0.868732,0.432014,1.0,0.938645,0.5,0.083333,1.0,0.5,1
0.666667,0.6,0.128319,0.08778,0.0,0.682353,0.166667,0.416667,0.213864,0.833333,0
0.833333,0.2,0.148968,0.495697,0.333333,0.140278,0.142857,0.5,0.744838,1.0,1
0.833333,0.2,0.638795,1.0,0.666667,0.186579,0.166667,0.416667,1.0,1.0,1
0.75,0.4,1.0,0.290979,0.5,1.0,0.2,0.333333,1.0,1.0,1
1.0,1.0,0.676271,0.540704,0.333333,0.36531,0.166667,0.416667,0.676271,1.0,1
0.75,0.4,0.672316,0.60231,1.0,0.326027,0.5,0.083333,1.0,1.0,1
0.583333,0.6,1.0,1.0,0.444444,0.187231,1.0,0.0,1.0,0.666667,1
1.0,1.0,0.115119,0.158964,0.444444,0.135589,0.25,0.25,0.115119,1.0,0
0.833333,0.2,0.721673,0.148406,1.0,0.91047,1.0,0.0,1.0,0.333333,1
0.5,0.4,0.55474,0.369721,0.444444,0.280927,1.0,0.0,1.0,0.666667,0
0.727273,0.25,0.262073,0.215887,0.444444,0.163287,0.25,0.272727,1.0,0.666667,1
1.0,0.25,1.0,1.0,1.0,0.13451,0.5,0.090909,1.0,0.333333,1
0.727273,0.5,0.22979,0.106796,0.666667,0.289421,1.0,0.0,0.45958,0.666667,0
1.0,1.0,0.709318,0.701324,0.555556,0.136043,0.333333,0.181818,0.709318,1.0,1
0.272727,0.333333,0.309132,0.086822,0.2,0.490499,0.5,0.090909,0.927395,0.333333,1
0.727273,0.333333,0.721557,0.660136,0.2,0.150578,0.142857,0.545455,1.0,1.0,1
1.0,1.0,1.0,1.0,1.0,0.13776,0.25,0.272727,1.0,0.666667,1
0.727273,0.666667,0.626946,0.226645,0.6,0.381074,0.25,0.272727,0.940419,0.666667,1
0.666667,0.4,0.435776,0.153846,0.444444,0.643465,0.333333,0.166667,1.0,0.8,0
1.0,1.0,0.309387,0.348141,0.0,0.20188,0.125,0.583333,0.309387,1.0,1
0.583333,0.2,0.552491,1.0,0.555556,0.125509,0.5,0.083333,1.0,0.8,1
0.833333,1.0,0.386579,0.440262,0.555556,0.199469,1.0,0.0,0.386579,1.0,1
1.0,0.2,1.0,0.313771,1.0,0.723994,0.333333,0.166667,1.0,0.6,1
0.916667,0.2,0.277789,0.096797,0.666667,0.651932,0.2,0.333333,1.0,1.0,1
0.5,0.8,0.076852,0.097772,0.142857,0.213675,0.5,0.083333,0.096065,0.666667,0
0.916667,0.4,0.979404,0.284958,1.0,0.934311,0.333333,0.166667,1.0,0.833333,1
0.833333,0.2,0.128702,0.269081,0.714286,0.130021,0.2,0.333333,0.643509,1.0,0
1.0,0.6,0.546675,1.0,1.0,0.148607,0.333333,0.166667,0.911125,0.833333,1
0.666667,0.2,0.37842,0.466574,0.714286,0.220478,0.333333,0.166667,1.0,1.0,1
1.0,1.0,1.0,0.818106,0.285714,0.332278,0.166667,0.416667,1.0,1.0,1
0.833333,1.0,0.291526,0.220334,0.428571,0.359671,0.333333,0.166667,0.291526,1.0,0
0.75,0.25,0.191613,0.109518,1.0,0.351329,0.5,0.083333,0.766451,0.5,1
1.0,0.75,0.76567,0.706607,1.0,0.217591,0.333333,0.166667,1.0,0.5,1
0.25,0.25,1.0,1.0,0.285714,0.200806,1.0,0.0,1.0,0.25,1
0.916667,1.0,0.388802,0.08645,0.142857,0.903109,0.142857,0.5,0.388802,1.0,1
0.583333,0.5,0.090453,0.099216,0.571429,0.18307,0.5,0.083333,0.180906,0.25,0
0.666667,1.0,0.15668,0.171497,0.0,0.300994,0.25,0.25,0.15668,1.0,0
0.833333,0.8,0.27507,0.185135,0.25,0.489503,0.166667,0.416667,0.343837,1.0,0
1.0,0.4,0.11601,0.038186,1.0,1.0,0.142857,0.5,0.290024,1.0,1
0.416667,0.2,0.116527,0.150017,0.25,0.255909,0.25,0.25,0.582635,1.0,1
0.5,0.6,0.328987,0.421412,0.5,0.257201,0.5,0.083333,0.548311,1.0,1
0.666667,0.8,1.0,1.0,1.0,0.329458,1.0,0.0,1.0,1.0,1
0.916667,1.0,0.182655,0.24821,0.25,0.242445,0.166667,0.416667,0.182655,1.0,0
0.727273,0.2,0.19259,0.045885,0.0,0.706278,0.125,0.636364,0.962949,0.857143,1
1.0,0.6,0.116532,0.149794,0.875,0.130907,0.5,0.090909,0.19422,0.571429,0
0.636364,0.6,0.113964,0.029424,0.25,0.651748,0.333333,0.181818,0.18994,0.714286,0
0.909091,0.8,0.911714,0.192387,0.75,0.797433,1.0,0.0,1.0,1.0,0
0.636364,0.6,0.814991,1.0,0.375,0.13714,0.5,0.090909,1.0,0.714286,1
0.909091,0.4,1.0,0.328601,1.0,0.512085,1.0,0.0,1.0,0.428571,1
0.636364,0.2,0.56224,0.319547,0.75,0.296072,1.0,0.0,1.0,0.714286,1
1.0,1.0,0.418195,0.187243,0.625,0.375824,0.5,0.090909,0.418195,1.0,0
1.0,0.4,0.544386,0.514675,0.166667,0.171214,0.1,0.75,1.0,1.0,1
1.0,1.0,0.319698,0.169758,0.166667,0.304841,0.142857,0.5,0.319698,1.0,0
1.0,0.2,0.551204,0.297488,1.0,0.299921,0.166667,0.416667,1.0,1.0,1
0.666667,1.0,1.0,1.0,0.5,0.161869,1.0,0.0,1.0,1.0,1
0.75,0.6,0.995068,0.183611,0.666667,0.877238,0.333333,0.166667,1.0,1.0,0
0.636364,0.75,0.156385,0.304158,0.666667,0.163506,1.0,0.0,0.208513,0.833333,0
0.272727,0.25,0.591479,0.585848,0.333333,0.321065,1.0,0.0,1.0,0.333333,0
0.818182,1.0,0.350733,0.847418,0.833333,0.131619,1.0,0.0,0.350733,0.833333,0
0.727273,1.0,1.0,0.275989,0.166667,1.0,0.25,0.272727,1.0,1.0,1
1.0,0.75,0.368343,0.5778,0.166667,0.202728,0.125,0.636364,0.491124,1.0,1
0.818182,1.0,0.944849,1.0,0.666667,0.300469,0.5,0.090909,0.944849,0.833333,1
1.0,0.75,0.287462,0.695842,1.0,0.131373,0.333333,0.181818,0.383282,0.833333,0
0.583333,0.75,0.101437,0.159241,0.4,0.14657,0.333333,0.166667,0.135249,1.0,0
0.5,0.75,1.0,0.110664,0.6,1.0,1.0,0.0,1.0,1.0,1
0.666667,1.0,0.259463,0.280828,0.6,0.21259,0.5,0.083333,0.259463,1.0,0
1.0,0.75,0.734666,1.0,1.0,0.169043,0.2,0.333333,0.979554,1.0,1
0.583333,1.0,0.704185,0.532624,0.4,0.304209,0.5,0.083333,0.704185,1.0,0
0.916667,0.8,1.0,0.788398,1.0,0.179898,0.5,0.083333,1.0,0.666667,0
1.0,0.8,0.971887,1.0,0.833333,0.137844,0.25,0.25,1.0,1.0,1
0.5,1.0,0.150817,0.14078,0.0,0.151943,0.5,0.083333,0.150817,0.666667,1
0.583333,0.2,0.713184,0.475745,0.833333,0.212617,0.5,0.083333,1.0,1.0,1
0.666667,1.0,1.0,0.382293,0.142857,0.71135,0.333333,0.166667,1.0,1.0,1
1.0,0.4,0.397477,0.254764,1.0,0.424281,0.25,0.25,0.993693,1.0,1
0.916667,1.0,0.722618,1.0,0.0,0.196511,0.142857,0.5,0.722618,1.0,1
0.916667,0.6,0.751617,0.670185,0.571429,0.304987,0.2,0.333333,1.0,1.0,0
0.75,0.6,0.33937,0.107007,0.857143,0.862466,1.0,0.0,0.565617,1.0,0
0.833333,0.8,0.978255,0.595984,0.0,0.331447,0.142857,0.5,1.0,1.0,1
1.0,0.6,0.803898,0.276573,0.333333,0.586931,0.125,0.583333,1.0,1.0,1
1.0,1.0,0.136436,0.050067,0.666667,0.550267,0.25,0.25,0.136436,1.0,0
0.75,0.6,1.0,1.0,1.0,0.201928,1.0,0.0,1.0,1.0,1
1.0,0.2,0.90944,0.131995,0.666667,1.0,0.125,0.583333,1.0,1.0,1
0.833333,1.0,0.323567,0.044719,0.5,1.0,0.333333,0.166667,0.323567,1.0,0
0.666667,0.2,0.554502,0.552506,0.666667,0.143678,0.25,0.25,1.0,1.0,1
0.916667,0.4,1.0,0.052583,1.0,1.0,0.25,0.25,1.0,1.0,1
0.75,0.2,0.477057,0.454433,0.5,0.150288,0.166667,0.416667,1.0,1.0,1
1.0,0.4,0.890349,1.0,0.5,0.127463,0.125,0.583333,1.0,1.0,1
0.916667,1.0,1.0,1.0,0.714286,0.127234,0.333333,0.166667,1.0,0.8,1
0.666667,1.0,0.715709,0.655346,0.0,0.138954,0.2,0.333333,0.715709,1.0,1
0.416667,0.75,0.773819,0.040461,0.142857,1.0,0.5,0.083333,1.0,0.4,0
1.0,1.0,0.540613,0.141859,0.285714,0.48488,0.142857,0.5,0.540613,1.0,0
0.916667,0.5,0.798084,0.621709,0.857143,0.16333,0.25,0.25,1.0,0.8,1
1.0,0.25,0.472414,0.099773,1.0,0.602443,0.2,0.333333,1.0,0.8,1
0.909091,0.4,0.851938,0.586617,1.0,0.212513,0.5,0.090909,1.0,1.0,1
0.909091,0.8,1.0,0.896616,0.571429,0.163202,0.333333,0.181818,1.0,1.0,1
0.818182,0.4,0.300349,0.101994,0.285714,0.430909,0.166667,0.454545,0.750871,1.0,0
0.909091,1.0,0.846024,0.481842,0.428571,0.256928,0.333333,0.181818,0.846024,1.0,0
1.0,0.8,0.459394,0.370422,0.0,0.181477,0.125,0.636364,0.574242,1.0,0
0.727273,0.4,0.918471,1.0,0.285714,0.1344,0.2,0.363636,1.0,1.0,1
0.909091,1.0,0.490231,0.023335,0.571429,1.0,0.5,0.090909,0.490231,1.0,0
0.909091,1.0,0.28852,0.229176,0.571429,0.184221,0.5,0.090909,0.28852,1.0,0
1.0,0.8,0.816274,0.162858,1.0,0.889623,0.5,0.090909,1.0,0.75,0
1.0,0.4,0.805453,1.0,0.5,0.142961,0.142857,0.545455,1.0,1.0,1
0.636364,1.0,0.827094,0.053582,0.166667,1.0,0.5,0.090909,0.827094,1.0,0
0.545455,0.8,0.857931,0.758978,0.166667,0.200633,0.5,0.090909,1.0,0.75,1
0.909091,0.6,1.0,0.950451,0.166667,0.186745,0.142857,0.545455,1.0,1.0,1
0.9,1.0,0.622602,0.454794,0.571429,0.219243,1.0,0.0,0.622602,1.0,0
0.5,0.2,0.64661,0.203829,0.571429,0.508051,1.0,0.0,1.0,0.666667,1
1.0,0.4,1.0,1.0,1.0,0.160151,0.5,0.1,1.0,0.333333,1
0.7,0.6,0.512004,0.401544,0.285714,0.204207,0.333333,0.2,0.85334,0.666667,1
0.727273,1.0,0.896215,1.0,0.428571,0.180022,0.5,0.090909,0.896215,1.0,1
0.636364,1.0,1.0,0.183724,0.142857,1.0,0.333333,0.181818,1.0,0.75,1
0.818182,0.75,0.209457,0.038127,0.714286,1.0,0.5,0.090909,0.279276,1.0,0
1.0,0.25,0.967699,0.309922,0.857143,0.627194,0.2,0.363636,1.0,1.0,1
1.0,0.5,0.436674,0.080268,1.0,1.0,0.333333,0.181818,0.873349,0.75,1
0.833333,0.75,0.06341,0.052655,0.142857,0.232759,0.142857,0.5,0.084547,1.0,0
0.666667,0.75,0.309418,0.287562,0.714286,0.207972,1.0,0.0,0.412557,1.0,0
1.0,1.0,0.06388,0.078756,0.857143,0.156772,0.333333,0.166667,0.06388,1.0,0
0.916667,0.75,1.0,1.0,1.0,0.193282,0.5,0.083333,1.0,1.0,1
1.0,1.0,0.398779,0.592601,0.428571,0.130065,0.166667,0.416667,0.398779,1.0,1
0.833333,0.25,0.154298,0.2197,0.142857,0.135744,0.111111,0.666667,0.617191,1.0,1
0.75,0.5,0.231682,0.269859,0.0,0.165938,0.125,0.583333,0.463363,1.0,1
0.833333,1.0,0.631123,0.704923,0.833333,0.128349,1.0,0.0,0.631123,1.0,0
0.666667,0.6,0.885598,0.953027,0.833333,0.133215,1.0,0.0,1.0,1.0,1
1.0,0.8,0.420223,0.438095,0.666667,0.137509,0.2,0.333333,0.525279,1.0,1
0.833333,0.2,1.0,1.0,1.0,0.143358,0.25,0.25,1.0,1.0,1
0.909091,0.6,1.0,1.0,0.333333,0.297733,0.142857,0.545455,1.0,1.0,1
0.636364,0.8,0.754883,0.273785,1.0,0.820915,1.0,0.0,0.943604,1.0,0
0.727273,0.8,0.594511,0.824635,0.666667,0.214647,0.333333,0.181818,0.743138,1.0,1
0.727273,0.6,0.273265,0.443782,0.333333,0.183333,0.2,0.363636,0.455441,1.0,1
1.0,0.6,0.289793,0.13212,1.0,0.653047,0.166667,0.454545,0.482988,1.0,0
1.0,1.0,0.197936,0.117208,0.0,0.502799,0.142857,0.545455,0.197936,1.0,0
0.75,0.8,0.784884,0.34924,0.375,0.437001,0.333333,0.166667,0.981105,1.0,1
0.416667,0.4,0.939299,1.0,0.25,0.182644,0.5,0.083333,1.0,0.666667,1
1.0,0.4,0.92225,0.29223,0.125,0.613656,0.1,0.75,1.0,1.0,1
0.416667,1.0,1.0,0.415963,0.0,0.467462,1.0,0.0,1.0,0.666667,0
0.833333,0.4,0.391248,0.039485,0.125,1.0,0.125,0.583333,0.978119,1.0,0
0.916667,0.4,0.298187,0.268792,0.625,0.215711,0.2,0.333333,0.745466,0.666667,1
0.833333,0.2,0.296883,0.229941,1.0,0.251056,0.5,0.083333,1.0,0.666667,1
0.75,0.6,0.774047,0.288661,1.0,0.374413,0.5,0.083333,1.0,1.0,0
1.0,0.4,0.470297,0.117571,1.0,0.558528,0.166667,0.416667,1.0,1.0,1
0.5,0.6,0.73551,0.791691,0.6,0.129719,1.0,0.0,1.0,1.0,1
1.0,1.0,1.0,1.0,1.0,0.139628,0.333333,0.166667,1.0,1.0,1
0.833333,0.4,0.308688,0.286541,0.6,0.194202,0.166667,0.416667,0.77172,1.0,1
0.666667,0.6,0.290981,0.274781,0.8,0.190897,0.5,0.083333,0.484968,1.0,1
0.666667,1.0,0.349591,0.25406,0.2,0.248053,0.333333,0.166667,0.349591,1.0,0
1.0,0.8,1.0,1.0,0.8,0.180269,0.2,0.333333,1.0,1.0,1
0.666667,0.4,0.959822,0.200299,0.0,0.86384,0.142857,0.5,1.0,1.0,1
0.916667,1.0,0.38718,0.316035,1.0,0.220851,0.5,0.083333,0.38718,1.0,0
0.916667,0.2,0.967795,0.495987,0.4,0.35175,0.111111,0.666667,1.0,1.0,1
0.916667,0.4,0.813646,1.0,1.0,0.184669,0.2,0.333333,1.0,1.0,1
0.75,1.0,1.0,0.854964,0.8,0.265467,1.0,0.0,1.0,1.0,0
0.666667,0.8,0.611231,0.580662,0.6,0.238914,0.5,0.083333,0.764039,1.0,1
0.833333,0.8,0.210388,0.279731,1.0,0.170702,0.5,0.083333,0.262986,1.0,0
0.75,0.6,0.806128,0.307911,0.6,0.594207,0.25,0.25,1.0,1.0,1
1.0,0.8,0.161864,0.149431,0.2,0.245848,0.125,0.583333,0.202329,1.0,0
1.0,1.0,0.487818,0.849515,0.444444,0.184104,0.25,0.25,0.487818,1.0,0
0.833333,0.2,0.585685,1.0,1.0,0.187776,1.0,0.0,1.0,0.833333,1
0.916667,0.2,0.099105,0.079876,1.0,0.39779,0.5,0.083333,0.495526,0.833333,1
1.0,0.4,0.602478,0.588261,0.444444,0.328357,0.142857,0.5,1.0,1.0,1
0.5,0.2,1.0,0.201677,0.444444,1.0,0.5,0.083333,1.0,0.5,1
0.833333,0.2,0.805781,0.325684,0.888889,0.793225,0.5,0.083333,1.0,0.833333,1
1.0,1.0,0.48424,0.951015,0.111111,0.163248,0.142857,0.5,0.48424,1.0,1
0.75,0.4,0.686171,0.368465,1.0,0.248273,1.0,0.0,1.0,1.0,1
0.75,1.0,0.256769,0.019779,0.428571,1.0,0.5,0.083333,0.256769,1.0,0
0.75,0.4,0.153854,0.072061,0.285714,0.284645,0.166667,0.416667,0.384635,1.0,0
1.0,0.8,0.665837,0.135131,0.857143,0.656909,0.333333,0.166667,0.832296,1.0,1
0.916667,0.4,0.463741,0.061272,1.0,1.0,0.333333,0.166667,1.0,1.0,0
0.75,0.4,0.411038,0.391978,0.428571,0.139802,0.2,0.333333,1.0,1.0,1
0.833333,0.6,1.0,1.0,0.285714,0.13332,0.166667,0.416667,1.0,1.0,1
1.0,0.4,0.961121,0.795897,0.166667,0.207212,0.1,0.75,1.0,1.0,1
1.0,0.6,0.905566,0.712119,0.0,0.218204,0.1,0.75,1.0,1.0,1
0.666667,0.6,0.525919,0.664541,0.166667,0.135798,0.2,0.333333,0.876532,1.0,1
0.666667,0.8,0.771047,0.809343,0.5,0.163472,0.5,0.083333,0.963809,1.0,0
0.833333,0.4,0.942737,1.0,0.833333,0.161765,0.25,0.25,1.0,1.0,1
0.916667,0.6,1.0,0.60955,1.0,0.281505,0.333333,0.166667,1.0,1.0,1
1.0,1.0,0.35875,0.253232,0.333333,0.243091,0.166667,0.416667,0.35875,1.0,0
1.0,0.6,0.705056,0.347161,0.166667,0.32599,0.111111,0.666667,1.0,1.0,1
0.833333,0.2,1.0,1.0,1.0,0.160513,0.25,0.25,1.0,1.0,1
1.0,0.8,0.598126,0.099819,0.333333,0.961818,0.142857,0.5,0.747658,1.0,1
0.833333,1.0,0.561137,0.121338,0.833333,0.742308,1.0,0.0,0.561137,1.0,0
0.916667,0.8,0.054815,0.072038,0.5,0.138421,0.25,0.25,0.068518,1.0,1
0.75,0.8,1.0,0.736493,0.25,0.247001,0.25,0.25,1.0,1.0,1
0.916667,0.6,0.098791,0.115829,0.0,0.155155,0.111111,0.666667,0.164652,1.0,1
0.583333,0.8,0.737807,0.681517,0.375,0.19694,1.0,0.0,0.922259,0.8,0
1.0,0.4,0.82649,1.0,1.0,0.150351,0.333333,0.166667,1.0,0.6,1
0.583333,1.0,0.760942,0.130237,0.25,1.0,1.0,0.0,0.760942,0.8,0
0.5,0.8,1.0,0.677186,0.5,0.196863,1.0,0.0,1.0,1.0,1
1.0,0.4,0.731871,0.153479,0.0,0.635707,0.090909,0.833333,1.0,1.0,1
0.416667,0.4,0.898037,0.78202,0.25,0.153091,0.333333,0.166667,1.0,1.0,1
0.583333,1.0,0.694919,0.503079,0.0,0.184149,0.333333,0.166667,0.694919,1.0,0
1.0,0.6,0.95739,1.0,1.0,0.127632,0.166667,0.416667,1.0,1.0,1
0.727273,1.0,0.467302,0.600058,0.375,0.171538,0.5,0.090909,0.467302,0.75,0
1.0,0.75,0.797024,0.677113,0.875,0.259278,0.5,0.090909,1.0,1.0,1
1.0,0.25,0.186268,0.230305,0.625,0.178152,0.166667,0.454545,0.745072,1.0,0
0.818182,0.75,1.0,1.0,0.5,0.22027,0.333333,0.181818,1.0,1.0,1
1.0,0.5,0.342514,0.392179,1.0,0.192375,0.5,0.090909,0.685028,0.75,1
1.0,0.6,0.633834,0.92222,0.8,0.148946,0.2,0.363636,1.0,1.0,1
1.0,1.0,0.615889,0.254971,0.0,0.523479,0.142857,0.545455,0.615889,1.0,1
0.818182,0.6,0.178244,0.227223,1.0,0.17,0.5,0.090909,0.297073,1.0,0
0.545455,0.6,1.0,1.0,0.2,0.216714,0.333333,0.181818,1.0,1.0,1
0.909091,0.2,0.136405,0.165174,0.2,0.178968,0.111111,0.727273,0.682024,1.0,0
0.5,0.8,0.178369,0.17874,0.111111,0.36652,0.5,0.083333,0.222961,0.857143,0
0.75,1.0,0.267446,0.674409,0.333333,0.145651,0.5,0.083333,0.267446,0.714286,0
0.75,1.0,1.0,0.195276,0.444444,1.0,1.0,0.0,1.0,0.714286,0
0.833333,0.2,0.669847,0.790551,0.444444,0.311205,0.166667,0.416667,1.0,0.857143,1
1.0,0.2,0.514203,0.994094,1.0,0.18998,0.333333,0.166667,1.0,0.428571,1
0.25,0.6,0.916068,1.0,0.0,0.336457,1.0,0.0,1.0,0.285714,1
1.0,0.8,0.582913,0.477165,0.222222,0.44868,0.142857,0.5,0.728642,1.0,1
1.0,0.6,0.802444,0.42874,0.555556,0.68742,0.2,0.333333,1.0,0.857143,1
0.666667,0.8,0.735347,0.811975,0.5,0.158517,1.0,0.0,0.919184,0.857143,1
0.833333,0.4,0.596719,0.190826,0.5,0.547339,0.2,0.333333,1.0,1.0,1
0.833333,0.6,0.488698,0.267857,0.75,0.319346,0.5,0.083333,0.814496,0.857143,0
1.0,1.0,0.610322,0.602591,0.625,0.177281,0.333333,0.166667,0.610322,0.857143,0
1.0,0.4,1.0,1.0,1.0,0.175035,0.333333,0.166667,1.0,0.571429,1
0.833333,0.8,0.314663,0.244398,0.75,0.225358,1.0,0.0,0.393329,0.857143,0
0.416667,0.2,0.544109,0.378852,0.125,0.251386,0.25,0.25,1.0,0.428571,1
0.666667,0.6,0.483897,0.205882,0.25,0.411395,0.25,0.25,0.806495,0.857143,1
1.0,1.0,1.0,1.0,1.0,0.161407,0.333333,0.181818,1.0,0.666667,1
0.363636,0.6,0.714603,0.332935,0.25,0.346439,1.0,0.0,1.0,0.0,1
0.818182,1.0,0.680657,0.803148,1.0,0.13679,1.0,0.0,0.680657,0.666667,0
1.0,1.0,0.274411,0.060171,1.0,0.736093,0.333333,0.181818,0.274411,0.666667,0
0.583333,0.4,0.964399,0.035115,0.571429,1.0,0.5,0.083333,1.0,0.714286,0
0.583333,0.6,0.823092,1.0,0.428571,0.209789,0.5,0.083333,1.0,0.714286,1
0.75,0.6,1.0,0.423555,0.714286,0.601761,0.5,0.083333,1.0,0.857143,1
1.0,0.6,0.175445,0.225606,1.0,0.198209,0.333333,0.166667,0.292408,0.285714,1
0.5,0.4,0.119483,0.227781,0.0,0.133697,0.2,0.333333,0.298708,0.857143,1
0.833333,1.0,0.275543,0.109695,0.714286,0.640227,1.0,0.0,0.275543,0.857143,0
0.166667,0.4,0.77091,0.155998,0.0,1.0,1.0,0.0,1.0,0.285714,1
0.5,0.8,0.496708,0.248602,0.142857,0.50925,0.5,0.083333,0.620885,0.857143,0
0.666667,0.4,0.457234,0.0669,0.25,1.0,0.2,0.333333,1.0,0.857143,1
0.833333,1.0,0.507808,0.14683,0.5,0.650331,0.5,0.083333,0.507808,0.571429,0
0.333333,0.8,0.913435,1.0,0.0,0.171762,1.0,0.0,1.0,0.714286,1
0.916667,1.0,0.681146,0.211007,0.25,0.607005,0.2,0.333333,0.681146,1.0,0
1.0,0.2,0.396422,0.051536,1.0,1.0,0.25,0.25,1.0,0.428571,1
0.333333,0.4,0.604613,0.23804,0.25,0.477614,1.0,0.0,1.0,0.714286,0
0.333333,0.2,0.115627,0.067678,0.375,0.321264,1.0,0.0,0.578136,0.714286,1
1.0,0.8,1.0,0.942629,0.25,0.199484,0.142857,0.5,1.0,1.0,1
0.727273,0.8,1.0,0.547282,0.142857,0.657551,0.25,0.272727,1.0,1.0,1
0.909091,0.2,0.334264,0.446761,1.0,0.26925,0.333333,0.181818,1.0,0.5,1
0.545455,0.2,0.054107,0.039092,0.428571,0.498095,0.333333,0.181818,0.270536,0.75,0
0.545455,0.2,0.065798,0.053239,0.428571,0.444755,0.333333,0.181818,0.328988,0.75,0
1.0,1.0,0.469688,1.0,0.428571,0.169025,0.25,0.272727,0.469688,1.0,1
0.916667,0.6,1.0,0.327586,1.0,0.659896,0.2,0.333333,1.0,1.0,1
0.666667,0.8,0.588632,0.21831,1.0,0.58287,1.0,0.0,0.73579,1.0,0
0.416667,0.2,0.709391,0.30136,0.0,0.508864,0.2,0.333333,1.0,1.0,1
0.916667,1.0,0.473826,0.381496,0.75,0.268491,0.25,0.25,0.473826,1.0,0
0.916667,0.8,0.08998,0.044925,0.25,0.432973,0.142857,0.5,0.112475,1.0,0
0.833333,1.0,0.957201,1.0,0.75,0.206921,0.333333,0.166667,0.957201,1.0,1
1.0,0.2,0.187486,0.148859,1.0,0.272268,0.125,0.583333,0.93743,1.0,1
0.333333,0.2,0.811878,0.27233,0.75,0.736309,1.0,0.0,1.0,0.8,1
0.666667,0.2,0.459522,0.314668,1.0,0.360677,0.25,0.25,1.0,0.8,1
0.75,1.0,1.0,0.419557,0.5,0.588672,0.333333,0.166667,1.0,1.0,1
0.583333,1.0,0.198629,0.118274,0.25,0.414781,0.5,0.083333,0.198629,1.0,0
0.583333,0.6,0.422141,0.363835,0.75,0.286562,0.5,0.083333,0.703569,1.0,0
1.0,0.4,0.684251,1.0,0.5,0.168998,0.111111,0.666667,1.0,1.0,1
1.0,0.75,0.43571,0.306167,1.0,0.20253,0.333333,0.166667,0.580947,0.166667,1
0.416667,0.5,0.924551,0.653083,0.0,0.201471,0.25,0.25,1.0,0.666667,1
0.416667,0.25,0.295155,0.219244,0.142857,0.19159,0.25,0.25,1.0,0.666667,0
0.416667,1.0,0.98552,0.759064,0.0,0.184772,0.5,0.083333,0.98552,0.666667,0
0.416667,1.0,1.0,1.0,0.0,0.142315,0.5,0.083333,1.0,0.666667,1
0.583333,0.25,0.828851,0.505888,0.142857,0.23317,0.166667,0.416667,1.0,0.833333,1
0.833333,1.0,0.273598,0.120236,0.857143,0.32384,1.0,0.0,0.273598,0.333333,0
0.5,0.6,0.179344,0.274841,0.222222,0.21487,0.5,0.083333,0.298907,0.714286,0
0.5,0.8,0.680938,0.150356,0.222222,1.0,1.0,0.0,0.851173,0.714286,0
0.916667,0.4,0.081417,0.194601,0.777778,0.137765,0.333333,0.166667,0.203541,0.571429,1
0.5,1.0,1.0,1.0,0.111111,0.329284,1.0,0.0,1.0,0.714286,1
1.0,0.2,0.954225,0.191226,1.0,1.0,0.333333,0.166667,1.0,0.142857,1
0.75,1.0,0.295946,0.063742,0.222222,1.0,0.333333,0.166667,0.295946,0.857143,0
0.666667,0.8,0.206559,0.044619,0.333333,1.0,0.5,0.083333,0.258199,0.857143,0
0.75,0.8,0.669096,0.289464,0.222222,0.76114,0.25,0.25,0.83637,0.857143,1
0.833333,0.5,0.898667,0.54887,1.0,0.234418,1.0,0.0,1.0,0.666667,0
0.833333,1.0,1.0,1.0,0.75,0.143173,1.0,0.0,1.0,1.0,1
1.0,1.0,0.282667,0.213195,0.375,0.189828,0.166667,0.416667,0.282667,1.0,0
0.666667,0.25,0.133547,0.023671,0.5,0.807742,0.25,0.25,0.534187,0.833333,1
1.0,0.75,0.658027,0.653635,0.375,0.144136,0.142857,0.5,0.877369,1.0,1
0.666667,1.0,0.16352,0.161576,0.0,0.144896,0.2,0.333333,0.16352,0.833333,1
0.833333,0.5,0.18912,0.059713,0.75,0.453453,0.333333,0.166667,0.37824,1.0,0
0.583333,1.0,0.950798,0.396877,0.25,0.420398,0.5,0.083333,0.950798,1.0,0
0.583333,0.6,0.758695,1.0,1.0,0.133136,1.0,0.0,1.0,0.857143,1
0.25,0.4,0.060352,0.038054,0.25,0.278302,1.0,0.0,0.15088,0.285714,0
1.0,1.0,0.166223,0.181835,1.0,0.160415,0.25,0.25,0.166223,0.857143,0
0.916667,0.8,0.363748,0.155807,0.75,0.409677,0.2,0.333333,0.454685,0.857143,1
0.583333,0.4,0.478928,0.423622,0.0,0.19839,0.166667,0.416667,1.0,1.0,1
0.666667,0.8,1.0,0.615509,0.75,0.285098,0.5,0.083333,1.0,0.857143,0
0.666667,0.4,0.601678,0.680309,0.75,0.155198,0.25,0.25,1.0,0.857143,1
0.583333,0.6,0.250503,0.258866,0.5,0.163777,1.0,0.0,0.417505,0.714286,0
0.916667,0.4,0.1056,0.108195,0.125,0.165185,0.111111,0.666667,0.263999,1.0,1
0.833333,0.2,0.340121,0.121819,0.375,0.472533,0.142857,0.5,1.0,1.0,1
1.0,0.6,0.425121,0.115408,0.125,0.623437,0.111111,0.666667,0.708536,1.0,1
0.833333,1.0,0.540073,0.271889,0.625,0.336183,1.0,0.0,0.540073,0.857143,1
0.333333,0.2,1.0,1.0,0.375,0.169245,1.0,0.0,1.0,0.571429,1
0.916667,0.4,0.147508,0.140453,1.0,0.177746,0.5,0.083333,0.36877,0.714286,0
1.0,1.0,0.420504,0.168904,0.25,0.421352,0.166667,0.416667,0.420504,1.0,0
0.75,0.6,0.291589,0.340018,0.166667,0.225819,0.166667,0.416667,0.485982,1.0,0
1.0,0.4,0.257235,0.440285,0.333333,0.153846,0.111111,0.666667,0.643087,1.0,0
0.916667,0.8,0.626333,1.0,1.0,0.164929,0.5,0.083333,0.782916,1.0,1
0.666667,0.8,0.209511,0.07754,0.5,0.711494,0.5,0.083333,0.261889,1.0,0
0.833333,1.0,1.0,0.282977,0.5,0.930551,0.333333,0.166667,1.0,1.0,1
1.0,0.5,0.932972,0.83426,1.0,0.158874,0.25,0.25,1.0,0.6,1
1.0,0.75,0.327882,0.19159,0.714286,0.243126,0.2,0.333333,0.437176,0.8,0
0.416667,0.75,1.0,1.0,0.142857,0.142065,0.5,0.083333,1.0,0.4,1
1.0,0.75,0.742485,0.295648,0.857143,0.356779,0.25,0.25,0.98998,0.6,1
0.5,1.0,0.556259,0.305137,0.142857,0.258981,0.5,0.083333,0.556259,0.6,0
0.916667,0.75,0.816077,0.392997,0.571429,0.295004,0.2,0.333333,1.0,1.0,1
0.666667,0.2,0.19345,0.180624,0.5,0.156185,0.2,0.333333,0.967251,1.0,1
0.583333,0.2,0.373216,0.022173,0.5,1.0,0.25,0.25,1.0,1.0,1
0.833333,0.8,0.520468,0.391608,0.333333,0.193815,0.2,0.333333,0.650585,1.0,0
0.833333,1.0,0.553918,0.423333,0.5,0.190814,0.333333,0.166667,0.553918,1.0,1
0.916667,0.6,0.396842,0.129797,1.0,0.445861,0.333333,0.166667,0.661404,1.0,0
0.916667,0.4,1.0,1.0,0.166667,0.14583,0.111111,0.666667,1.0,1.0,1
0.583333,0.8,0.175906,0.040935,0.166667,0.626667,0.333333,0.166667,0.219883,1.0,0
1.0,0.6,0.662105,0.386833,0.833333,0.249603,0.2,0.333333,1.0,1.0,1
1.0,0.8,0.582094,0.259966,0.571429,0.389826,0.2,0.333333,0.727618,1.0,0
1.0,1.0,0.802062,0.698848,0.714286,0.199811,0.333333,0.166667,0.802062,1.0,0
1.0,0.6,0.653174,0.094842,1.0,1.0,0.333333,0.166667,1.0,0.857143,1
0.916667,0.6,1.0,0.845456,0.142857,0.205922,0.125,0.583333,1.0,1.0,1
0.75,0.6,0.721541,0.62252,0.857143,0.201791,1.0,0.0,1.0,1.0,0
0.75,0.8,0.878893,0.788589,0.571429,0.194034,0.5,0.083333,1.0,1.0,1
0.583333,1.0,0.075638,0.093331,0.285714,0.141093,1.0,0.0,0.075638,0.857143,0
0.916667,0.4,0.745632,1.0,0.285714,0.129813,0.125,0.583333,1.0,1.0,1
0.454545,0.5,1.0,1.0,0.125,0.13684,0.333333,0.181818,1.0,0.6,1
1.0,0.25,0.682295,0.046675,1.0,1.0,0.333333,0.181818,1.0,0.2,1
0.272727,0.25,0.360141,0.385576,0.0,0.127814,0.333333,0.181818,1.0,0.4,1
0.636364,1.0,0.495323,0.148142,0.0,0.457534,0.25,0.272727,0.495323,0.6,1
0.909091,0.5,0.29295,0.078052,0.875,0.5136,0.5,0.090909,0.5859,0.2,1
0.545455,0.5,0.373831,0.262098,0.5,0.195176,1.0,0.0,0.747661,0.4,0
1.0,1.0,0.977609,0.607966,0.571429,0.310765,0.25,0.25,0.977609,1.0,1
0.916667,0.2,0.696558,1.0,1.0,0.134618,0.25,0.25,1.0,0.666667,1
0.583333,0.6,0.159964,0.205597,0.285714,0.150366,0.333333,0.166667,0.266607,0.666667,0
1.0,0.8,1.0,0.847793,0.142857,0.227958,0.125,0.583333,1.0,1.0,1
0.5,0.333333,1.0,1.0,0.714286,0.162368,1.0,0.0,1.0,0.5,1
1.0,0.333333,0.496475,0.068145,1.0,1.0,0.2,0.333333,1.0,0.75,1
0.916667,0.666667,0.118198,0.135396,0.571429,0.141744,0.166667,0.416667,0.177297,1.0,1
0.75,1.0,0.706323,0.395457,0.857143,0.290005,1.0,0.0,0.706323,0.75,1
0.833333,1.0,0.465521,0.300304,0.142857,0.251697,0.142857,0.5,0.465521,1.0,1
0.833333,0.6,1.0,0.51875,1.0,0.384609,1.0,0.0,1.0,1.0,1
0.916667,1.0,0.798201,0.566734,0.714286,0.281003,0.5,0.083333,0.798201,1.0,0
0.916667,0.4,0.718977,0.525806,1.0,0.272814,0.333333,0.166667,1.0,1.0,0
0.666667,0.2,0.221302,0.211694,1.0,0.208571,1.0,0.0,1.0,1.0,1
1.0,1.0,0.716855,1.0,0.142857,0.143024,0.142857,0.5,0.716855,1.0,1
0.916667,0.2,0.742926,0.577621,1.0,0.256614,0.25,0.25,1.0,1.0,1
0.25,0.2,0.223542,0.18273,0.0,0.265212,0.333333,0.166667,1.0,0.166667,1
0.833333,0.8,0.787914,0.43404,0.857143,0.393543,1.0,0.0,0.984892,0.833333,0
0.916667,0.4,1.0,0.023012,1.0,1.0,0.333333,0.166667,1.0,0.833333,1
1.0,0.2,0.548713,0.614491,0.428571,0.193585,0.111111,0.666667,1.0,0.833333,1
0.75,0.2,0.475565,0.785828,0.857143,0.131197,0.333333,0.166667,1.0,0.833333,1
1.0,1.0,0.64845,0.748462,0.285714,0.187823,0.166667,0.416667,0.64845,1.0,0
1.0,1.0,0.69711,1.0,0.428571,0.151128,0.2,0.333333,0.69711,0.833333,1
1.0,1.0,0.573894,0.416286,0.833333,0.431872,0.333333,0.166667,0.573894,0.8,0
0.333333,0.4,0.278992,0.4212,0.333333,0.2075,1.0,0.0,0.697479,0.2,0
1.0,0.4,0.970308,1.0,1.0,0.303966,0.2,0.333333,1.0,0.8,1
0.583333,0.8,0.556751,0.541243,0.0,0.322244,0.25,0.25,0.695938,1.0,1
0.833333,0.8,0.892773,0.666901,0.666667,0.419368,0.333333,0.166667,1.0,0.8,0
1.0,0.8,1.0,0.56476,0.833333,0.554692,0.25,0.25,1.0,0.8,1
0.916667,0.666667,1.0,0.984402,0.5,0.420643,0.166667,0.416667,1.0,1.0,1
0.75,0.333333,0.273517,0.172877,1.0,0.655138,1.0,0.0,0.82055,1.0,1
0.916667,1.0,0.071257,0.058059,0.875,0.508209,0.5,0.083333,0.071257,1.0,0
0.916667,0.666667,0.356388,0.314558,0.75,0.469146,0.25,0.25,0.534582,1.0,1
1.0,1.0,0.331903,1.0,0.0,0.137435,0.1,0.75,0.331903,1.0,1
0.833333,1.0,0.149733,0.392114,0.875,0.158122,1.0,0.0,0.149733,1.0,0
0.916667,0.666667,0.228524,0.620017,0.75,0.152621,0.25,0.25,0.342785,1.0,0
0.916667,1.0,0.478184,0.353553,0.875,0.560049,0.5,0.083333,0.478184,1.0,1
0.916667,0.4,0.262345,0.037724,0.857143,0.9032,0.25,0.25,0.655862,1.0,1
0.916667,0.2,0.544092,0.422816,1.0,0.167131,0.25,0.25,1.0,1.0,1
1.0,0.8,1.0,1.0,0.857143,0.129878,0.333333,0.166667,1.0,1.0,1
0.75,0.4,0.646102,0.059454,1.0,1.0,1.0,0.0,1.0,1.0,0
0.833333,1.0,0.777855,0.362306,0.0,0.278842,0.166667,0.416667,0.777855,1.0,1
0.833333,1.0,0.260282,0.146657,1.0,0.318385,0.5,0.083333,0.260282,1.0,0
0.5,0.8,0.695846,0.172891,0.5,0.722023,1.0,0.0,0.869808,1.0,1
0.916667,0.6,0.164009,0.172163,0.5,0.170899,0.142857,0.5,0.273349,1.0,0
0.666667,0.4,1.0,1.0,0.5,0.179395,0.2,0.333333,1.0,1.0,1
0.916667,0.8,0.388646,0.303152,0.25,0.229988,0.142857,0.5,0.485808,1.0,0
1.0,0.6,0.845537,0.91984,0.25,0.164904,0.111111,0.666667,1.0,1.0,1
0.5,0.2,0.610643,0.036619,0.75,1.0,0.333333,0.166667,1.0,1.0,1
0.833333,0.6,0.502,0.263346,0.875,0.292144,1.0,0.0,0.836667,0.75,1
0.916667,0.4,0.836667,0.172925,1.0,0.741507,0.5,0.083333,1.0,0.75,1
0.916667,0.8,0.138,0.092465,0.625,0.228729,0.333333,0.166667,0.1725,0.75,0
1.0,1.0,0.556833,0.174457,0.625,0.489165,0.333333,0.166667,0.556833,0.75,0
0.25,0.6,1.0,1.0,0.0,0.153257,1.0,0.0,1.0,0.0,1
1.0,0.8,1.0,1.0,0.5,0.21767,0.166667,0.416667,1.0,1.0,1
0.666667,0.6,0.996902,0.134155,0.833333,1.0,1.0,0.0,1.0,1.0,0
0.583333,0.6,0.564089,0.471286,0.0,0.260533,0.2,0.333333,0.940148,1.0,1
1.0,0.4,0.669729,0.451523,0.833333,0.322863,0.166667,0.416667,1.0,1.0,1
1.0,0.4,0.379727,0.655661,0.666667,0.126064,0.142857,0.5,0.949316,1.0,1
0.75,0.6,0.779748,0.673564,1.0,0.251985,1.0,0.0,1.0,1.0,0
1.0,1.0,0.516663,0.154383,0.666667,0.728464,0.25,0.25,0.516663,1.0,0
0.833333,0.4,0.936445,0.632179,1.0,0.322435,0.333333,0.166667,1.0,1.0,1
0.916667,1.0,0.436653,0.061914,0.5,1.0,0.333333,0.166667,0.436653,1.0,0
0.916667,1.0,0.93112,1.0,0.5,0.137108,0.333333,0.166667,0.93112,1.0,1
1.0,0.8,0.330705,0.366599,0.5,0.132833,0.2,0.333333,0.413382,1.0,0
0.833333,0.4,0.485477,0.342363,1.0,0.208804,1.0,0.0,1.0,1.0,1
1.0,1.0,0.086584,0.080652,0.0,0.158081,0.125,0.583333,0.086584,1.0,0
0.833333,0.8,1.0,0.035438,0.5,1.0,0.333333,0.166667,1.0,1.0,0
0.666667,0.4,0.830083,0.10632,0.75,1.0,1.0,0.0,1.0,0.666667,1
0.916667,0.4,0.405788,0.458599,1.0,0.174519,0.5,0.083333,1.0,0.666667,0
0.833333,1.0,0.137498,0.183733,0.625,0.1476,1.0,0.0,0.137498,1.0,0
0.916667,0.2,1.0,0.380451,0.75,0.518416,0.2,0.333333,1.0,0.833333,1
0.5,1.0,0.387033,0.102156,0.125,0.747242,1.0,0.0,0.387033,0.333333,1
1.0,0.8,0.750093,0.902744,0.75,0.163881,0.333333,0.166667,0.937616,0.833333,1
0.75,1.0,0.658303,1.0,0.375,0.129838,0.5,0.083333,0.658303,1.0,0
1.0,0.333333,0.426268,0.284286,0.25,0.324221,0.111111,0.727273,1.0,1.0,1
1.0,0.333333,0.125529,0.100857,1.0,0.269122,0.333333,0.181818,0.376586,0.75,0
0.909091,0.333333,1.0,1.0,1.0,0.216229,0.5,0.090909,1.0,0.75,1
0.727273,0.666667,0.395745,0.507143,0.75,0.168732,1.0,0.0,0.593618,0.5,1
1.0,1.0,0.396802,0.644,0.75,0.13323,0.333333,0.181818,0.396802,1.0,1
0.818182,1.0,1.0,0.982561,0.222222,0.208506,0.333333,0.181818,1.0,0.666667,1
1.0,0.4,0.400187,0.216716,0.888889,0.378312,0.5,0.090909,1.0,0.666667,1
0.909091,0.2,0.943839,1.0,1.0,0.193365,1.0,0.0,1.0,0.333333,1
0.727273,0.2,0.555175,0.293279,0.555556,0.387817,0.333333,0.181818,1.0,0.333333,1
0.75,0.25,0.412821,0.132598,1.0,0.503056,0.25,0.25,1.0,0.833333,1
0.75,0.25,1.0,0.762198,1.0,0.211995,0.25,0.25,1.0,0.833333,1
1.0,0.75,0.423154,0.073594,0.8,0.929075,0.166667,0.416667,0.564205,0.833333,1
0.333333,0.25,0.850823,1.0,0.2,0.137478,0.333333,0.166667,1.0,0.166667,1
0.583333,0.5,0.447632,0.36959,1.0,0.195702,1.0,0.0,0.895265,0.833333,0
0.583333,1.0,0.856842,0.92203,0.6,0.150158,1.0,0.0,0.856842,1.0,1
0.833333,0.25,0.070024,0.054142,1.0,0.208982,0.2,0.333333,0.280096,0.833333,1
0.916667,0.6,0.446205,0.289284,0.777778,0.225792,0.5,0.083333,0.743675,0.8,0
1.0,1.0,1.0,0.678713,0.111111,0.215682,0.142857,0.5,1.0,1.0,1
1.0,0.4,0.421272,0.144732,0.111111,0.426087,0.1,0.75,1.0,1.0,0
0.416667,0.8,0.883935,0.349155,0.111111,0.370597,1.0,0.0,1.0,0.6,1
1.0,0.4,0.915377,1.0,0.111111,0.133999,0.1,0.75,1.0,1.0,1
0.833333,0.2,0.092852,0.059331,1.0,0.229091,1.0,0.0,0.464259,0.8,1
0.666667,0.8,0.239642,0.209862,0.0,0.180301,0.2,0.333333,0.299553,0.8,1
0.416667,0.4,0.153207,0.160551,0.222222,0.150672,0.5,0.083333,0.383018,0.8,0
0.583333,1.0,0.488959,0.266977,0.0,0.289179,0.333333,0.166667,0.488959,0.8,0
1.0,0.4,0.502103,0.629255,0.333333,0.125989,0.125,0.583333,1.0,1.0,1
0.666667,1.0,1.0,1.0,0.0,0.157895,0.25,0.25,1.0,0.8,1
1.0,0.2,0.295689,0.372406,1.0,0.125368,0.333333,0.166667,1.0,0.2,1
1.0,0.4,0.721517,1.0,0.375,0.16163,0.125,0.583333,1.0,0.8,1
0.666667,0.2,0.539358,0.779292,0.375,0.155043,0.2,0.333333,1.0,0.6,1
0.916667,0.4,0.389824,0.131671,1.0,0.663216,0.5,0.083333,0.97456,0.6,1
0.916667,0.6,0.560849,0.906323,0.75,0.138624,0.333333,0.166667,0.934749,0.8,0
0.916667,1.0,1.0,0.089037,0.375,1.0,0.25,0.25,1.0,0.8,1
0.25,0.6,0.125712,0.099768,0.0,0.282267,1.0,0.0,0.20952,0.0,1
0.916667,1.0,0.954973,0.749244,0.625,0.177656,0.5,0.083333,0.954973,1.0,0
0.833333,0.4,0.373025,0.348496,1.0,0.149195,1.0,0.0,0.932562,0.714286,1
0.583333,0.2,0.316121,0.245862,0.125,0.179215,0.166667,0.416667,1.0,0.714286,0
1.0,0.6,0.15615,0.115877,0.875,0.187826,0.333333,0.166667,0.26025,0.857143,0
0.916667,0.8,1.0,0.798474,0.375,0.174563,0.2,0.333333,1.0,1.0,1
0.666667,0.6,0.914902,1.0,0.125,0.127523,0.2,0.333333,1.0,0.857143,1
0.916667,0.2,0.795002,0.567871,0.625,0.195133,0.166667,0.416667,1.0,1.0,1
0.75,0.2,0.471238,0.061753,0.5,1.0,0.2,0.333333,1.0,1.0,1
0.833333,1.0,1.0,0.677605,0.25,0.201748,0.2,0.333333,1.0,1.0,1
1.0,0.25,0.166159,0.079718,1.0,0.28494,0.25,0.25,0.664637,0.666667,0
1.0,0.5,0.318501,0.088362,1.0,0.492754,0.333333,0.166667,0.637002,0.666667,1
0.666667,0.75,0.894965,0.20922,0.0,0.584774,0.166667,0.416667,1.0,0.666667,1
0.583333,0.75,0.144496,0.154954,0.125,0.127479,0.25,0.25,0.192662,0.666667,0
0.75,0.75,0.965457,1.0,0.75,0.131983,1.0,0.0,1.0,1.0,1
0.833333,0.25,0.622248,0.331519,0.25,0.256591,0.125,0.583333,1.0,1.0,1
1.0,0.6,0.807618,0.392886,1.0,0.275146,0.333333,0.166667,1.0,0.6,1
0.5,0.4,0.513792,0.217609,0.428571,0.316035,0.5,0.083333,1.0,0.6,1
0.916667,1.0,0.585733,0.554233,0.714286,0.141459,0.5,0.083333,0.585733,1.0,0
1.0,0.6,1.0,1.0,0.714286,0.133852,0.2,0.333333,1.0,1.0,1
0.5,0.6,0.257351,0.198269,0.428571,0.173738,1.0,0.0,0.428918,0.6,0
0.916667,0.6,0.06507,0.03868,1.0,0.225175,0.5,0.083333,0.10845,0.6,0
0.909091,0.6,0.443169,0.399327,0.0,0.247895,0.125,0.636364,0.738615,1.0,1
1.0,1.0,0.28058,0.265658,0.555556,0.235918,0.5,0.090909,0.28058,1.0,0
0.818182,0.8,0.961234,1.0,0.222222,0.214712,0.25,0.272727,1.0,0.833333,1
0.636364,0.2,1.0,0.465742,0.666667,0.479603,1.0,0.0,1.0,0.833333,1
0.727273,0.6,0.681972,0.143758,0.444444,1.0,0.5,0.090909,1.0,0.833333,0
1.0,0.2,0.560218,0.342581,1.0,0.365276,0.5,0.090909,1.0,0.5,1
0.909091,1.0,0.611404,0.430013,0.555556,0.317595,1.0,0.0,0.611404,1.0,0
0.9,1.0,0.377979,0.193168,0.5,0.449545,0.5,0.1,0.377979,0.75,0
0.7,0.2,0.751476,0.090178,1.0,1.0,1.0,0.0,1.0,0.75,1
1.0,0.8,1.0,0.57674,0.333333,0.398345,0.2,0.4,1.0,1.0,1
0.7,0.6,0.56593,1.0,0.5,0.130018,0.5,0.1,0.943217,0.75,1
0.3,0.4,0.905314,0.649837,0.0,0.320062,0.5,0.1,1.0,0.25,1
0.818182,0.6,0.55667,1.0,1.0,0.132026,1.0,0.0,0.927784,1.0,0
0.818182,0.2,0.361307,0.342765,0.833333,0.25,0.25,0.272727,1.0,1.0,1
0.636364,1.0,1.0,0.197428,0.333333,1.0,1.0,0.0,1.0,1.0,1
1.0,0.6,0.72058,0.053055,0.166667,1.0,0.125,0.636364,1.0,1.0,1
0.9,1.0,0.913967,0.47822,0.0,1.0,0.166667,0.5,0.913967,1.0,1
0.8,0.75,0.62275,1.0,0.833333,0.327652,1.0,0.0,0.830334,1.0,1
1.0,0.75,1.0,0.874053,0.833333,0.60195,0.333333,0.2,1.0,1.0,1
1.0,1.0,0.74604,0.205492,1.0,1.0,1.0,0.0,0.74604,1.0,0
0.916667,0.4,0.755229,0.974942,0.666667,0.14748,0.25,0.25,1.0,1.0,1
0.75,1.0,0.284869,0.235043,0.0,0.230744,0.2,0.333333,0.284869,0.833333,1
0.916667,0.2,0.352413,0.09188,0.666667,0.730233,0.2,0.333333,1.0,1.0,0
0.833333,0.8,1.0,1.0,0.555556,0.190385,0.5,0.083333,1.0,1.0,1
1.0,0.2,0.081522,0.11655,1.0,0.133167,0.333333,0.166667,0.407611,0.666667,1
0.916667,0.6,0.294052,0.020785,0.666667,1.0,0.333333,0.166667,0.490086,1.0,0
0.583333,0.2,0.701969,0.294095,0.0,0.454425,0.142857,0.5,1.0,0.833333,1
0.75,1.0,0.655738,1.0,1.0,0.148394,1.0,0.0,0.655738,1.0,1
0.666667,0.8,0.122461,0.062016,0.25,0.446875,0.25,0.25,0.153077,1.0,0
0.583333,0.8,1.0,0.84247,0.25,0.268616,0.333333,0.166667,1.0,1.0,1
1.0,0.4,0.319183,0.262458,0.75,0.275211,0.125,0.583333,0.797957,1.0,1
0.727273,0.333333,0.221805,0.53393,0.8,0.18601,0.25,0.272727,0.665414,1.0,0
0.909091,0.333333,0.11243,0.21515,1.0,0.233985,0.2,0.363636,0.337289,1.0,0
0.727273,1.0,1.0,0.632299,0.6,0.708153,0.333333,0.181818,1.0,1.0,1
1.0,1.0,0.288651,1.0,0.8,0.129248,0.2,0.363636,0.288651,1.0,1
0.909091,1.0,0.581297,0.437664,0.6,0.594712,0.2,0.363636,0.581297,1.0,1
0.727273,1.0,0.276081,0.669122,1.0,0.184748,1.0,0.0,0.276081,1.0,0
0.909091,1.0,0.202371,0.027799,0.5,1.0,0.333333,0.181818,0.202371,1.0,0
0.909091,0.8,0.785884,0.546559,1.0,0.202696,1.0,0.0,0.982355,0.857143,1
1.0,1.0,0.213901,0.072915,0.833333,0.413542,0.5,0.090909,0.213901,1.0,0
0.545455,0.2,0.318319,0.255507,0.833333,0.175624,1.0,0.0,1.0,0.571429,1
0.818182,0.2,0.147198,0.02552,1.0,0.813095,0.333333,0.181818,0.735991,0.857143,0
0.727273,1.0,0.498384,0.244873,0.0,0.286911,0.25,0.272727,0.498384,1.0,1
0.727273,0.2,1.0,1.0,0.333333,0.140969,0.166667,0.454545,1.0,1.0,1
0.727273,0.4,0.096983,0.027191,1.0,0.502793,1.0,0.0,0.242457,0.857143,0
0.416667,0.2,0.76988,0.127096,0.5,1.0,0.5,0.083333,1.0,0.666667,1
0.5,0.4,0.270857,0.368147,0.166667,0.162031,0.25,0.25,0.677142,0.833333,1
0.833333,1.0,0.819566,0.93362,0.5,0.193327,0.333333,0.166667,0.819566,1.0,0
0.5,0.6,0.345849,0.455143,0.333333,0.167347,0.5,0.083333,0.576415,0.833333,0
0.75,0.4,0.711964,0.956049,0.833333,0.164005,0.333333,0.166667,1.0,0.833333,1
0.833333,0.8,0.546446,0.692116,0.333333,0.173879,0.2,0.333333,0.683057,1.0,1
1.0,0.4,1.0,1.0,1.0,0.220231,0.2,0.333333,1.0,0.5,1
0.833333,0.6,0.92186,0.300836,0.333333,0.552243,0.166667,0.416667,1.0,1.0,1
0.666667,1.0,0.743225,1.0,0.166667,0.133941,0.333333,0.166667,0.743225,1.0,1
0.5,0.6,0.405357,0.296085,0.333333,0.246727,0.5,0.083333,0.675595,0.75,0
1.0,0.6,1.0,0.049221,1.0,1.0,0.25,0.25,1.0,0.75,0
1.0,0.8,0.69419,0.813569,0.666667,0.153772,0.2,0.333333,0.867737,1.0,1
1.0,1.0,1.0,0.802198,1.0,0.259038,1.0,0.0,1.0,0.25,1
0.9,1.0,0.068747,0.025856,0.857143,0.5525,1.0,0.0,0.068747,0.25,0
0.4,0.333333,0.858876,0.249731,0.0,0.714668,0.25,0.3,1.0,0.5,1
0.6,0.333333,0.625259,1.0,0.285714,0.129929,0.25,0.3,1.0,0.5,1
0.4,0.333333,0.899212,0.636716,0.285714,0.293469,0.5,0.1,1.0,0.5,1
0.583333,0.5,0.200123,0.084688,0.222222,0.315484,0.25,0.25,0.400246,0.857143,0
0.666667,0.75,1.0,1.0,0.111111,0.133506,0.2,0.333333,1.0,0.857143,1
0.833333,1.0,0.661449,0.299413,0.666667,0.294936,1.0,0.0,0.661449,1.0,0
0.583333,0.5,0.307858,0.077585,0.111111,0.529754,0.2,0.333333,0.615715,0.857143,0
0.75,1.0,0.679046,0.203388,0.0,0.445735,0.166667,0.416667,0.679046,0.857143,1
0.916667,0.25,0.525987,0.486136,1.0,0.144451,0.5,0.083333,1.0,0.428571,1
1.0,1.0,0.838244,0.68884,0.444444,0.162463,0.2,0.333333,0.838244,1.0,1
1.0,0.25,0.394209,0.260347,0.111111,0.202151,0.090909,0.833333,1.0,1.0,1
1.0,0.5,0.762457,0.342247,1.0,0.297427,0.333333,0.166667,1.0,0.666667,1
0.916667,1.0,1.0,1.0,0.5,0.133507,0.25,0.25,1.0,1.0,1
0.666667,0.75,0.141793,0.068319,0.5,0.277088,0.5,0.083333,0.189057,0.666667,1
1.0,0.25,0.839888,0.373064,0.0,0.300568,0.083333,0.916667,1.0,1.0,1
0.909091,0.75,0.351899,0.22442,0.8,0.197436,0.25,0.272727,0.469199,0.333333,1
1.0,1.0,1.0,0.304981,1.0,0.412854,0.333333,0.181818,1.0,0.333333,1
0.272727,0.5,0.532562,0.245639,0.2,0.272987,1.0,0.0,1.0,0.333333,1
0.363636,0.25,0.99443,1.0,0.0,0.125211,0.25,0.272727,1.0,0.333333,1
0.909091,0.8,0.507377,0.716259,0.5,0.219387,0.2,0.363636,0.634222,1.0,0
1.0,1.0,0.652636,1.0,1.0,0.202125,0.333333,0.181818,0.652636,1.0,1
0.727273,1.0,1.0,0.76656,0.25,0.40402,0.333333,0.181818,1.0,1.0,1
0.727273,0.6,0.165618,0.248317,0.5,0.206562,0.25,0.272727,0.27603,1.0,0
0.545455,0.6,0.24065,0.432164,0.5,0.172459,0.5,0.090909,0.401083,1.0,0
0.833333,0.8,0.199256,0.245999,0.0,0.128713,0.142857,0.5,0.249069,1.0,1
1.0,0.2,0.166521,0.026096,1.0,1.0,0.333333,0.166667,0.832603,0.571429,1
1.0,0.6,0.962557,0.886569,0.0,0.172527,0.1,0.75,1.0,1.0,1
0.75,1.0,0.384388,0.393528,0.444444,0.155217,1.0,0.0,0.384388,0.857143,0
0.666667,0.6,0.05693,0.060717,0.111111,0.148997,0.2,0.333333,0.094884,0.857143,0
0.583333,1.0,0.746661,0.673452,0.222222,0.176182,1.0,0.0,0.746661,0.714286,0
1.0,0.6,0.338406,0.084029,0.777778,0.639959,0.333333,0.166667,0.56401,0.857143,0
0.916667,1.0,1.0,1.0,0.555556,0.158907,0.5,0.083333,1.0,1.0,1
1.0,0.75,0.472742,0.527112,0.428571,0.185923,0.142857,0.5,0.630323,1.0,1
0.833333,0.5,1.0,1.0,1.0,0.207306,0.5,0.083333,1.0,1.0,1
0.75,1.0,0.665336,0.619578,0.285714,0.222616,0.25,0.25,0.665336,1.0,1
0.666667,0.5,0.224807,0.237728,0.714286,0.196038,0.5,0.083333,0.449615,1.0,1
0.75,0.25,0.077368,0.071632,0.857143,0.223904,0.333333,0.166667,0.309471,1.0,0
0.6,0.5,0.371916,0.042295,0.6,1.0,0.5,0.1,0.743833,1.0,1
1.0,0.75,0.549495,0.026608,0.8,1.0,0.25,0.3,0.73266,1.0,0
0.6,1.0,0.157906,0.063344,0.4,0.475549,1.0,0.0,0.157906,1.0,0
0.9,1.0,1.0,1.0,1.0,0.190766,1.0,0.0,1.0,1.0,1
0.5,0.25,0.918509,1.0,0.666667,0.183702,0.5,0.083333,1.0,0.714286,1
1.0,0.5,0.681301,0.235839,1.0,0.577768,0.2,0.333333,1.0,0.714286,1
0.583333,1.0,0.517162,0.144241,0.333333,0.71708,0.5,0.083333,0.517162,1.0,0
0.75,0.25,1.0,0.433986,0.333333,0.460844,0.142857,0.5,1.0,1.0,1
0.666667,0.75,0.440198,0.306801,0.666667,0.28696,0.5,0.083333,0.586931,0.857143,0
0.916667,1.0,0.53148,0.274584,0.666667,0.387117,0.25,0.25,0.53148,0.857143,1
0.833333,1.0,0.439145,0.371236,0.833333,0.236585,0.5,0.083333,0.439145,0.857143,0
0.25,0.5,0.743736,0.26195,0.0,0.567846,0.5,0.083333,1.0,0.285714,1
0.545455,0.8,0.624894,0.842874,0.0,0.14056,0.333333,0.181818,0.781118,0.75,0
1.0,0.2,0.334565,0.483787,0.333333,0.131113,0.111111,0.727273,1.0,1.0,1
0.909091,0.6,0.139464,0.092274,0.166667,0.286551,0.142857,0.545455,0.232439,1.0,0
0.818182,0.4,0.326647,0.047638,1.0,1.0,0.5,0.090909,0.816617,0.75,1
0.636364,1.0,1.0,1.0,0.333333,0.189592,1.0,0.0,1.0,1.0,1
0.583333,0.5,0.56773,0.152687,0.25,0.581798,0.25,0.25,1.0,0.666667,1
0.75,0.25,0.777124,0.298008,0.625,0.408034,0.25,0.25,1.0,1.0,1
0.916667,0.25,0.471218,0.107651,0.375,0.684914,0.125,0.583333,1.0,1.0,1
1.0,1.0,0.393644,0.144149,0.75,0.427294,0.333333,0.166667,0.393644,1.0,1
0.833333,0.75,1.0,1.0,0.25,0.156471,0.166667,0.416667,1.0,1.0,1
0.916667,0.5,0.138562,0.08438,1.0,0.256944,0.5,0.083333,0.277124,0.833333,0
1.0,0.75,0.127969,0.131425,0.875,0.152357,0.333333,0.166667,0.170626,0.833333,0
1.0,0.6,0.489978,0.546071,0.571429,0.151079,0.166667,0.416667,0.81663,0.833333,1
0.833333,0.6,0.882278,0.2175,1.0,0.683005,1.0,0.0,1.0,0.5,1
0.5,1.0,0.834871,1.0,0.0,0.140571,0.5,0.083333,0.834871,0.833333,1
0.833333,1.0,1.0,0.710893,0.714286,0.23685,1.0,0.0,1.0,0.666667,0
0.416667,0.6,0.608124,0.439107,0.142857,0.233184,0.5,0.083333,1.0,0.5,0
0.166667,0.2,0.340439,0.038036,0.0,1.0,0.5,0.083333,1.0,0.333333,0
0.666667,0.4,0.94973,0.817321,0.714286,0.195652,0.5,0.083333,1.0,0.666667,1
0.75,0.8,0.609484,0.042937,0.666667,1.0,0.5,0.083333,0.761855,1.0,0
0.916667,0.6,0.180098,0.069971,0.0,0.598485,0.111111,0.666667,0.300163,1.0,0
0.833333,0.4,0.303659,0.070501,0.833333,1.0,0.25,0.25,0.759147,1.0,0
0.916667,0.8,0.485011,0.151603,1.0,0.743881,0.5,0.083333,0.606264,1.0,0
0.916667,0.2,0.688362,0.607209,1.0,0.263597,0.2,0.333333,1.0,1.0,1
0.916667,1.0,1.0,0.96634,0.666667,0.24062,0.333333,0.166667,1.0,1.0,1
1.0,0.8,0.140089,0.170686,0.0,0.190839,0.111111,0.666667,0.175111,1.0,0
0.666667,1.0,0.596945,1.0,0.166667,0.138802,0.333333,0.166667,0.596945,1.0,1
0.666667,0.25,0.591978,0.811149,1.0,0.134136,1.0,0.0,1.0,1.0,1
1.0,1.0,0.81987,0.341756,0.714286,0.44093,0.25,0.25,0.81987,1.0,1
1.0,1.0,1.0,1.0,0.285714,0.183798,0.142857,0.5,1.0,1.0,1
0.916667,0.5,0.773951,0.16671,0.0,0.853281,0.1,0.75,1.0,1.0,1
1.0,0.75,0.21301,0.137796,0.142857,0.284121,0.111111,0.666667,0.284014,1.0,0
0.75,1.0,0.375567,0.173743,0.571429,0.397301,0.5,0.083333,0.375567,1.0,0
0.666667,0.75,0.568878,0.141183,0.0,0.74059,0.166667,0.416667,0.758503,1.0,0
0.916667,0.8,0.229689,0.409841,0.666667,0.155637,0.5,0.083333,0.287111,1.0,0
0.75,1.0,0.721262,0.664866,0.333333,0.301264,0.5,0.083333,0.721262,0.8,1
0.833333,0.2,0.47299,1.0,1.0,0.131353,1.0,0.0,1.0,0.6,0
0.583333,0.6,0.543647,0.855386,0.444444,0.176499,1.0,0.0,0.906079,0.8,0
1.0,0.4,0.083297,0.09811,0.111111,0.23578,0.1,0.75,0.208243,1.0,1
0.916667,0.8,1.0,0.561956,0.333333,0.49418,0.2,0.333333,1.0,1.0,1
0.333333,0.2,0.091502,0.110243,0.125,0.220253,0.333333,0.166667,0.457509,0.666667,1
0.75,0.2,0.744636,1.0,1.0,0.1976,1.0,0.0,1.0,0.666667,1
1.0,1.0,0.419541,0.392688,0.125,0.283511,0.142857,0.5,0.419541,1.0,0
1.0,1.0,1.0,0.885292,0.125,0.299748,0.142857,0.5,1.0,1.0,1
0.833333,0.6,0.637791,0.078989,0.4,1.0,0.166667,0.416667,1.0,1.0,0
0.583333,0.2,0.497121,0.502189,0.6,0.150515,0.25,0.25,1.0,1.0,1
0.916667,1.0,0.731091,0.750696,1.0,0.148078,0.5,0.083333,0.731091,1.0,0
1.0,0.8,0.601413,0.560684,0.0,0.163094,0.111111,0.666667,0.751767,1.0,1
0.833333,1.0,1.0,1.0,1.0,0.152049,1.0,0.0,1.0,1.0,1
0.583333,0.4,0.265637,0.202746,0.8,0.199215,0.5,0.083333,0.664093,1.0,0
0.666667,1.0,0.186171,0.186376,0.5,0.142437,0.5,0.083333,0.186171,1.0,1
0.416667,0.2,0.275729,0.189729,0.25,0.207229,0.25,0.25,1.0,1.0,1
0.5,1.0,0.627124,0.211673,0.25,0.422462,1.0,0.0,0.627124,1.0,0
0.916667,0.2,1.0,1.0,0.75,0.142594,0.125,0.583333,1.0,1.0,1
1.0,0.6,0.987389,0.744438,1.0,0.18913,0.166667,0.416667,1.0,1.0,1
0.5,0.2,0.096505,0.047394,0.25,0.290354,0.2,0.333333,0.482526,1.0,0
0.416667,0.6,0.900289,0.470588,0.0,0.272798,0.333333,0.166667,1.0,1.0,1
1.0,1.0,1.0,1.0,0.428571,0.133747,0.2,0.333333,1.0,1.0,1
1.0,0.4,0.200055,0.185611,0.857143,0.144156,0.2,0.333333,0.500139,0.75,1
1.0,1.0,0.677943,0.400148,0.714286,0.226599,0.333333,0.166667,0.677943,1.0,0
0.5,0.2,0.978234,0.283701,0.571429,0.461176,0.5,0.083333,1.0,0.5,1
1.0,0.4,0.11604,0.022622,1.0,0.686066,0.25,0.25,0.290101,0.75,0
0.666667,0.8,0.100805,0.088753,0.5,0.244904,0.333333,0.166667,0.126006,1.0,0
0.916667,0.6,0.143214,0.189731,1.0,0.162758,0.2,0.333333,0.238689,0.857143,0
1.0,1.0,0.532713,0.883863,1.0,0.129959,0.25,0.25,0.532713,0.857143,1
0.333333,0.6,0.299807,0.307335,0.0,0.210342,0.5,0.083333,0.499679,0.571429,1
0.833333,1.0,0.553578,0.432274,0.25,0.276131,0.2,0.333333,0.553578,1.0,0
0.666667,0.6,1.0,0.061858,0.25,1.0,0.2,0.333333,1.0,1.0,1
1.0,0.4,0.7282,0.832763,1.0,0.18855,0.142857,0.5,1.0,0.857143,1
0.666667,1.0,0.651434,1.0,0.5,0.140465,0.5,0.083333,0.651434,1.0,0
0.833333,1.0,0.501099,0.109288,0.5,0.73942,0.333333,0.166667,0.501099,1.0,0
0.666667,0.25,0.345553,0.192465,0.75,0.289535,0.5,0.083333,1.0,0.6,1
1.0,0.25,1.0,1.0,1.0,0.161264,0.25,0.25,1.0,0.4,1
0.5,0.75,0.203539,0.090078,0.375,0.364389,1.0,0.0,0.271385,0.6,0
1.0,0.25,0.195559,0.162439,0.375,0.194145,0.111111,0.666667,0.782237,1.0,1
0.666667,1.0,0.641957,0.691347,0.5,0.149744,1.0,0.0,0.641957,0.8,1
0.833333,1.0,0.832534,1.0,0.428571,0.135575,0.333333,0.166667,0.832534,1.0,0
1.0,0.6,0.852346,0.873493,0.857143,0.158904,0.25,0.25,1.0,1.0,1
0.666667,0.2,0.844526,0.816437,1.0,0.168448,1.0,0.0,1.0,1.0,1
0.833333,1.0,0.462982,0.038716,0.142857,1.0,0.2,0.333333,0.462982,1.0,0
0.75,0.6,0.234411,0.10596,0.714286,0.360256,0.5,0.083333,0.390685,1.0,0
0.75,0.4,1.0,0.497877,0.571429,0.32708,0.25,0.25,1.0,1.0,1
1.0,0.4,0.533889,0.323994,0.714286,0.268344,0.166667,0.416667,1.0,1.0,1
0.833333,1.0,0.771055,0.125327,0.125,0.788022,0.142857,0.5,0.771055,1.0,1
0.916667,0.666667,0.995912,0.100192,0.25,1.0,0.125,0.583333,1.0,1.0,1
0.75,0.333333,0.14568,0.028277,1.0,0.659877,1.0,0.0,0.43704,0.75,1
0.25,1.0,1.0,1.0,0.0,0.128085,1.0,0.0,1.0,0.5,1
1.0,1.0,0.476015,0.418921,0.875,0.145542,0.333333,0.166667,0.476015,0.75,1
1.0,0.8,0.285872,0.282097,0.625,0.178468,0.25,0.25,0.35734,1.0,1
1.0,0.4,0.222624,0.279086,0.25,0.140482,0.111111,0.666667,0.556561,1.0,1
0.5,0.2,1.0,1.0,0.375,0.176111,0.333333,0.166667,1.0,0.8,1
0.833333,0.2,0.447562,0.373296,1.0,0.211148,0.5,0.083333,1.0,0.6,1
0.666667,0.6,0.611564,0.558704,0.375,0.192773,0.333333,0.166667,1.0,0.8,1
0.833333,1.0,0.623831,0.717903,0.25,0.153034,0.25,0.25,0.623831,1.0,0
1.0,0.4,0.969864,1.0,0.222222,0.241631,0.125,0.636364,1.0,1.0,1
0.909091,0.6,0.540614,0.973089,0.666667,0.138413,0.5,0.090909,0.901023,1.0,1
0.818182,0.4,0.695507,0.37944,0.777778,0.456667,1.0,0.0,1.0,0.833333,0
1.0,0.6,0.41078,0.455867,0.666667,0.224498,0.333333,0.181818,0.684633,1.0,0
0.909091,1.0,0.671635,0.524758,0.555556,0.318872,1.0,0.0,0.671635,1.0,0
1.0,0.2,0.533593,0.232508,1.0,0.571759,0.5,0.090909,1.0,0.666667,1
0.727273,0.2,1.0,0.863832,0.666667,0.288411,0.5,0.090909,1.0,0.833333,1
0.909091,0.6,1.0,1.0,1.0,0.45096,1.0,0.0,1.0,0.5,1
0.909091,0.6,0.129725,0.353291,0.857143,0.165589,0.5,0.090909,0.216209,0.666667,0
0.454545,0.6,0.608392,0.416819,0.285714,0.658224,1.0,0.0,1.0,0.5,1
1.0,0.6,0.596737,0.13894,0.428571,1.0,0.166667,0.454545,0.994561,1.0,1
0.545455,1.0,0.188608,0.069927,0.0,1.0,0.5,0.090909,0.188608,0.666667,0
1.0,0.2,0.143407,0.11106,0.714286,0.582305,0.166667,0.454545,0.717037,0.833333,1
0.636364,1.0,0.253066,0.48766,0.285714,0.234021,1.0,0.0,0.253066,0.833333,0
0.909091,1.0,0.752991,0.422642,1.0,0.271377,1.0,0.0,0.752991,0.75,0
1.0,0.333333,0.930439,0.802598,1.0,0.176582,0.25,0.272727,1.0,0.75,1
0.727273,0.666667,1.0,1.0,0.571429,0.15232,0.333333,0.181818,1.0,1.0,1
1.0,1.0,0.743686,0.873967,1.0,0.129614,0.5,0.090909,0.743686,0.75,1
0.454545,0.333333,0.938968,0.438333,0.142857,0.326289,0.25,0.272727,1.0,0.25,1
0.818182,1.0,0.166615,0.035999,0.428571,1.0,0.5,0.090909,0.166615,1.0,0
1.0,0.6,0.840926,0.515825,0.285714,0.381311,0.142857,0.545455,1.0,1.0,1
0.818182,0.8,1.0,1.0,0.142857,0.233897,0.2,0.363636,1.0,1.0,1
1.0,0.6,0.149365,0.027301,0.428571,1.0,0.166667,0.454545,0.248941,1.0,0
0.727273,1.0,0.89247,0.937183,0.0,0.222738,0.25,0.272727,0.89247,1.0,1
0.909091,0.6,0.42258,0.546509,1.0,0.180858,1.0,0.0,0.704301,0.833333,0
0.545455,0.8,0.874393,0.815414,0.285714,0.250815,1.0,0.0,1.0,0.833333,0
0.75,1.0,0.576265,0.163659,0.125,0.872821,0.25,0.25,0.576265,1.0,1
0.5,0.2,0.968851,0.866555,0.25,0.277143,0.25,0.25,1.0,0.666667,1
1.0,0.4,0.134586,0.098196,1.0,0.339744,0.333333,0.166667,0.336465,0.666667,1
0.916667,0.8,1.0,1.0,0.625,0.247881,0.333333,0.166667,1.0,1.0,1
0.916667,1.0,0.82525,0.025762,0.222222,1.0,0.2,0.333333,0.82525,1.0,1
0.916667,0.2,0.774021,1.0,1.0,0.152307,0.5,0.083333,1.0,0.5,1
0.833333,0.4,0.504668,0.168235,0.333333,0.59028,0.166667,0.416667,1.0,1.0,1
0.416667,0.6,0.136043,0.037186,0.0,0.71988,0.333333,0.166667,0.226738,0.5,0
1.0,0.2,0.062728,0.025762,0.888889,0.47913,0.25,0.25,0.313638,0.666667,1
0.75,0.2,1.0,0.299731,0.0,0.656502,0.111111,0.666667,1.0,0.833333,1
0.583333,0.2,0.198884,0.070789,0.555556,0.552848,0.5,0.083333,0.994422,0.5,1
0.833333,1.0,0.840813,0.408095,0.125,0.31728,0.2,0.333333,0.840813,1.0,0
0.75,0.2,0.375187,0.187876,1.0,0.307526,1.0,0.0,1.0,0.571429,0
0.333333,0.8,1.0,0.36497,0.0,0.421937,1.0,0.0,1.0,0.428571,1
0.666667,1.0,0.939286,0.957052,0.125,0.151136,0.333333,0.166667,0.939286,0.857143,1
0.75,1.0,0.895788,1.0,0.5,0.137946,1.0,0.0,0.895788,0.857143,0
0.666667,0.4,0.513945,0.053552,0.0,1.0,0.142857,0.5,1.0,0.857143,0
1.0,0.8,0.743831,0.469424,0.5,0.244014,0.2,0.333333,0.929789,0.857143,1
1.0,0.8,0.906576,0.218628,0.625,0.638561,0.25,0.25,1.0,0.857143,0
1.0,0.8,0.335629,0.121293,0.0,0.437569,0.111111,0.666667,0.419536,1.0,0
0.916667,1.0,0.069605,0.064332,1.0,0.171094,0.5,0.083333,0.069605,1.0,0
0.666667,1.0,0.562771,0.513821,0.0,0.173199,0.25,0.25,0.562771,1.0,1
1.0,0.6,1.0,0.237728,0.2,0.665187,0.111111,0.666667,1.0,1.0,1
0.833333,0.4,0.797648,1.0,0.4,0.126135,0.142857,0.5,1.0,1.0,1
0.9,0.25,0.982137,1.0,0.125,0.13022,0.125,0.7,1.0,1.0,1
0.8,1.0,0.959751,0.503673,0.125,0.252649,0.25,0.3,0.959751,0.833333,1
0.2,0.25,0.510006,0.116324,0.125,0.581314,1.0,0.0,1.0,0.5,0
0.8,0.25,0.904918,0.795683,0.625,0.150791,0.333333,0.2,1.0,0.666667,1
0.6,1.0,0.5645,0.150952,0.0,0.495829,0.333333,0.2,0.5645,0.833333,1
1.0,0.25,1.0,0.187528,1.0,0.707034,0.5,0.1,1.0,0.333333,1
0.9,1.0,0.505936,0.419128,0.375,0.16005,0.333333,0.2,0.505936,0.833333,0
1.0,1.0,0.770319,0.491636,1.0,0.281805,0.333333,0.166667,0.770319,1.0,1
0.5,0.2,0.535989,0.482182,0.8,0.199925,0.5,0.083333,1.0,1.0,1
0.75,0.8,0.419531,0.524,0.0,0.143997,0.166667,0.416667,0.524414,1.0,0
0.833333,0.2,0.229984,0.198727,0.2,0.208143,0.111111,0.666667,1.0,1.0,1
0.666667,0.2,0.351395,0.228182,0.0,0.276972,0.125,0.583333,1.0,1.0,1
0.916667,0.4,0.827335,0.044364,1.0,1.0,0.2,0.333333,1.0,1.0,1
0.583333,0.8,1.0,1.0,0.4,0.179855,0.5,0.083333,1.0,1.0,0
0.583333,0.4,0.605843,0.856364,0.2,0.12724,0.2,0.333333,1.0,1.0,1
1.0,0.2,0.135605,0.080434,1.0,0.354232,0.2,0.333333,0.678027,0.0,1
0.416667,1.0,0.963399,0.070348,0.0,1.0,1.0,0.0,0.963399,0.8,1
0.416667,0.2,0.332293,0.469743,0.142857,0.148631,0.25,0.25,1.0,0.8,1
0.583333,0.4,1.0,1.0,0.142857,0.210111,0.2,0.333333,1.0,0.8,1
0.333333,0.6,0.166807,0.234745,0.0,0.149302,0.5,0.083333,0.278011,0.8,0
0.416667,0.4,0.465019,0.506556,0.285714,0.192882,0.5,0.083333,1.0,0.8,0
0.818182,1.0,1.0,1.0,0.166667,0.132975,0.25,0.272727,1.0,1.0,1
0.727273,0.6,0.850289,0.647731,0.666667,0.174559,0.5,0.090909,1.0,1.0,1
1.0,0.6,0.156126,0.126066,0.833333,0.164682,0.25,0.272727,0.26021,1.0,1
0.818182,0.6,0.519051,0.385363,1.0,0.179106,1.0,0.0,0.865084,1.0,0
0.916667,0.4,1.0,0.715234,0.333333,0.199663,0.142857,0.5,1.0,1.0,1
0.75,0.8,0.939797,1.0,0.222222,0.134208,0.25,0.25,1.0,0.857143,1
0.75,1.0,0.56992,0.487029,0.0,0.167111,0.2,0.333333,0.56992,0.857143,0
0.833333,0.2,0.752535,0.529412,1.0,0.202991,1.0,0.0,1.0,0.714286,1
0.833333,0.2,0.276299,0.172097,0.888889,0.229273,0.5,0.083333,1.0,1.0,1
0.833333,0.4,0.476341,0.314932,0.666667,0.215996,0.333333,0.166667,1.0,1.0,0
1.0,1.0,0.432721,0.440121,0.555556,0.140404,0.333333,0.166667,0.432721,1.0,0
0.916667,0.4,0.465674,0.333937,0.666667,0.199142,0.25,0.25,1.0,1.0,1
1.0,1.0,0.882957,1.0,0.625,0.149626,0.333333,0.166667,0.882957,1.0,1
0.833333,1.0,0.533381,0.152601,0.625,0.592308,1.0,0.0,0.533381,1.0,0
0.916667,0.2,0.379673,0.402348,0.625,0.159909,0.166667,0.416667,1.0,1.0,1
0.916667,0.6,0.4118,0.477636,0.125,0.146102,0.125,0.583333,0.686333,1.0,1
0.916667,0.2,0.673833,0.374823,1.0,0.304644,0.333333,0.166667,1.0,1.0,1
0.75,0.2,0.915801,0.213722,0.125,0.726136,0.125,0.583333,1.0,1.0,1
0.916667,1.0,1.0,0.523781,0.5,0.323532,0.333333,0.166667,1.0,1.0,0
0.833333,0.5,1.0,1.0,0.666667,0.128292,0.333333,0.166667,1.0,0.8,1
0.916667,0.25,0.177852,0.171433,1.0,0.133095,0.5,0.083333,0.711408,0.4,1
0.666667,1.0,0.36083,0.194678,0.333333,0.237785,0.5,0.083333,0.36083,0.8,1
1.0,1.0,0.123972,0.115002,0.111111,0.138298,0.125,0.583333,0.123972,1.0,0
0.416667,0.5,0.481106,0.423459,0.222222,0.145757,0.5,0.083333,0.962212,0.6,1
0.583333,1.0,0.131005,0.11852,0.333333,0.141806,1.0,0.0,0.131005,0.8,0
0.666667,1.0,0.978109,0.313725,0.375,1.0,1.0,0.0,0.978109,0.666667,0
0.416667,0.6,1.0,1.0,0.25,1.0,1.0,0.0,1.0,0.666667,1
0.75,1.0,0.382886,0.522059,0.5,0.903286,1.0,0.0,0.382886,1.0,1
1.0,0.2,0.160597,0.291667,1.0,0.678151,0.25,0.25,0.802985,0.333333,1
0.454545,0.8,0.533675,0.256452,0.0,0.399361,0.5,0.090909,0.667094,0.6,0
1.0,0.8,0.977372,0.433224,1.0,0.432955,0.333333,0.181818,1.0,0.8,1
0.909091,0.6,0.385633,0.481565,1.0,0.153679,0.333333,0.181818,0.642722,0.8,0
0.727273,0.4,1.0,0.535846,0.6,0.358142,0.25,0.272727,1.0,1.0,1
1.0,1.0,0.858256,1.0,0.0,0.164707,0.142857,0.545455,0.858256,1.0,1
0.909091,1.0,0.718433,0.460262,0.0,0.299555,0.166667,0.454545,0.718433,1.0,0
0.818182,0.666667,0.275648,0.366859,1.0,0.284769,0.5,0.090909,0.413472,0.666667,1
1.0,1.0,0.069243,0.115222,1.0,0.227759,0.333333,0.181818,0.069243,0.666667,1
0.727273,1.0,0.365328,1.0,0.666667,0.138459,0.5,0.090909,0.365328,0.666667,1
0.363636,1.0,1.0,0.300963,0.0,1.0,0.5,0.090909,1.0,0.0,1
0.909091,0.4,0.519315,0.737209,1.0,0.153943,0.333333,0.181818,1.0,0.8,1
1.0,0.8,0.906672,1.0,0.666667,0.19814,0.25,0.272727,1.0,1.0,0
1.0,0.8,0.685112,0.98907,0.5,0.151375,0.2,0.363636,0.85639,1.0,1
0.545455,0.4,0.365542,0.233953,0.666667,0.341451,1.0,0.0,0.913855,0.8,0
1.0,0.6,1.0,0.497209,0.666667,0.439523,0.2,0.363636,1.0,1.0,1
0.909091,1.0,0.271682,0.437674,0.0,0.135654,0.166667,0.454545,0.271682,1.0,0
0.666667,0.333333,1.0,1.0,0.444444,0.169321,0.25,0.25,1.0,0.714286,1
0.916667,0.333333,0.090438,0.110682,0.888889,0.138352,0.333333,0.166667,0.271315,0.285714,1
0.666667,0.666667,0.678649,0.381863,0.222222,0.300919,0.2,0.333333,1.0,0.714286,1
0.5,0.333333,0.954833,0.126995,0.333333,1.0,0.333333,0.166667,1.0,0.714286,1
0.5,0.333333,0.903657,0.53552,0.444444,0.285719,0.5,0.083333,1.0,0.714286,1
0.833333,1.0,0.312856,0.209262,0.333333,0.253143,0.2,0.333333,0.312856,1.0,1
1.0,0.333333,0.148244,0.164357,1.0,0.152721,0.333333,0.166667,0.444732,0.285714,1
0.5,0.333333,0.96685,0.140326,0.555556,1.0,1.0,0.0,1.0,0.714286,1
1.0,0.6,0.426124,0.23234,0.0,0.419308,0.1,0.75,0.710206,1.0,1
1.0,0.8,0.198565,0.308001,0.625,0.147391,0.25,0.25,0.248206,1.0,1
0.833333,1.0,1.0,1.0,0.125,0.228624,0.2,0.333333,1.0,1.0,1
0.833333,0.2,0.476937,0.357549,1.0,0.304963,0.5,0.083333,1.0,1.0,1
0.666667,0.25,0.418141,0.827428,1.0,0.204836,0.5,0.083333,1.0,1.0,1
1.0,0.25,0.472851,1.0,0.5,0.191663,0.111111,0.666667,1.0,1.0,1
0.583333,1.0,1.0,0.561484,0.166667,0.721901,0.333333,0.166667,1.0,1.0,1
0.666667,0.5,0.206499,0.313464,0.333333,0.267021,0.2,0.333333,0.412999,1.0,1
1.0,1.0,0.75977,0.992914,1.0,0.31016,0.333333,0.166667,0.75977,1.0,1
0.818182,0.5,0.157577,0.114334,0.625,0.314588,0.333333,0.181818,0.315154,1.0,1
1.0,0.5,1.0,1.0,1.0,0.228257,0.5,0.090909,1.0,1.0,1
0.909091,1.0,0.060468,0.04641,0.25,0.297396,0.2,0.363636,0.060468,1.0,1
1.0,0.75,0.47972,0.207155,0.125,0.528588,0.125,0.636364,0.639627,1.0,1
0.5,0.2,0.525729,0.220612,0.0,0.393593,0.166667,0.416667,1.0,0.8,1
1.0,0.2,0.385332,0.389157,1.0,0.16354,0.166667,0.416667,1.0,0.8,1
0.583333,0.4,0.704691,0.262659,0.333333,0.44312,0.25,0.25,1.0,1.0,1
0.666667,0.6,0.802188,0.141528,0.5,0.936157,0.333333,0.166667,1.0,1.0,0
0.75,1.0,1.0,1.0,0.333333,0.165164,0.333333,0.166667,1.0,1.0,1
0.916667,1.0,0.38154,0.411344,0.5,0.153197,0.25,0.25,0.38154,1.0,0
0.909091,0.666667,0.781473,1.0,1.0,0.185375,1.0,0.0,1.0,0.666667,1
0.909091,0.333333,0.22617,0.344929,0.75,0.15554,0.25,0.272727,0.678509,1.0,1
0.727273,0.333333,0.972736,0.365507,0.125,0.6313,0.142857,0.545455,1.0,0.833333,1
1.0,1.0,0.868636,0.744733,0.375,0.276678,0.166667,0.454545,0.868636,1.0,0
0.818182,0.333333,0.589177,0.545076,0.5,0.256404,0.2,0.363636,1.0,1.0,1
1.0,1.0,1.0,0.82925,0.5,0.286056,0.2,0.363636,1.0,1.0,1
0.727273,1.0,0.057317,0.087947,0.25,0.154596,0.25,0.272727,0.057317,0.833333,0
0.833333,0.4,0.864069,0.761334,0.0,0.242303,0.111111,0.666667,1.0,1.0,1
1.0,0.2,0.862466,0.883661,1.0,0.208374,0.2,0.333333,1.0,0.857143,1
0.583333,1.0,1.0,1.0,0.142857,0.213494,0.5,0.083333,1.0,0.571429,1
0.666667,0.4,0.645898,0.025663,0.714286,1.0,0.5,0.083333,1.0,1.0,1
0.666667,1.0,0.236202,0.153336,0.285714,0.32887,0.5,0.083333,0.236202,1.0,0
1.0,0.6,0.128118,0.031223,1.0,0.876027,0.333333,0.166667,0.21353,0.857143,0
0.833333,0.4,0.609136,0.998931,1.0,0.130186,0.5,0.083333,1.0,0.857143,1
0.666667,0.2,0.132826,0.024594,0.285714,1.0,0.166667,0.416667,0.664129,1.0,0
1.0,0.8,0.212326,0.11682,0.142857,0.318609,0.125,0.583333,0.265408,1.0,0
0.333333,0.2,0.438807,0.363636,0.142857,0.211534,0.333333,0.166667,1.0,0.714286,1
0.916667,1.0,0.883252,0.349363,0.285714,0.44318,0.2,0.333333,0.883252,1.0,0
0.916667,0.4,0.706376,0.661616,0.285714,0.187156,0.125,0.583333,1.0,1.0,1
0.75,0.8,0.434173,0.573342,0.0,0.132746,0.166667,0.416667,0.542716,1.0,1
1.0,0.4,0.801453,1.0,0.714286,0.140492,0.166667,0.416667,1.0,0.714286,1
0.833333,0.6,1.0,0.438955,1.0,0.39935,1.0,0.0,1.0,0.714286,1
0.333333,0.8,0.619191,0.096618,0.0,1.0,1.0,0.0,0.773988,0.714286,0
0.25,0.6,0.911397,0.54199,0.0,0.217626,1.0,0.0,1.0,0.666667,1
0.25,0.2,0.069607,0.039267,0.166667,0.229412,0.5,0.083333,0.348037,0.666667,0
0.583333,1.0,0.395207,0.123082,0.166667,0.41555,0.5,0.083333,0.395207,1.0,0
0.833333,0.4,1.0,1.0,1.0,0.129418,0.333333,0.166667,1.0,0.666667,1
0.916667,1.0,0.161015,0.093714,0.833333,0.222359,0.5,0.083333,0.161015,0.666667,0
1.0,1.0,0.670066,0.466095,0.0,0.186053,0.125,0.583333,0.670066,1.0,1
0.916667,0.6,0.788118,0.293351,0.166667,0.347694,0.125,0.583333,1.0,1.0,1
0.833333,1.0,0.348016,0.262639,1.0,0.238873,0.333333,0.166667,0.348016,1.0,0
0.75,1.0,0.9658,1.0,0.666667,0.174106,0.333333,0.166667,0.9658,1.0,1
0.5,0.4,0.751026,0.943033,1.0,0.143567,0.5,0.083333,1.0,1.0,1
1.0,0.8,1.0,0.38767,1.0,0.465013,0.166667,0.416667,1.0,1.0,0
0.75,0.5,1.0,0.128917,0.444444,1.0,0.25,0.25,1.0,0.714286,1
1.0,0.5,0.596116,0.482186,0.666667,0.169407,0.2,0.333333,1.0,0.857143,1
1.0,0.25,0.918346,1.0,0.777778,0.125841,0.2,0.333333,1.0,0.857143,1
0.333333,0.5,0.132505,0.075118,0.222222,0.241714,1.0,0.0,0.26501,0.142857,1
0.75,0.5,0.674637,0.395192,0.0,0.233925,0.125,0.583333,1.0,0.857143,1
1.0,1.0,0.179806,0.190728,0.555556,0.129182,0.25,0.25,0.179806,0.857143,0
0.75,0.5,0.962619,0.580913,0.555556,0.227069,0.333333,0.166667,1.0,0.714286,1
1.0,0.25,0.167589,0.139219,1.0,0.164954,0.333333,0.166667,0.670356,0.428571,1
1.0,0.8,0.75338,0.114907,0.5,1.0,0.142857,0.5,0.941725,1.0,1
0.666667,0.4,1.0,1.0,1.0,0.156437,0.333333,0.166667,1.0,1.0,1
0.75,0.8,0.602964,0.260728,1.0,0.361778,0.5,0.083333,0.753705,1.0,0
1.0,1.0,0.125325,0.034371,0.75,0.570414,0.2,0.333333,0.125325,1.0,1
0.9,1.0,0.777744,0.347059,1.0,0.292203,1.0,0.0,0.777744,1.0,1
0.8,1.0,0.391178,0.370065,0.428571,0.137831,0.25,0.3,0.391178,1.0,1
0.9,0.5,1.0,1.0,0.142857,0.130392,0.125,0.7,1.0,1.0,1
1.0,1.0,0.369925,0.03817,0.857143,1.0,0.333333,0.2,0.369925,1.0,1
1.0,1.0,0.14406,0.059085,0.285714,0.31792,0.142857,0.6,0.14406,1.0,1
0.75,0.4,0.152773,0.173311,0.875,0.126456,1.0,0.0,0.381932,0.4,1
0.583333,1.0,0.28873,0.260565,0.125,0.158963,0.5,0.083333,0.28873,0.6,0
0.166667,0.4,0.247823,0.247562,0.0,0.143607,1.0,0.0,0.619559,0.4,1
0.5,0.4,1.0,1.0,0.0,0.143456,0.2,0.333333,1.0,0.6,1
1.0,0.8,0.409541,0.370744,0.375,0.158468,0.166667,0.416667,0.511926,0.8,1
0.916667,0.2,0.309004,0.055261,1.0,0.802167,0.333333,0.166667,1.0,0.4,1
0.916667,0.6,0.760167,0.208784,1.0,0.535086,0.333333,0.166667,1.0,1.0,1
1.0,0.8,0.397588,0.325804,0.166667,0.179345,0.125,0.583333,0.496985,1.0,0
0.916667,1.0,1.0,1.0,0.333333,0.146965,0.2,0.333333,1.0,1.0,1
0.833333,0.4,0.623973,0.095216,1.0,0.963097,0.333333,0.166667,1.0,1.0,1
0.833333,1.0,0.398209,0.255996,0.5,0.233176,0.333333,0.166667,0.398209,1.0,0
0.833333,0.2,0.235886,0.178911,1.0,0.197639,0.25,0.25,1.0,0.75,1
0.5,0.2,0.204186,0.114799,0.5,0.266623,0.333333,0.166667,1.0,0.75,1
1.0,1.0,0.094596,0.015387,0.833333,0.921569,0.333333,0.166667,0.094596,1.0,1
1.0,1.0,1.0,1.0,0.166667,0.149902,0.142857,0.5,1.0,1.0,1
0.916667,0.6,1.0,1.0,1.0,0.151388,0.5,0.083333,1.0,1.0,1
0.666667,0.2,0.149835,0.032761,0.285714,0.692381,0.166667,0.416667,0.749176,1.0,0
0.916667,1.0,0.242477,0.019813,0.142857,1.0,0.166667,0.416667,0.242477,1.0,1
1.0,0.2,0.749897,0.544774,1.0,0.208391,0.2,0.333333,1.0,1.0,1
1.0,0.6,0.745775,0.574415,0.571429,0.196551,0.166667,0.416667,1.0,1.0,1
1.0,0.8,0.431575,0.310608,0.428571,0.210347,0.166667,0.416667,0.539468,1.0,0
0.727273,0.4,0.444041,1.0,0.714286,0.149136,0.5,0.090909,1.0,1.0,1
0.727273,0.2,0.768603,0.121571,1.0,1.0,1.0,0.0,1.0,1.0,1
1.0,0.6,0.713249,0.2638,0.714286,0.908087,0.25,0.272727,1.0,1.0,1
0.818182,0.8,0.380419,0.886556,0.285714,0.144118,0.25,0.272727,0.475524,1.0,0
0.909091,1.0,0.249849,0.037589,0.714286,1.0,1.0,0.0,0.249849,1.0,0
0.727273,0.4,0.987195,0.371825,0.285714,0.891712,0.2,0.363636,1.0,1.0,1
0.909091,0.8,1.0,0.859126,0.0,0.390934,0.142857,0.545455,1.0,1.0,1
0.583333,0.4,0.89001,1.0,1.0,0.198957,1.0,0.0,1.0,1.0,1
0.833333,0.8,1.0,0.140883,1.0,1.0,0.5,0.083333,1.0,1.0,1
0.583333,0.6,0.5096,0.773521,0.4,0.147273,0.333333,0.166667,0.849333,1.0,1
1.0,1.0,0.273023,0.049952,1.0,1.0,0.333333,0.166667,0.273023,1.0,0
1.0,0.8,0.31869,0.050194,0.6,1.0,0.166667,0.416667,0.398362,1.0,0
0.9,0.2,0.126722,0.027888,1.0,0.722619,0.5,0.1,0.633612,0.333333,1
0.5,1.0,1.0,0.97842,0.0,0.162538,1.0,0.0,1.0,0.666667,1
0.4,0.8,0.866075,0.218459,0.0,0.630471,1.0,0.0,1.0,0.333333,0
1.0,0.2,0.873278,1.0,0.571429,0.138878,0.166667,0.5,1.0,0.666667,1
1.0,0.8,0.161136,0.048696,0.714286,0.455932,0.333333,0.181818,0.20142,1.0,0
0.727273,1.0,0.59734,0.422747,0.285714,0.19469,0.5,0.090909,0.59734,1.0,0
0.909091,0.4,1.0,1.0,1.0,0.137785,0.5,0.090909,1.0,0.857143,1
0.636364,1.0,0.447466,0.118686,0.0,0.519471,0.333333,0.181818,0.447466,0.714286,0
1.0,0.6,0.678807,0.650875,0.571429,0.143698,0.2,0.363636,1.0,1.0,1
1.0,0.2,0.741105,0.596897,1.0,0.171073,0.25,0.272727,1.0,0.857143,1
0.818182,0.8,0.598419,0.273027,0.285714,0.301995,0.25,0.272727,0.748023,1.0,1
0.909091,0.6,0.461124,0.309673,0.428571,0.205171,0.2,0.363636,0.76854,1.0,0
1.0,0.4,0.50211,0.064006,1.0,1.0,0.25,0.272727,1.0,0.714286,1
0.909091,0.2,1.0,1.0,0.0,0.187238,0.1,0.818182,1.0,1.0,1
0.909091,0.8,0.745199,0.341762,0.166667,0.408266,0.166667,0.454545,0.931499,1.0,0
0.909091,0.8,0.719983,0.652509,0.166667,0.2066,0.166667,0.454545,0.899979,1.0,1
0.545455,1.0,0.194239,0.078625,0.0,0.462563,0.5,0.090909,0.194239,0.857143,0
0.545455,0.6,0.171239,0.099763,0.5,0.321386,1.0,0.0,0.285398,0.857143,0
0.818182,0.6,0.783288,0.468392,0.5,0.313117,0.25,0.272727,1.0,1.0,1
0.818182,1.0,0.114476,0.091861,0.166667,0.233333,0.25,0.272727,0.114476,1.0,0
0.5,0.25,0.690244,0.64129,0.571429,0.157578,0.5,0.083333,1.0,0.666667,1
0.75,0.5,0.730556,0.156867,1.0,0.681818,1.0,0.0,1.0,0.5,0
0.416667,0.75,0.139068,0.159939,0.285714,0.127298,1.0,0.0,0.185424,0.666667,1
0.416667,0.75,1.0,0.359588,0.0,0.407138,0.333333,0.166667,1.0,0.666667,1
1.0,0.25,0.948749,0.268978,1.0,0.516395,0.2,0.333333,1.0,0.5,1
1.0,1.0,0.87352,0.867705,0.428571,0.147383,0.166667,0.416667,0.87352,1.0,1
0.833333,0.25,0.908737,1.0,0.571429,0.133041,0.166667,0.416667,1.0,1.0,1
1.0,0.2,0.311533,0.467496,0.714286,0.140924,0.142857,0.5,1.0,1.0,1
1.0,0.6,0.328554,0.045375,1.0,1.0,0.333333,0.166667,0.54759,0.857143,1
1.0,0.2,1.0,0.45637,0.571429,0.463384,0.125,0.583333,1.0,1.0,1
1.0,1.0,0.529812,0.52596,0.571429,0.213024,0.25,0.25,0.529812,1.0,0
0.75,0.6,0.735713,0.51178,0.142857,0.304007,0.166667,0.416667,1.0,1.0,0
0.583333,1.0,0.631318,1.0,0.142857,0.133508,0.5,0.083333,0.631318,0.714286,1
0.75,0.4,0.667526,0.462478,1.0,0.305236,1.0,0.0,1.0,0.857143,1
1.0,1.0,0.065092,0.083551,0.285714,0.164752,0.166667,0.416667,0.065092,1.0,0
1.0,0.8,0.748552,0.914862,0.375,0.13908,0.166667,0.416667,0.935691,1.0,1
0.666667,1.0,0.097279,0.042569,0.0,0.388439,0.25,0.25,0.097279,0.666667,1
0.666667,0.6,1.0,1.0,0.25,0.16998,0.25,0.25,1.0,0.666667,1
0.833333,0.2,0.380863,0.084154,1.0,0.769298,0.5,0.083333,1.0,0.333333,1
0.833333,0.8,0.938829,1.0,0.857143,0.175683,1.0,0.0,1.0,1.0,1
0.583333,0.2,0.121155,0.156035,0.428571,0.145299,0.25,0.25,0.605773,0.857143,1
0.666667,1.0,0.907352,0.382307,0.0,0.444128,0.25,0.25,0.907352,1.0,0
0.916667,0.2,0.889536,0.16537,0.428571,1.0,0.125,0.583333,1.0,1.0,1
1.0,1.0,0.091935,0.11158,0.285714,0.154183,0.166667,0.416667,0.091935,1.0,0
0.75,1.0,0.929564,0.763281,0.571429,0.227897,1.0,0.0,0.929564,1.0,0
0.833333,0.6,0.215227,0.07535,1.0,0.534513,1.0,0.0,0.358712,0.857143,0
1.0,1.0,1.0,0.796844,0.142857,0.23484,0.142857,0.5,1.0,1.0,1
0.777778,0.2,0.335311,0.281707,0.125,0.621577,0.166667,0.555556,1.0,0.666667,1
1.0,0.4,1.0,1.0,0.625,0.522209,0.333333,0.222222,1.0,1.0,1
1.0,0.2,0.614661,0.398597,1.0,0.805279,1.0,0.0,1.0,0.333333,1
0.888889,1.0,0.964298,0.123904,0.25,1.0,0.5,0.111111,0.964298,0.666667,1
1.0,1.0,0.726419,0.780816,0.75,0.137554,1.0,0.0,0.726419,0.75,0
0.6,0.75,1.0,1.0,0.25,0.147854,0.5,0.1,1.0,0.25,1
1.0,0.5,0.397354,0.40955,0.875,0.143451,0.5,0.1,0.794708,0.75,1
0.8,0.75,0.162754,0.087295,0.375,0.275663,0.333333,0.2,0.217006,0.75,0
1.0,0.5,0.636079,0.342238,1.0,0.2748,1.0,0.0,1.0,0.5,1
0.75,1.0,0.61273,0.64969,0.333333,0.26054,0.5,0.083333,0.61273,0.8,1
0.916667,1.0,0.544345,0.446318,0.444444,0.336931,0.333333,0.166667,0.544345,1.0,0
0.916667,0.6,0.817763,0.81521,0.666667,0.277121,0.333333,0.166667,1.0,1.0,0
0.916667,0.2,1.0,0.539573,1.0,0.51199,0.5,0.083333,1.0,0.8,1
1.0,1.0,0.658695,0.167928,0.333333,1.0,0.2,0.333333,0.658695,1.0,0
0.833333,0.6,0.789113,1.0,0.666667,0.217997,0.5,0.083333,1.0,1.0,1
0.833333,0.8,0.423317,0.039145,1.0,1.0,1.0,0.0,0.529147,0.666667,0
0.833333,0.4,0.921503,0.17195,0.0,1.0,0.111111,0.666667,1.0,1.0,1
0.083333,0.2,0.51189,0.693084,0.0,0.176022,1.0,0.0,1.0,0.166667,1
0.5,1.0,1.0,1.0,0.166667,0.238329,1.0,0.0,1.0,0.5,1
0.75,0.4,0.506651,0.259606,1.0,0.465125,0.5,0.083333,1.0,0.666667,0
1.0,1.0,0.700222,0.086455,0.666667,1.0,0.25,0.25,0.700222,0.833333,1
0.75,0.4,0.104494,0.114313,0.333333,0.217857,0.166667,0.416667,0.261235,0.833333,0
0.583333,0.5,0.213624,0.461628,0.428571,0.128255,0.333333,0.166667,0.427248,0.857143,0
0.75,0.75,0.317751,0.49752,0.571429,0.177009,0.333333,0.166667,0.423668,1.0,1
0.833333,0.75,1.0,1.0,0.571429,0.277152,0.25,0.25,1.0,1.0,1
0.833333,1.0,0.342914,0.611905,0.714286,0.155317,0.5,0.083333,0.342914,0.857143,0
0.833333,1.0,0.508318,0.05515,0.857143,1.0,1.0,0.0,0.508318,0.857143,0
0.916667,1.0,0.502106,0.864605,0.571429,0.160952,0.25,0.25,0.502106,1.0,0
0.416667,0.75,0.733839,0.629997,0.285714,0.322835,1.0,0.0,0.978452,0.571429,1
1.0,0.5,0.662034,0.794281,1.0,0.231007,0.25,0.25,1.0,0.714286,1
0.363636,0.25,0.606057,0.286064,0.6,0.373193,1.0,0.0,1.0,0.6,0
0.818182,0.5,1.0,0.673261,1.0,0.261638,0.333333,0.181818,1.0,0.8,1
0.727273,1.0,0.804795,0.513447,0.2,0.276104,0.25,0.272727,0.804795,1.0,1
0.818182,1.0,0.738675,1.0,0.8,0.130118,0.5,0.090909,0.738675,0.8,0
0.909091,0.75,0.304732,0.024005,0.2,1.0,0.142857,0.545455,0.406309,1.0,0
1.0,1.0,0.967823,0.855968,0.2,0.199169,0.142857,0.545455,0.967823,1.0,1
1.0,0.2,1.0,1.0,1.0,0.145415,0.333333,0.166667,1.0,0.6,1
0.75,0.2,0.823156,0.151383,0.777778,0.790705,0.5,0.083333,1.0,0.8,1
0.833333,1.0,0.875209,0.296701,0.555556,0.428945,1.0,0.0,0.875209,1.0,0
0.833333,0.2,0.192693,0.15114,0.333333,0.185393,0.142857,0.5,0.963463,1.0,1
0.75,0.6,0.123624,0.110141,0.444444,0.163216,0.333333,0.166667,0.206039,0.8,1
0.833333,1.0,0.689356,0.039301,0.0,1.0,0.166667,0.416667,0.689356,1.0,1
1.0,1.0,0.493676,0.623315,0.4,0.127352,0.2,0.363636,0.493676,1.0,1
0.636364,0.6,0.824853,0.891937,0.4,0.148701,0.333333,0.181818,1.0,1.0,1
0.545455,0.8,0.261912,0.209506,0.0,0.201016,0.333333,0.181818,0.32739,1.0,0
0.454545,0.6,1.0,1.0,0.2,0.160795,0.5,0.090909,1.0,0.6,1
1.0,1.0,0.338088,0.279262,1.0,0.194666,0.5,0.090909,0.338088,0.8,0
0.909091,1.0,0.562647,0.200993,1.0,0.450118,1.0,0.0,0.562647,0.8,0
0.727273,1.0,0.301772,1.0,0.0,0.182277,0.2,0.363636,0.301772,1.0,1
0.909091,0.25,0.706354,0.336742,1.0,1.0,0.333333,0.181818,1.0,1.0,1
0.727273,0.5,1.0,0.226994,0.857143,1.0,1.0,0.0,1.0,1.0,1
1.0,0.75,0.271865,0.871847,0.714286,0.18835,0.25,0.272727,0.362487,1.0,1
1.0,0.8,0.205015,0.054452,0.555556,0.502703,0.25,0.25,0.256269,1.0,0
0.916667,0.6,0.769771,0.507726,0.0,0.202428,0.111111,0.666667,1.0,1.0,1
0.666667,0.8,0.73078,0.262325,0.222222,0.37195,0.333333,0.166667,0.913475,0.8,1
1.0,0.8,0.941444,1.0,0.444444,0.125699,0.2,0.333333,1.0,1.0,1
0.916667,1.0,1.0,0.559051,0.0,0.238829,0.142857,0.5,1.0,1.0,0
0.916667,0.2,0.500827,0.072664,1.0,0.920253,0.5,0.083333,1.0,0.8,1
1.0,1.0,0.437118,0.213387,0.8,0.379127,0.25,0.25,0.437118,1.0,0
0.583333,0.8,0.175799,0.175642,0.2,0.185244,0.333333,0.166667,0.219748,1.0,0
0.75,1.0,0.478722,0.220181,0.4,0.4024,0.333333,0.166667,0.478722,1.0,0
1.0,0.8,0.098165,0.029945,1.0,0.606723,0.25,0.25,0.122706,1.0,0
1.0,0.6,1.0,1.0,1.0,0.185078,0.2,0.333333,1.0,1.0,1
0.916667,0.6,0.434262,0.608455,1.0,0.132093,0.25,0.25,0.723771,1.0,1
0.916667,0.4,0.979878,0.464519,0.4,0.390412,0.125,0.583333,1.0,1.0,1
0.75,0.2,0.538001,0.389784,1.0,0.255455,0.25,0.25,1.0,1.0,1
0.916667,0.75,0.075654,0.081028,1.0,0.292683,0.5,0.083333,0.100872,0.666667,1
1.0,0.5,1.0,1.0,0.0,0.313472,0.090909,0.833333,1.0,1.0,1
0.583333,1.0,0.413786,0.247365,0.142857,0.524368,0.333333,0.166667,0.413786,0.333333,1
0.916667,0.5,0.268152,0.182806,1.0,0.45982,0.333333,0.166667,0.536303,0.666667,1
0.75,0.5,0.186924,0.198096,0.5,0.140854,0.166667,0.416667,0.373848,1.0,0
0.833333,0.5,0.443657,0.144935,1.0,0.456934,0.2,0.333333,0.887314,1.0,1
0.416667,0.5,0.20854,0.225866,0.75,0.137822,1.0,0.0,0.41708,1.0,1
0.75,1.0,0.901134,1.0,0.5,0.134515,0.25,0.25,0.901134,1.0,1
1.0,0.25,0.183203,0.14229,0.75,0.192193,0.111111,0.666667,0.732814,1.0,1
0.583333,0.75,1.0,0.838138,1.0,0.1781,1.0,0.0,1.0,1.0,0
0.916667,0.25,0.265592,0.039143,0.75,1.0,0.125,0.583333,1.0,1.0,1
0.75,0.5,0.375661,0.037102,0.444444,1.0,0.2,0.333333,0.751323,0.666667,1
1.0,0.5,0.148001,0.111305,1.0,0.197451,0.333333,0.166667,0.296002,0.333333,1
0.5,1.0,1.0,1.0,0.444444,0.148494,1.0,0.0,1.0,0.666667,1
1.0,0.5,0.812169,0.47512,0.0,0.253836,0.083333,0.916667,1.0,1.0,1
1.0,1.0,1.0,0.783387,0.285714,0.322437,0.166667,0.416667,1.0,1.0,1
0.916667,1.0,0.359193,0.284993,0.714286,0.318357,0.5,0.083333,0.359193,1.0,0
0.833333,0.8,0.992733,0.962368,0.428571,0.260563,0.25,0.25,1.0,1.0,1
0.916667,0.6,0.628815,0.219367,0.857143,0.724059,0.333333,0.166667,1.0,1.0,0
1.0,0.4,0.679869,0.160624,1.0,1.0,0.25,0.25,1.0,1.0,1
0.75,0.4,0.316134,0.287747,0.285714,0.277512,0.166667,0.416667,0.790334,1.0,0
0.833333,0.8,0.573038,1.0,0.285714,0.144745,0.2,0.333333,0.716297,1.0,0
1.0,0.2,0.149163,0.410101,0.857143,0.129433,0.25,0.3,0.745813,0.75,1
0.8,0.6,0.757451,0.266162,0.285714,1.0,0.25,0.3,1.0,1.0,1
1.0,0.6,1.0,0.558586,1.0,0.637071,1.0,0.0,1.0,0.75,1
0.9,0.2,0.686489,1.0,0.428571,0.244293,0.166667,0.5,1.0,1.0,1
0.6,1.0,0.309395,0.092424,0.142857,1.0,1.0,0.0,0.309395,0.5,0
0.916667,0.4,0.782234,0.279524,1.0,0.551368,0.5,0.083333,1.0,0.571429,1
0.5,0.4,0.996011,0.544605,0.375,0.360335,0.5,0.083333,1.0,0.571429,1
0.583333,0.6,0.802932,0.270178,0.375,0.585535,0.5,0.083333,1.0,0.714286,0
0.916667,0.6,0.719815,0.263594,0.875,0.538034,0.5,0.083333,1.0,0.714286,0
0.833333,0.8,0.418499,0.112362,0.25,0.733837,0.2,0.333333,0.523124,1.0,0
0.666667,0.8,1.0,1.0,0.25,0.197026,0.333333,0.166667,1.0,0.857143,1
1.0,0.8,0.654808,0.089847,0.75,1.0,0.333333,0.166667,0.81851,0.857143,0
1.0,1.0,0.278245,0.033135,0.5,1.0,0.25,0.25,0.278245,1.0,0
0.909091,0.8,0.25402,0.161319,0.142857,0.203548,0.166667,0.454545,0.317525,1.0,0
0.818182,0.6,0.446632,0.434553,0.571429,0.13286,0.333333,0.181818,0.744387,0.833333,1
1.0,1.0,0.545444,0.178189,0.0,0.395689,0.142857,0.545455,0.545444,1.0,0
0.272727,0.4,1.0,1.0,0.142857,0.129266,1.0,0.0,1.0,0.666667,1
0.727273,0.4,0.28921,0.093689,0.0,0.399035,0.142857,0.545455,0.723025,1.0,1
0.818182,0.4,0.079702,0.06025,1.0,0.171,1.0,0.0,0.199254,0.833333,0
0.909091,0.6,0.550105,0.417683,0.285714,0.170249,0.166667,0.454545,0.916841,1.0,1
0.8,0.75,0.566117,0.290714,0.333333,0.484776,0.25,0.3,0.754822,1.0,0
1.0,0.5,1.0,0.275383,0.666667,0.903992,0.2,0.4,1.0,1.0,1
1.0,0.75,0.241227,0.434191,1.0,0.138308,0.5,0.1,0.321636,1.0,0
0.7,0.5,0.261446,0.507666,0.833333,0.128205,1.0,0.0,0.522891,1.0,0
0.9,1.0,0.776784,1.0,0.5,0.193376,0.333333,0.2,0.776784,1.0,1
0.7,0.25,0.629677,0.631762,0.5,0.248123,0.25,0.3,1.0,1.0,1
0.818182,0.5,1.0,1.0,1.0,0.141152,1.0,0.0,1.0,0.666667,1
1.0,1.0,0.492349,0.132247,0.714286,0.525501,0.333333,0.181818,0.492349,0.666667,0
0.272727,0.25,0.219866,0.102311,0.285714,0.303333,1.0,0.0,0.879463,0.0,1
0.818182,0.5,0.47302,0.499053,0.428571,0.133789,0.2,0.363636,0.94604,0.666667,1
1.0,0.4,0.780424,0.549814,1.0,0.22265,0.125,0.583333,1.0,1.0,1
0.666667,0.6,1.0,1.0,1.0,0.156859,0.333333,0.166667,1.0,1.0,1
0.666667,0.4,0.805901,0.426952,0.333333,0.296082,0.166667,0.416667,1.0,1.0,1
0.75,1.0,0.484299,0.351859,0.333333,0.215901,0.25,0.25,0.484299,1.0,0
0.916667,1.0,0.618494,0.775636,1.0,0.169608,0.5,0.083333,0.618494,1.0,1
0.916667,0.75,0.65625,0.980232,0.166667,0.1424,0.125,0.583333,0.875,1.0,1
0.666667,0.25,0.382319,0.221893,0.5,0.366481,0.2,0.333333,1.0,1.0,0
0.916667,0.75,0.236408,0.171979,0.5,0.292385,0.166667,0.416667,0.315211,1.0,0
1.0,1.0,1.0,1.0,0.166667,0.212701,0.125,0.583333,1.0,1.0,1
0.6,1.0,0.554471,0.448249,0.25,0.22548,1.0,0.0,0.554471,1.0,0
1.0,0.8,1.0,0.594796,0.0,0.306465,0.142857,0.6,1.0,1.0,1
0.7,0.4,0.843094,1.0,1.0,0.153683,0.5,0.1,1.0,1.0,1
0.6,1.0,0.390638,0.421848,0.0,0.168798,0.5,0.1,0.390638,1.0,1
0.9,0.8,0.346977,0.405586,1.0,0.155943,0.5,0.1,0.433722,1.0,0
0.916667,0.25,1.0,0.728585,0.833333,0.18628,0.166667,0.416667,1.0,1.0,1
1.0,0.25,0.947624,0.27829,0.166667,0.462154,0.090909,0.833333,1.0,1.0,1
0.75,0.25,0.669436,0.717861,1.0,0.126566,0.333333,0.166667,1.0,0.833333,1
0.5,1.0,0.991186,1.0,0.333333,0.134525,1.0,0.0,0.991186,0.833333,1
1.0,1.0,0.667106,0.474632,0.5,0.190759,0.166667,0.416667,0.667106,1.0,1
0.833333,0.75,0.393678,0.107108,0.0,0.498845,0.125,0.583333,0.524905,1.0,0
1.0,0.25,0.289636,0.295201,0.5,0.133163,0.111111,0.666667,1.0,1.0,1
1.0,1.0,0.754759,0.703816,0.428571,0.16037,0.2,0.333333,0.754759,1.0,1
0.833333,1.0,0.40806,0.093125,0.571429,0.655285,0.5,0.083333,0.40806,1.0,0
0.75,1.0,0.668793,0.190793,0.0,0.524206,0.2,0.333333,0.668793,1.0,0
0.833333,0.8,0.665452,0.528922,0.142857,0.188148,0.166667,0.416667,0.831814,1.0,1
0.666667,1.0,0.13143,0.119322,0.0,0.164721,0.25,0.25,0.13143,1.0,0
1.0,0.8,0.481268,0.163083,0.714286,0.441318,0.25,0.25,0.601585,1.0,0
1.0,0.6,1.0,1.0,1.0,0.149546,0.333333,0.166667,1.0,1.0,1
0.75,0.6,0.929801,0.303849,0.75,0.936,1.0,0.0,1.0,1.0,0
1.0,0.4,0.431347,0.715733,1.0,0.18434,0.333333,0.166667,1.0,0.75,1
1.0,1.0,1.0,1.0,0.5,0.305874,0.25,0.25,1.0,1.0,1
0.666667,0.4,0.110375,0.050641,0.125,0.666667,0.166667,0.416667,0.275938,0.75,1
0.916667,1.0,0.518985,0.09892,0.375,1.0,0.25,0.25,0.518985,1.0,0
1.0,1.0,0.556594,0.036892,0.4,1.0,0.166667,0.416667,0.556594,1.0,0
0.75,0.4,0.80271,1.0,1.0,0.150011,0.333333,0.166667,1.0,1.0,1
0.583333,0.8,0.885761,0.709889,0.4,0.23318,0.5,0.083333,1.0,1.0,1
0.916667,0.4,1.0,0.434185,1.0,0.430417,0.2,0.333333,1.0,1.0,1
1.0,1.0,0.500526,0.474351,0.8,0.197193,0.25,0.25,0.500526,1.0,0
1.0,1.0,0.413883,1.0,1.0,0.16146,0.5,0.090909,0.413883,1.0,0
1.0,1.0,0.158716,0.128803,1.0,0.480709,0.5,0.090909,0.158716,1.0,0
0.818182,0.4,0.768231,0.13286,0.6,1.0,0.2,0.363636,1.0,1.0,1
0.909091,1.0,1.0,0.180527,1.0,1.0,1.0,0.0,1.0,1.0,1
0.833333,0.4,0.287344,0.089816,1.0,0.694226,0.5,0.083333,0.71836,1.0,0
0.75,0.6,0.146334,0.080151,0.428571,0.396176,0.25,0.25,0.243889,1.0,1
1.0,1.0,0.11396,0.079444,0.571429,0.311276,0.25,0.25,0.11396,1.0,0
0.666667,0.2,0.918523,0.819896,0.857143,0.243099,0.5,0.083333,1.0,1.0,1
0.916667,0.8,1.0,0.886139,0.714286,0.244879,0.333333,0.166667,1.0,1.0,1
0.833333,0.2,0.498751,0.370344,0.0,0.292234,0.1,0.75,1.0,1.0,1
0.916667,0.6,0.585225,1.0,0.857143,0.126992,0.333333,0.166667,0.975376,1.0,0
0.75,0.6,0.177766,0.16654,0.75,0.152289,1.0,0.0,0.296277,1.0,0
0.916667,1.0,0.985676,0.474302,0.25,0.296495,0.2,0.333333,0.985676,1.0,1
1.0,0.8,0.391555,0.331859,0.5,0.168336,0.2,0.333333,0.489444,1.0,0
0.916667,0.6,0.864671,0.611103,0.875,0.201872,0.5,0.083333,1.0,1.0,1
0.833333,0.2,1.0,1.0,0.375,0.142672,0.142857,0.5,1.0,1.0,1
0.833333,1.0,0.181293,0.155406,0.5,0.166438,0.5,0.083333,0.181293,1.0,0
1.0,0.4,0.804703,0.904377,1.0,0.126948,0.333333,0.166667,1.0,1.0,1
1.0,0.6,0.85954,0.290834,0.875,0.421657,0.333333,0.166667,1.0,1.0,0
0.545455,0.4,0.214604,0.196246,0.0,0.204444,0.2,0.363636,0.536511,1.0,1
0.363636,0.6,0.965314,1.0,0.2,0.18047,1.0,0.0,1.0,0.5,1
0.363636,0.6,0.746755,0.597649,0.2,0.233598,1.0,0.0,1.0,0.5,0
1.0,0.4,0.662982,0.224687,1.0,0.551646,0.2,0.363636,1.0,0.666667,1
0.545455,0.8,0.162272,0.11149,0.4,0.272109,1.0,0.0,0.20284,1.0,0
0.636364,0.4,0.359026,0.097649,1.0,0.687379,1.0,0.0,0.897566,0.666667,0
0.818182,1.0,1.0,0.476678,0.8,0.392204,1.0,0.0,1.0,0.666667,1
0.666667,0.2,0.580536,0.047942,0.625,1.0,0.333333,0.166667,1.0,0.5,1
0.916667,0.2,0.85668,0.819437,1.0,0.210207,0.333333,0.166667,1.0,0.666667,1
0.916667,0.6,0.985746,0.048463,0.125,1.0,0.125,0.583333,1.0,1.0,1
0.416667,0.6,1.0,0.784523,0.25,0.256294,1.0,0.0,1.0,0.5,1
1.0,0.2,0.752883,1.0,1.0,0.151381,0.25,0.25,1.0,0.666667,1
0.916667,0.6,0.340936,0.112559,0.25,0.609028,0.142857,0.5,0.568226,1.0,0
0.75,1.0,0.207205,0.096925,0.25,0.429839,0.333333,0.166667,0.207205,1.0,0
0.416667,1.0,0.77758,0.074863,0.0,1.0,0.333333,0.166667,0.77758,0.0,1
1.0,0.666667,0.071508,0.023524,1.0,0.404403,0.25,0.25,0.107262,0.75,1
0.916667,0.666667,0.202847,0.081225,0.714286,0.33224,0.2,0.333333,0.30427,0.75,1
0.666667,0.333333,0.550489,0.396952,0.857143,0.184495,0.5,0.083333,1.0,0.75,1
0.833333,1.0,1.0,1.0,1.0,0.133037,1.0,0.0,1.0,0.75,1
1.0,0.666667,1.0,1.0,0.25,0.146247,0.111111,0.666667,1.0,1.0,1
0.833333,1.0,0.145555,0.049655,0.125,0.428698,0.142857,0.5,0.145555,1.0,0
1.0,1.0,0.730889,0.506244,0.375,0.211143,0.142857,0.5,0.730889,1.0,1
0.833333,0.333333,0.852436,0.825033,1.0,0.151104,0.5,0.083333,1.0,0.714286,1
1.0,1.0,0.323456,0.167768,0.875,0.281961,0.333333,0.166667,0.323456,0.714286,0
0.583333,1.0,0.994576,0.079624,0.375,1.0,0.5,0.083333,0.994576,0.714286,1
0.333333,0.333333,0.686188,0.678713,0.375,0.147857,1.0,0.0,1.0,0.714286,1
1.0,1.0,0.163134,0.131482,0.125,0.181453,0.111111,0.666667,0.163134,1.0,0
1.0,0.2,0.429012,0.329494,1.0,0.190553,0.25,0.25,1.0,1.0,1
0.916667,1.0,0.931937,1.0,0.625,0.136389,0.5,0.083333,0.931937,1.0,1
1.0,0.6,1.0,0.059455,0.125,1.0,0.111111,0.666667,1.0,1.0,1
0.833333,0.4,0.236308,0.181634,0.75,0.190403,0.333333,0.166667,0.590769,1.0,0
1.0,1.0,0.591194,0.360934,0.125,0.239715,0.142857,0.5,0.591194,1.0,0
1.0,0.2,0.2881,0.302412,0.75,0.139424,0.166667,0.416667,1.0,1.0,1
0.916667,0.75,0.734323,0.951406,1.0,0.134225,0.5,0.083333,0.979098,0.6,1
1.0,1.0,0.694719,0.814425,0.714286,0.148344,0.25,0.25,0.694719,0.6,1
0.333333,0.5,0.416502,0.483451,0.285714,0.149822,1.0,0.0,0.833003,0.4,0
0.833333,0.75,0.880968,1.0,1.0,0.153205,1.0,0.0,1.0,0.6,0
0.416667,0.5,0.357536,0.138703,0.428571,0.448276,1.0,0.0,0.715072,0.4,0
0.75,0.75,1.0,0.790702,0.142857,0.219937,0.166667,0.416667,1.0,1.0,1
1.0,0.5,0.509328,0.196795,0.75,0.404642,0.2,0.333333,1.0,0.714286,0
0.833333,0.5,0.159697,0.064423,0.875,0.387562,0.5,0.083333,0.319393,0.714286,0
1.0,0.25,0.071751,0.088301,0.25,0.127042,0.1,0.75,0.287003,1.0,0
0.75,0.25,0.821443,0.821314,1.0,0.156371,1.0,0.0,1.0,0.571429,1
0.333333,0.5,0.164412,0.072917,0.125,0.352527,0.5,0.083333,0.328823,0.428571,0
0.666667,1.0,1.0,0.594071,0.25,0.263178,0.333333,0.166667,1.0,0.857143,1
0.5,1.0,0.880791,1.0,0.125,0.137708,0.5,0.083333,0.880791,0.571429,1
1.0,0.75,0.768143,0.287981,0.5,0.417028,0.166667,0.416667,1.0,0.857143,1
1.0,0.5,0.499868,0.451364,0.625,0.151014,0.333333,0.222222,0.999737,1.0,0
1.0,1.0,0.853909,0.127243,0.125,0.915092,0.2,0.444444,0.853909,1.0,1
1.0,0.75,0.64517,0.329684,0.125,0.266848,0.166667,0.555556,0.860226,1.0,1
1.0,0.25,1.0,1.0,1.0,0.13636,1.0,0.0,1.0,1.0,1
0.583333,0.4,0.738798,0.417239,0.222222,0.284105,0.25,0.25,1.0,0.714286,1
0.833333,0.6,0.830844,0.688092,0.222222,0.193737,0.166667,0.416667,1.0,1.0,1
0.833333,0.2,0.621628,0.676017,1.0,0.147541,1.0,0.0,1.0,0.714286,1
0.916667,0.4,0.406623,0.246331,0.777778,0.264857,0.333333,0.166667,1.0,0.857143,0
0.916667,0.6,1.0,0.754226,0.666667,0.212734,0.333333,0.166667,1.0,1.0,1
0.666667,1.0,0.077457,0.053316,0.111111,0.233101,0.333333,0.166667,0.077457,0.857143,0
1.0,0.4,0.972676,1.0,0.333333,0.156065,0.125,0.583333,1.0,1.0,1
1.0,0.8,0.909459,0.447892,0.222222,0.325798,0.142857,0.5,1.0,1.0,0
0.916667,1.0,0.807602,0.824941,0.5,0.178031,0.25,0.25,0.807602,1.0,0
1.0,0.5,0.251959,0.302613,0.875,0.151413,0.25,0.25,0.503918,0.833333,1
0.666667,0.5,1.0,0.339667,0.75,0.535385,1.0,0.0,1.0,0.666667,1
1.0,0.25,0.723746,1.0,0.875,0.131615,0.2,0.333333,1.0,0.833333,1
0.5,0.5,0.653344,0.478385,0.375,0.248361,0.5,0.083333,1.0,0.333333,1
0.833333,0.5,0.339603,0.110926,0.625,0.556745,0.25,0.25,0.679206,1.0,1
1.0,0.25,0.752874,0.831591,1.0,0.164639,0.25,0.25,1.0,0.666667,1
1.0,0.4,0.630969,0.312658,1.0,0.277486,0.2,0.333333,1.0,0.833333,1
0.333333,0.6,0.442608,0.338699,0.166667,0.179683,1.0,0.0,0.73768,0.5,1
0.75,1.0,0.383264,0.332702,0.5,0.158397,0.5,0.083333,0.383264,1.0,0
0.833333,0.8,0.935836,0.017835,0.666667,1.0,0.333333,0.166667,1.0,0.833333,1
0.833333,1.0,0.729798,0.221275,0.333333,0.453495,0.25,0.25,0.729798,1.0,0
0.833333,1.0,0.312672,0.22822,0.166667,0.188382,0.2,0.333333,0.312672,1.0,0
0.833333,0.2,1.0,1.0,1.0,0.1375,0.25,0.25,1.0,0.833333,1
1.0,0.2,0.600141,0.759139,1.0,0.141788,0.25,0.25,1.0,0.714286,1
1.0,1.0,1.0,0.561165,0.375,0.319607,0.2,0.333333,1.0,1.0,1
1.0,0.8,0.484613,0.307818,0.625,0.282363,0.25,0.25,0.605766,1.0,0
0.916667,1.0,0.271214,0.156171,0.375,0.311472,0.25,0.25,0.271214,1.0,0
0.916667,0.8,0.061447,0.073471,0.125,0.15,0.142857,0.5,0.076809,1.0,0
0.666667,0.8,0.061144,0.018639,0.25,0.58835,0.333333,0.166667,0.07643,0.714286,0
0.583333,1.0,0.730401,1.0,0.25,0.130999,1.0,0.0,0.730401,0.714286,1
1.0,0.4,0.099183,0.026421,1.0,0.673288,0.333333,0.166667,0.247957,0.714286,0
0.833333,0.5,0.923776,0.298106,1.0,0.474376,1.0,0.0,1.0,0.5,1
0.666667,0.25,0.218522,0.244376,0.5,0.136887,0.25,0.25,0.874088,0.75,0
0.916667,1.0,0.691299,0.118466,0.625,0.893306,0.333333,0.166667,0.691299,1.0,1
0.583333,0.25,1.0,1.0,0.5,0.153083,0.333333,0.166667,1.0,0.75,1
1.0,0.25,0.927476,0.63376,0.0,0.22403,0.083333,0.916667,1.0,1.0,1
0.833333,0.75,0.800788,1.0,0.857143,0.178679,0.5,0.083333,1.0,0.833333,1
0.833333,0.5,0.575802,0.092165,0.571429,1.0,0.2,0.333333,1.0,1.0,1
1.0,0.5,0.235115,0.062029,0.571429,0.845749,0.142857,0.5,0.470231,1.0,1
1.0,0.75,0.358469,0.313159,1.0,0.255413,0.333333,0.166667,0.477959,0.666667,0
0.583333,1.0,0.80664,0.144902,0.142857,1.0,0.333333,0.166667,0.80664,0.833333,0
0.75,0.75,1.0,0.148167,0.142857,1.0,0.166667,0.416667,1.0,1.0,1
0.416667,0.5,0.355431,0.116273,0.142857,0.682073,0.333333,0.166667,0.710861,0.666667,1
0.818182,0.8,0.316945,0.20246,0.666667,0.251823,0.5,0.090909,0.396182,0.857143,0
1.0,0.8,0.338905,0.113181,0.0,0.481677,0.125,0.636364,0.423632,1.0,0
0.181818,0.4,0.852726,1.0,0.0,0.13717,1.0,0.0,1.0,0.142857,1
0.636364,1.0,0.94297,0.204218,0.333333,0.742771,1.0,0.0,0.94297,0.857143,0
0.545455,0.4,0.460505,0.498594,0.666667,0.148572,1.0,0.0,1.0,0.571429,1
1.0,0.8,0.327324,0.109315,1.0,0.481672,0.5,0.090909,0.409155,0.571429,0
0.818182,0.4,0.800284,0.023199,1.0,1.0,0.5,0.090909,1.0,0.571429,1
0.545455,0.2,1.0,0.717575,0.833333,0.224173,1.0,0.0,1.0,0.571429,1
0.75,0.5,0.973859,0.065328,0.142857,1.0,0.142857,0.5,1.0,1.0,1
1.0,0.5,0.253268,0.239367,1.0,0.168017,0.25,0.25,0.506535,0.714286,1
0.916667,0.75,0.845618,0.399285,1.0,0.336302,0.5,0.083333,1.0,0.714286,1
0.75,1.0,0.189201,0.204661,0.714286,0.1468,1.0,0.0,0.189201,0.857143,0
0.833333,1.0,1.0,1.0,0.571429,0.158796,0.333333,0.166667,1.0,0.857143,1
0.333333,0.5,0.089779,0.096972,0.142857,0.147018,0.5,0.083333,0.179559,0.285714,0
0.5,0.75,0.458324,0.079109,0.428571,0.92,1.0,0.0,0.611099,0.571429,0
0.916667,1.0,0.533855,0.382953,0.857143,0.221368,0.5,0.083333,0.533855,0.714286,0
0.636364,0.2,0.072191,0.087937,0.714286,0.128253,0.5,0.090909,0.360954,0.857143,0
0.727273,0.4,1.0,1.0,0.428571,0.156228,0.25,0.272727,1.0,1.0,1
0.636364,0.8,0.395899,0.286368,0.428571,0.215982,1.0,0.0,0.494873,0.857143,0
0.727273,1.0,0.284997,0.120955,0.142857,0.368108,0.333333,0.181818,0.284997,1.0,0
0.818182,0.4,0.834903,0.163616,1.0,0.797203,1.0,0.0,1.0,0.428571,1
0.636364,0.4,0.750785,0.495914,0.428571,0.236519,0.333333,0.181818,1.0,0.857143,1
1.0,1.0,0.818163,0.801569,0.571429,0.159462,0.333333,0.181818,0.818163,1.0,0
0.545455,0.2,0.47217,0.295358,0.571429,0.249751,0.5,0.090909,1.0,0.857143,1
0.583333,0.5,0.367433,0.052632,0.428571,1.0,0.333333,0.166667,0.734866,0.666667,1
1.0,1.0,0.467034,1.0,0.0,0.199815,0.111111,0.666667,0.467034,1.0,1
0.75,0.75,0.420524,0.866113,0.857143,0.207729,1.0,0.0,0.560699,1.0,1
0.916667,0.5,1.0,0.137119,1.0,1.0,0.333333,0.166667,1.0,0.666667,1
0.833333,1.0,0.893511,0.854825,0.444444,0.682318,0.333333,0.166667,0.893511,1.0,1
1.0,0.25,0.789901,0.8924,0.666667,0.577799,0.166667,0.416667,1.0,0.8,1
1.0,0.5,1.0,0.887276,0.888889,0.735707,0.333333,0.166667,1.0,0.6,1
0.416667,0.75,0.463108,1.0,0.0,0.302306,0.333333,0.166667,0.617478,0.4,1
0.916667,0.25,0.40123,0.961571,1.0,0.27238,0.5,0.083333,1.0,0.6,1
0.583333,0.75,0.434982,0.667805,0.444444,0.425192,1.0,0.0,0.579976,0.6,0
1.0,0.4,0.421752,0.508168,0.857143,0.283997,0.333333,0.2,1.0,0.8,0
0.8,0.8,0.450083,0.330256,0.0,0.466344,0.2,0.4,0.562604,1.0,0
0.9,0.2,0.353155,0.87358,1.0,0.138333,0.5,0.1,1.0,0.8,1
0.9,0.8,1.0,1.0,0.714286,0.342187,1.0,0.0,1.0,1.0,1
0.6,0.4,0.659921,0.886719,0.142857,0.254666,0.25,0.3,1.0,0.6,1
0.9,1.0,0.331777,0.363991,0.142857,0.311902,0.25,0.3,0.331777,1.0,0
1.0,0.4,0.934468,0.995952,1.0,0.136985,0.25,0.25,1.0,1.0,1
1.0,0.4,0.955261,1.0,0.571429,0.139466,0.142857,0.5,1.0,1.0,1
0.916667,0.4,1.0,0.10138,1.0,1.0,0.333333,0.166667,1.0,1.0,1
0.916667,1.0,0.829742,0.750874,0.714286,0.161333,0.5,0.083333,0.829742,1.0,0
0.916667,0.2,0.236169,0.269365,0.285714,0.128005,0.111111,0.666667,1.0,1.0,1
1.0,0.4,0.917832,0.663845,0.571429,0.201857,0.142857,0.5,1.0,1.0,1
0.916667,1.0,0.792439,0.563017,0.428571,0.20549,0.25,0.25,0.792439,1.0,0
0.666667,0.6,0.892754,0.056486,0.142857,1.0,0.2,0.333333,1.0,1.0,1
1.0,1.0,0.569742,0.56772,0.0,0.141501,0.125,0.583333,0.569742,1.0,0
0.916667,0.6,0.062162,0.038326,1.0,0.228685,0.5,0.083333,0.103603,1.0,1
0.75,1.0,1.0,1.0,0.428571,0.140999,0.5,0.083333,1.0,1.0,1
0.666667,0.4,0.445419,0.254695,0.428571,0.246583,0.25,0.25,1.0,1.0,0
0.75,0.2,0.844596,0.646664,0.857143,0.184156,0.333333,0.166667,1.0,1.0,1
0.916667,0.4,0.964689,1.0,1.0,0.180194,0.333333,0.166667,1.0,1.0,1
0.75,0.4,0.884807,0.495153,0.714286,0.333781,0.333333,0.166667,1.0,1.0,1
1.0,0.2,1.0,0.478426,0.285714,0.390425,0.1,0.75,1.0,1.0,1
1.0,1.0,0.262644,0.224862,0.571429,0.218174,0.25,0.25,0.262644,1.0,0
0.75,0.75,0.987803,0.077939,0.333333,1.0,0.2,0.333333,1.0,1.0,1
0.416667,0.25,1.0,1.0,0.0,0.157822,0.2,0.333333,1.0,0.571429,1
1.0,0.25,0.492885,0.264767,1.0,0.293799,0.166667,0.416667,1.0,0.857143,1
1.0,0.75,0.418391,0.098509,0.0,0.670307,0.1,0.75,0.557854,1.0,1
0.833333,0.75,0.78644,0.654841,0.5,0.189539,0.2,0.333333,1.0,1.0,1
0.833333,0.25,0.770896,0.253821,0.833333,0.479331,0.2,0.333333,1.0,0.857143,1
0.833333,0.5,0.12352,0.033969,0.833333,0.573889,0.25,0.25,0.247041,0.857143,0
0.916667,1.0,0.51692,0.439894,0.666667,0.185457,0.25,0.25,0.51692,1.0,0
0.833333,0.8,0.663337,0.137119,0.571429,0.750118,0.333333,0.166667,0.829172,0.857143,0
0.166667,0.4,0.812318,0.935151,0.0,0.13469,1.0,0.0,1.0,0.142857,1
1.0,0.6,0.498543,0.402646,1.0,0.191987,0.333333,0.166667,0.830906,0.857143,0
0.666667,0.6,0.683104,0.085175,0.571429,1.0,0.5,0.083333,1.0,0.857143,0
0.666667,0.2,0.986371,0.017745,0.428571,1.0,0.2,0.333333,1.0,0.857143,1
1.0,0.8,0.890137,0.204388,0.714286,0.675296,0.25,0.25,1.0,0.857143,1
0.666667,0.8,0.876925,0.475883,0.0,0.285729,0.2,0.333333,1.0,1.0,0
0.666667,1.0,1.0,1.0,0.428571,0.155057,1.0,0.0,1.0,0.857143,1
1.0,0.2,0.684817,0.955606,0.25,0.154488,0.090909,0.833333,1.0,1.0,1
0.833333,1.0,0.234555,0.125408,1.0,0.4032,0.5,0.083333,0.234555,1.0,0
0.666667,0.4,0.933101,0.442689,1.0,0.454391,0.333333,0.166667,1.0,1.0,1
0.583333,0.8,1.0,1.0,0.75,0.215576,1.0,0.0,1.0,1.0,1
0.363636,0.4,0.937095,1.0,0.285714,0.251039,1.0,0.0,1.0,0.5,1
1.0,0.8,0.880034,0.746655,0.714286,0.315745,0.333333,0.181818,1.0,0.75,1
1.0,1.0,1.0,0.383718,0.142857,0.698145,0.166667,0.454545,1.0,1.0,0
0.727273,0.6,0.274572,0.479362,0.142857,0.153444,0.2,0.363636,0.457621,1.0,1
0.818182,0.2,0.33514,0.288927,1.0,0.310739,0.5,0.090909,1.0,0.75,1
1.0,0.6,0.234255,0.404641,0.125,0.225339,0.111111,0.666667,0.390425,1.0,1
1.0,0.2,0.171491,0.512236,1.0,0.130313,0.25,0.25,0.857453,1.0,1
1.0,1.0,1.0,0.655696,0.0,0.593629,0.125,0.583333,1.0,1.0,1
1.0,0.4,0.370298,1.0,1.0,0.144135,0.333333,0.166667,0.925745,1.0,1
0.454545,0.6,1.0,1.0,0.285714,0.179795,1.0,0.0,1.0,0.5,1
0.909091,0.6,0.849268,0.537595,1.0,0.284031,1.0,0.0,1.0,0.75,0
1.0,1.0,0.254389,0.185364,0.285714,0.246746,0.2,0.363636,0.254389,1.0,0
0.909091,0.8,0.894554,0.627463,0.714286,0.256328,0.5,0.090909,1.0,0.75,1
0.909091,1.0,0.057811,0.03659,0.142857,0.284066,0.2,0.363636,0.057811,1.0,0
1.0,1.0,0.704583,1.0,0.714286,0.141005,0.333333,0.166667,0.704583,0.833333,1
0.75,0.2,0.233773,0.055025,0.142857,0.850228,0.125,0.583333,1.0,1.0,1
0.75,0.4,0.278719,0.206784,1.0,0.269745,1.0,0.0,0.696798,0.833333,0
0.833333,0.2,0.172881,0.254523,0.857143,0.135933,0.25,0.25,0.864407,0.833333,1
1.0,0.8,0.126554,0.050754,0.142857,0.49901,0.125,0.583333,0.158192,1.0,0
0.333333,0.6,1.0,0.683668,0.142857,0.292723,1.0,0.0,1.0,0.5,1
0.75,0.2,0.309102,0.283417,0.0,0.218262,0.111111,0.666667,1.0,1.0,1
1.0,0.25,0.417458,0.184858,1.0,0.490014,1.0,0.0,1.0,0.75,1
1.0,0.25,0.689311,1.0,1.0,0.149572,1.0,0.0,1.0,0.75,1
0.9,0.75,1.0,0.450508,0.111111,0.481651,0.166667,0.5,1.0,0.5,1
1.0,0.25,0.75749,0.322632,0.111111,0.509453,0.111111,0.8,1.0,1.0,1
1.0,1.0,0.154975,0.169342,0.666667,0.198578,1.0,0.0,0.154975,1.0,0
1.0,1.0,0.898563,0.494969,0.666667,0.233089,0.25,0.25,0.898563,1.0,0
0.583333,0.8,1.0,1.0,0.0,0.128396,0.25,0.25,1.0,1.0,1
0.583333,0.2,0.936765,0.495109,0.666667,0.24293,0.333333,0.166667,1.0,1.0,1
0.666667,0.8,0.82118,0.019704,0.666667,1.0,1.0,0.0,1.0,1.0,1
1.0,0.8,0.817806,0.523337,1.0,0.200641,0.333333,0.166667,1.0,1.0,1
1.0,0.4,1.0,1.0,0.777778,0.203941,0.25,0.25,1.0,0.8,1
0.833333,0.8,0.255498,0.122859,0.444444,0.424115,0.333333,0.166667,0.319372,1.0,0
0.75,1.0,0.304945,0.273444,0.444444,0.227435,1.0,0.0,0.304945,0.8,0
0.583333,0.6,0.221778,0.266377,0.111111,0.169796,0.25,0.25,0.36963,0.6,1
0.916667,0.6,0.918299,0.52025,0.444444,0.359979,0.2,0.333333,1.0,1.0,1
0.916667,0.2,0.386645,0.597989,1.0,0.131864,0.5,0.083333,1.0,0.6,1
0.666667,0.4,0.089687,0.046182,0.571429,0.271733,0.333333,0.166667,0.224217,1.0,0
1.0,1.0,0.95927,0.854295,0.714286,0.157115,0.333333,0.166667,0.95927,1.0,1
0.75,0.2,0.550461,0.105699,0.0,0.728685,0.111111,0.666667,1.0,1.0,1
0.666667,0.2,1.0,1.0,1.0,0.139921,1.0,0.0,1.0,1.0,1
0.833333,0.8,0.359952,0.045199,0.285714,1.0,0.2,0.333333,0.44994,1.0,1
0.833333,1.0,0.735278,0.332105,0.375,0.30648,0.333333,0.166667,0.735278,1.0,0
1.0,0.2,0.741561,0.67954,1.0,0.151063,0.25,0.25,1.0,1.0,1
0.833333,0.6,0.927377,1.0,0.5,0.128376,0.25,0.25,1.0,1.0,1
0.833333,0.6,0.820573,0.503685,0.375,0.225519,0.2,0.333333,1.0,1.0,1
0.916667,0.8,0.596422,0.252801,0.75,0.326589,0.5,0.083333,0.745528,1.0,0
0.75,0.4,0.583324,0.524617,0.5,0.15392,0.25,0.25,1.0,1.0,1
0.916667,0.2,1.0,0.881338,0.0,0.157066,0.090909,0.833333,1.0,1.0,1
1.0,0.4,0.579491,0.560436,0.125,0.143135,0.1,0.75,1.0,1.0,1
0.75,1.0,0.634404,0.231964,0.5,0.342807,0.25,0.25,0.634404,1.0,1
0.916667,0.5,0.562082,0.297622,0.75,0.236723,0.2,0.333333,1.0,1.0,1
1.0,1.0,0.547316,0.098082,0.875,0.699449,0.25,0.25,0.547316,1.0,1
0.666667,0.5,1.0,1.0,0.5,0.125345,0.25,0.25,1.0,0.75,1
0.916667,0.5,0.198965,0.170765,1.0,0.146044,0.333333,0.166667,0.397931,0.75,1
0.833333,1.0,0.506251,0.498797,0.75,0.134237,0.333333,0.166667,0.506251,1.0,0
1.0,0.6,0.703796,0.74113,0.75,0.125598,0.142857,0.5,1.0,1.0,1
0.583333,1.0,1.0,1.0,0.5,0.132261,1.0,0.0,1.0,1.0,1
0.916667,0.8,0.490339,0.388455,0.75,0.16695,0.2,0.333333,0.612923,1.0,0
0.583333,0.6,0.507956,0.285478,1.0,0.235334,1.0,0.0,0.846594,1.0,0
0.916667,1.0,0.218231,0.061786,1.0,0.467153,0.333333,0.166667,0.218231,1.0,0
0.75,1.0,0.685156,0.018942,0.25,1.0,0.25,0.25,0.685156,1.0,0
0.272727,0.25,0.701423,0.824072,0.125,0.149037,0.5,0.090909,1.0,0.428571,1
0.545455,1.0,0.704586,0.568211,0.125,0.217122,0.5,0.090909,0.704586,0.714286,0
0.363636,0.5,0.088561,0.021599,0.0,0.717949,0.333333,0.181818,0.177122,0.571429,1
1.0,0.75,0.500896,0.582795,0.75,0.150491,0.333333,0.181818,0.667862,0.571429,0
1.0,0.5,0.720822,0.422928,1.0,0.298429,0.5,0.090909,1.0,0.571429,1
0.909091,0.25,0.875488,0.102824,0.125,1.0,0.111111,0.727273,1.0,1.0,1
0.909091,0.25,0.731049,1.0,0.375,0.128004,0.142857,0.545455,1.0,0.857143,1
0.909091,1.0,1.0,0.062765,0.5,1.0,0.333333,0.181818,1.0,0.714286,1
0.666667,0.6,0.252162,0.455119,0.0,0.220185,0.166667,0.416667,0.420269,1.0,0
0.583333,0.6,0.393683,0.498597,0.571429,0.313783,1.0,0.0,0.656138,0.75,0
1.0,0.6,0.176813,0.518934,1.0,0.135405,0.333333,0.166667,0.294689,0.5,1
0.583333,0.4,0.491089,0.370266,0.714286,0.527083,1.0,0.0,1.0,0.75,1
0.75,1.0,1.0,1.0,0.142857,0.397405,0.25,0.25,1.0,1.0,1
0.222222,0.2,0.472244,0.184253,0.166667,0.382707,1.0,0.0,1.0,0.25,1
1.0,1.0,1.0,1.0,0.666667,0.149319,1.0,0.0,1.0,0.75,0
1.0,0.6,0.657028,0.166012,1.0,0.59096,1.0,0.0,1.0,0.5,0
0.666667,0.6,0.988403,0.49873,0.5,0.295926,1.0,0.0,1.0,0.5,1
1.0,0.8,0.963816,0.491572,0.166667,0.292767,0.2,0.444444,1.0,1.0,1
1.0,0.6,0.585255,0.397537,0.833333,0.591202,0.25,0.272727,0.975425,1.0,1
0.818182,1.0,0.479514,1.0,0.0,0.192562,0.2,0.363636,0.479514,1.0,1
0.818182,0.4,1.0,0.659606,1.0,0.608813,0.5,0.090909,1.0,1.0,1
0.909091,1.0,0.147326,0.115271,0.833333,0.513248,1.0,0.0,0.147326,1.0,0
0.75,0.2,0.170246,0.221259,1.0,0.129257,1.0,0.0,0.851232,0.666667,0
1.0,0.2,0.541798,0.15352,0.375,0.592857,0.111111,0.666667,1.0,1.0,1
0.416667,1.0,1.0,1.0,0.0,0.167987,1.0,0.0,1.0,0.666667,1
0.75,1.0,0.911666,0.852494,0.5,0.179647,1.0,0.0,0.911666,1.0,1
0.833333,0.8,0.87259,1.0,0.0,0.132647,0.142857,0.5,1.0,1.0,1
1.0,1.0,0.334739,0.093559,0.625,0.543883,0.333333,0.166667,0.334739,0.857143,0
0.75,0.4,0.355823,0.264652,0.125,0.204383,0.142857,0.5,0.889558,1.0,0
0.5,0.4,0.683333,0.415293,0.375,0.250129,0.5,0.083333,1.0,0.857143,1
0.333333,0.6,0.855924,0.291667,0.0,0.446102,0.5,0.083333,1.0,0.428571,0
0.666667,0.6,1.0,0.291667,0.5,0.521193,0.5,0.083333,1.0,0.714286,1
1.0,0.8,0.623795,0.212454,0.5,0.446336,0.2,0.333333,0.779744,0.857143,1
0.916667,0.4,0.286847,0.120879,1.0,0.360732,0.5,0.083333,0.717118,0.571429,0
0.75,0.8,0.434892,0.567484,0.166667,0.251703,0.2,0.333333,0.543615,1.0,0
0.833333,1.0,0.619338,0.431826,0.5,0.471063,0.333333,0.166667,0.619338,0.8,1
0.166667,0.2,1.0,1.0,0.0,0.328443,0.5,0.083333,1.0,0.4,1
0.916667,0.4,0.145665,0.342078,0.166667,0.139859,0.111111,0.666667,0.364162,1.0,1
0.916667,1.0,0.584235,0.280635,0.333333,0.683764,0.2,0.333333,0.584235,0.8,0
1.0,0.8,0.612612,0.68312,1.0,0.294543,0.333333,0.166667,0.765765,0.8,1
1.0,1.0,1.0,1.0,1.0,0.516658,0.333333,0.166667,1.0,1.0,1
0.583333,0.4,0.120294,0.344755,1.0,0.180275,1.0,0.0,0.300735,1.0,1
0.583333,0.6,0.36384,0.436479,0.4,0.430676,0.333333,0.166667,0.606401,1.0,1
0.916667,0.6,0.069687,0.071692,1.0,0.502206,0.25,0.25,0.116145,1.0,0
1.0,1.0,0.103921,0.116479,0.714286,0.146449,1.0,0.0,0.103921,0.833333,0
0.6,0.2,0.316803,0.038054,0.428571,1.0,0.333333,0.2,1.0,0.666667,1
0.5,0.8,0.539865,0.21906,0.142857,0.404532,1.0,0.0,0.674831,0.333333,1
0.8,0.6,0.470719,0.280113,0.285714,0.275842,0.25,0.3,0.784531,1.0,0
1.0,0.6,1.0,1.0,0.714286,0.164146,0.333333,0.2,1.0,0.833333,1
0.9,0.2,0.77593,0.210788,1.0,0.604239,0.5,0.1,1.0,0.666667,1
0.9,0.2,0.718678,0.259762,0.857143,0.45414,0.333333,0.2,1.0,0.666667,1
0.818182,0.8,0.537645,0.132582,0.5,1.0,0.333333,0.181818,0.672057,1.0,0
0.909091,0.6,0.475674,1.0,0.166667,0.128436,0.142857,0.545455,0.792791,1.0,1
0.727273,0.6,0.904391,0.309357,0.833333,0.78936,1.0,0.0,1.0,0.857143,0
0.909091,1.0,0.221808,0.37519,0.5,0.159626,0.333333,0.181818,0.221808,1.0,0
0.454545,0.8,0.571396,0.142335,0.0,1.0,0.5,0.090909,0.714245,0.571429,1
0.909091,0.8,1.0,0.400183,1.0,0.674714,1.0,0.0,1.0,0.857143,1
0.727273,0.4,0.271362,0.08534,0.666667,0.858571,0.333333,0.181818,0.678406,1.0,0
1.0,0.8,0.143696,0.109418,0.833333,0.354596,0.333333,0.181818,0.17962,0.857143,0
1.0,0.4,0.466536,0.479415,0.4,0.125645,0.111111,0.666667,1.0,1.0,1
0.583333,0.4,0.367396,0.11592,1.0,0.409212,1.0,0.0,0.918489,1.0,0
0.916667,0.8,0.357057,0.151328,0.0,0.304643,0.125,0.583333,0.446322,1.0,1
0.916667,1.0,1.0,1.0,0.8,0.129113,0.333333,0.166667,1.0,1.0,1
0.583333,0.8,0.997606,0.288324,0.6,0.446735,1.0,0.0,1.0,1.0,0
0.727273,0.2,0.798927,1.0,0.25,0.153587,0.142857,0.545455,1.0,1.0,1
1.0,0.4,1.0,0.196188,1.0,0.979886,0.166667,0.454545,1.0,1.0,1
0.545455,1.0,0.823536,0.088117,0.0,1.0,0.5,0.090909,0.823536,1.0,1
0.545455,0.8,0.083742,0.122197,0.25,0.131743,0.5,0.090909,0.104677,1.0,0
1.0,1.0,0.215149,0.198996,0.833333,0.16664,0.333333,0.166667,0.215149,0.666667,0
0.916667,0.2,0.323248,0.08533,1.0,0.583871,0.2,0.333333,1.0,0.666667,1
0.25,0.2,0.431453,0.051975,0.333333,1.0,1.0,0.0,1.0,0.5,1
0.333333,0.6,0.968694,0.170337,0.166667,0.876521,1.0,0.0,1.0,0.666667,0
0.583333,0.6,0.636516,0.59035,0.5,0.166182,0.5,0.083333,1.0,0.833333,0
0.666667,0.6,0.848303,0.900259,0.0,0.145234,0.166667,0.416667,1.0,1.0,1
0.583333,0.8,1.0,1.0,0.333333,0.154129,0.5,0.083333,1.0,1.0,1
0.9,0.8,1.0,1.0,0.142857,0.1638,0.2,0.4,1.0,1.0,1
1.0,0.4,0.143303,0.164658,1.0,0.142556,0.5,0.1,0.358256,1.0,1
0.8,1.0,0.576702,0.055363,0.428571,1.0,1.0,0.0,0.576702,1.0,0
1.0,0.6,0.082938,0.059448,0.857143,0.228522,0.5,0.1,0.138231,1.0,1
0.833333,0.6,0.626336,0.0841,1.0,1.0,1.0,0.0,1.0,0.8,0
1.0,0.8,0.251414,0.2523,0.714286,0.175055,0.25,0.25,0.314268,1.0,0
0.583333,0.2,1.0,0.156054,0.571429,1.0,0.333333,0.166667,1.0,0.6,1
1.0,0.2,0.82202,1.0,1.0,0.144406,0.2,0.333333,1.0,0.8,1
1.0,0.8,0.869788,0.737762,0.714286,0.207109,0.25,0.25,1.0,1.0,1
1.0,1.0,0.109365,0.088517,0.0,0.217048,0.125,0.583333,0.109365,1.0,1
0.8,1.0,0.570296,0.537189,0.333333,0.146292,0.5,0.1,0.570296,1.0,0
0.7,0.4,0.387969,0.039357,0.666667,1.0,0.5,0.1,0.969923,1.0,1
0.7,0.6,0.978666,0.350361,0.333333,0.384915,0.333333,0.2,1.0,1.0,1
1.0,0.8,0.524714,0.512932,1.0,0.140965,1.0,0.0,0.655893,0.75,1
0.5,0.2,1.0,1.0,0.0,0.137799,0.2,0.4,1.0,0.75,1
0.818182,0.6,0.171833,0.060066,0.285714,0.443132,0.2,0.363636,0.286389,1.0,0
1.0,0.6,0.36476,0.415677,0.714286,0.135927,0.25,0.272727,0.607933,0.857143,1
0.818182,0.4,0.876851,0.061551,1.0,1.0,1.0,0.0,1.0,0.857143,1
0.272727,0.2,0.443592,0.14505,0.285714,0.47372,1.0,0.0,1.0,0.571429,1
1.0,0.8,0.638543,0.568482,0.285714,0.173991,0.166667,0.454545,0.798178,1.0,0
1.0,1.0,0.526473,0.585479,0.285714,0.13929,0.2,0.363636,0.526473,1.0,0
0.818182,0.8,0.336955,0.281188,0.285714,0.185622,0.25,0.272727,0.421194,1.0,0
0.909091,0.8,1.0,1.0,0.428571,0.154901,0.25,0.272727,1.0,0.857143,1
0.583333,0.5,0.377339,1.0,0.666667,0.183668,0.5,0.083333,0.754678,1.0,0
1.0,1.0,0.221577,0.546482,0.833333,0.197356,0.25,0.25,0.221577,1.0,1
0.75,0.5,0.160537,0.190327,1.0,0.410561,0.5,0.083333,0.321074,1.0,1
0.583333,0.75,1.0,0.07098,0.666667,1.0,1.0,0.0,1.0,1.0,1
0.75,0.8,1.0,0.068161,0.833333,1.0,1.0,0.0,1.0,1.0,1
0.916667,1.0,0.815982,0.569507,0.333333,0.456693,0.2,0.333333,0.815982,1.0,0
0.583333,0.8,0.897721,1.0,0.333333,0.286143,0.5,0.083333,1.0,1.0,1
0.666667,0.2,0.466235,0.169507,0.0,0.87672,0.125,0.583333,1.0,1.0,1
0.833333,0.4,0.3852,0.945291,0.5,0.129886,0.166667,0.416667,0.962999,1.0,0
1.0,0.4,0.438379,0.979372,1.0,0.142674,0.2,0.333333,1.0,1.0,1
0.75,0.2,0.918653,0.818505,1.0,0.272727,1.0,0.0,1.0,1.0,1
0.916667,0.6,0.743576,0.507279,0.75,0.356186,0.333333,0.166667,1.0,1.0,1
0.916667,0.6,1.0,1.0,0.5,0.242996,0.2,0.333333,1.0,1.0,1
0.916667,1.0,0.178139,0.094791,0.625,0.456655,0.5,0.083333,0.178139,1.0,0
1.0,0.6,0.069232,0.066969,0.875,0.251208,0.333333,0.166667,0.115386,1.0,0
0.833333,0.8,0.119558,0.179877,0.75,0.161511,1.0,0.0,0.149447,1.0,0
1.0,0.8,0.599653,1.0,1.0,0.130656,1.0,0.0,0.749566,1.0,1
1.0,1.0,1.0,0.449611,0.333333,0.484612,0.25,0.3,1.0,1.0,1
1.0,0.8,0.239024,0.382202,0.5,0.136263,0.25,0.3,0.29878,1.0,0
0.9,0.4,0.720237,0.511235,1.0,0.306963,0.5,0.1,1.0,1.0,0
1.0,1.0,0.401289,0.377249,1.0,0.246676,0.25,0.25,0.401289,0.75,0
0.333333,0.2,0.141265,0.071953,0.25,0.455282,0.333333,0.166667,0.706326,0.75,1
0.833333,0.6,0.290615,0.158601,0.75,0.42492,0.2,0.333333,0.484358,1.0,0
0.583333,0.8,1.0,1.0,0.25,0.231898,0.333333,0.166667,1.0,1.0,1
0.833333,1.0,0.972468,0.679757,0.0,0.331755,0.166667,0.416667,0.972468,1.0,1
0.666667,0.8,0.133237,0.087434,0.0,0.204656,0.2,0.333333,0.166546,1.0,1
0.666667,0.8,0.642198,0.632389,0.4,0.136384,0.333333,0.166667,0.802748,1.0,0
0.833333,0.8,0.164338,0.055752,0.4,0.395873,0.2,0.333333,0.205423,1.0,0
0.75,0.8,0.839483,0.538407,0.8,0.209402,0.5,0.083333,1.0,1.0,1
1.0,0.4,1.0,1.0,0.8,0.134301,0.142857,0.5,1.0,1.0,1
0.583333,0.4,0.574064,0.327434,1.0,0.235459,1.0,0.0,1.0,1.0,0
0.666667,0.4,0.900237,0.79292,0.6,0.152478,0.25,0.25,1.0,1.0,1
0.666667,1.0,0.556668,0.10177,0.6,0.734609,1.0,0.0,0.556668,1.0,0
0.8,1.0,0.534153,0.552191,0.6,0.131573,1.0,0.0,0.534153,1.0,0
1.0,0.6,0.793204,0.076813,0.0,1.0,0.125,0.7,1.0,1.0,1
0.8,0.4,0.948799,1.0,1.0,0.129052,0.5,0.1,1.0,1.0,1
0.7,0.2,1.0,0.368287,0.2,0.369321,0.166667,0.5,1.0,1.0,1
0.916667,0.4,0.084662,0.024767,0.8,0.454335,0.166667,0.416667,0.211654,1.0,0
0.75,0.8,0.108897,0.05111,0.8,0.283193,0.5,0.083333,0.136121,1.0,0
0.416667,0.2,1.0,0.951897,0.2,0.13963,0.25,0.25,1.0,0.8,1
0.666667,0.4,0.167708,0.140301,1.0,0.158878,0.5,0.083333,0.41927,0.8,1
1.0,1.0,0.757217,0.654402,0.4,0.153796,0.166667,0.416667,0.757217,1.0,1
0.583333,0.6,0.959393,1.0,0.4,0.127516,0.333333,0.166667,1.0,1.0,1
0.666667,0.6,1.0,0.649549,0.714286,0.224359,1.0,0.0,1.0,1.0,1
0.916667,0.8,0.947024,1.0,0.0,0.138012,0.125,0.583333,1.0,1.0,1
1.0,0.4,0.492857,0.277932,1.0,0.258427,0.25,0.25,1.0,1.0,0
0.916667,1.0,0.922024,0.469986,0.0,0.285899,0.142857,0.5,0.922024,1.0,1
0.75,0.6,0.387262,0.171409,0.0,0.329251,0.142857,0.5,0.645437,1.0,0
0.7,1.0,0.578147,0.189384,0.2,0.429073,0.5,0.1,0.578147,1.0,1
0.9,0.2,0.089325,0.067657,0.8,0.185565,0.2,0.4,0.446626,1.0,0
1.0,0.6,1.0,1.0,0.6,0.140552,0.2,0.4,1.0,1.0,1
0.8,0.4,0.147231,0.042887,1.0,0.482508,0.5,0.1,0.368077,1.0,1
0.9,0.75,0.514355,0.610234,1.0,0.183709,1.0,0.0,0.685806,0.75,0
0.8,0.5,0.896834,0.152339,0.333333,1.0,0.2,0.4,1.0,1.0,1
0.6,0.5,0.44124,0.438012,0.666667,0.219559,1.0,0.0,0.882479,0.75,1
0.9,0.25,1.0,1.0,0.333333,0.217953,0.142857,0.6,1.0,1.0,1
1.0,1.0,0.953716,0.564912,0.333333,0.367961,0.2,0.4,0.953716,1.0,1
0.666667,0.8,0.890216,0.761022,0.111111,0.171215,0.25,0.25,1.0,0.75,1
1.0,1.0,0.590881,0.291274,0.333333,0.296921,0.2,0.333333,0.590881,1.0,0
0.833333,0.8,0.372663,0.186075,0.444444,0.293137,0.333333,0.166667,0.465829,1.0,0
0.833333,0.6,1.0,1.0,0.777778,0.146367,1.0,0.0,1.0,1.0,1
0.916667,0.2,0.537079,0.423837,1.0,0.185473,0.5,0.083333,1.0,0.75,1
0.5,0.6,1.0,0.509199,0.166667,0.492316,0.333333,0.166667,1.0,0.666667,1
1.0,0.6,0.81197,1.0,0.666667,0.20355,0.166667,0.416667,1.0,1.0,1
0.5,1.0,0.506306,0.713397,0.166667,0.177915,1.0,0.0,0.506306,0.666667,0
0.916667,0.6,0.893839,0.91319,0.833333,0.245375,0.25,0.25,1.0,0.833333,1
0.416667,0.6,0.846186,0.416688,0.0,0.50908,0.333333,0.166667,1.0,0.5,1
0.916667,0.8,0.164151,0.328064,1.0,0.125434,0.5,0.083333,0.205189,0.5,0
0.916667,0.6,0.955758,0.085774,1.0,1.0,0.333333,0.166667,1.0,0.5,0
0.666667,1.0,1.0,1.0,0.428571,0.125181,1.0,0.0,1.0,1.0,1
0.75,1.0,0.516989,0.32462,0.142857,0.199363,0.25,0.25,0.516989,1.0,0
0.75,0.2,0.140514,0.128194,0.0,0.137212,0.111111,0.666667,0.702572,1.0,1
1.0,1.0,0.663874,0.466549,0.714286,0.178126,0.333333,0.166667,0.663874,1.0,1
0.75,0.4,0.185111,0.022301,1.0,1.0,1.0,0.0,0.462777,1.0,0
0.916667,0.333333,0.346763,0.375282,0.888889,0.157043,0.333333,0.166667,1.0,1.0,1
0.75,1.0,0.86984,1.0,0.555556,0.147837,0.5,0.083333,0.86984,0.833333,1
0.833333,0.666667,0.549419,0.083898,0.555556,1.0,0.25,0.25,0.824128,1.0,0
1.0,0.333333,0.88135,0.108352,1.0,1.0,0.333333,0.166667,1.0,0.666667,1
0.833333,0.333333,0.341893,0.342927,0.0,0.169446,0.1,0.75,1.0,1.0,1
0.833333,0.666667,1.0,0.723288,0.666667,0.23498,0.333333,0.166667,1.0,1.0,1
0.75,0.666667,0.414388,0.066968,0.111111,1.0,0.142857,0.5,0.621583,0.833333,1
0.166667,0.4,0.070811,0.091609,0.0,0.125,1.0,0.0,0.177027,0.166667,1
1.0,1.0,0.83983,1.0,0.714286,0.135813,0.333333,0.166667,0.83983,0.833333,1
0.916667,0.8,1.0,0.41285,0.285714,0.391703,0.166667,0.416667,1.0,0.833333,1
0.666667,0.8,0.25329,0.176125,0.428571,0.232566,0.5,0.083333,0.316612,0.833333,0
0.833333,0.6,0.155784,0.157276,0.857143,0.16018,0.5,0.083333,0.25964,0.833333,0
0.666667,1.0,0.404813,0.301378,0.142857,0.217216,0.333333,0.166667,0.404813,1.0,0
0.75,0.2,0.233112,0.137414,1.0,0.274336,0.5,0.083333,1.0,0.833333,1
1.0,1.0,0.897573,0.285299,1.0,0.500408,0.333333,0.166667,0.897573,1.0,1
0.666667,0.8,0.163395,0.02114,0.6,1.0,0.5,0.083333,0.204243,1.0,0
1.0,0.4,1.0,1.0,1.0,0.159057,0.166667,0.416667,1.0,1.0,1
0.583333,0.6,0.443483,0.315749,0.6,0.223403,0.5,0.083333,0.739138,1.0,1
0.8,0.6,0.643104,0.075093,0.142857,1.0,0.2,0.4,1.0,1.0,1
1.0,0.2,1.0,0.86092,1.0,0.284582,0.333333,0.2,1.0,1.0,1
0.8,0.8,0.656486,1.0,0.142857,0.160841,0.25,0.3,0.820608,1.0,1
0.9,1.0,0.160695,0.305923,0.571429,0.128695,1.0,0.0,0.160695,1.0,0
0.666667,0.25,0.417032,0.520514,0.0,0.160353,0.125,0.583333,1.0,1.0,1
0.916667,0.25,1.0,0.933864,0.833333,0.214317,0.166667,0.416667,1.0,1.0,1
1.0,0.75,0.688832,0.764033,0.833333,0.180443,0.2,0.333333,0.918443,1.0,1
0.833333,1.0,0.294952,0.186977,1.0,0.315721,1.0,0.0,0.294952,1.0,0
0.833333,1.0,0.625803,1.0,0.5,0.12525,0.25,0.25,0.625803,1.0,1
0.75,0.5,0.919255,0.605222,0.285714,0.210679,0.166667,0.416667,1.0,1.0,1
0.916667,1.0,0.81835,0.171636,0.0,0.661347,0.125,0.583333,0.81835,1.0,1
1.0,1.0,0.871426,0.213725,0.142857,0.565554,0.125,0.583333,0.871426,1.0,0
0.75,0.25,0.165501,0.040662,0.714286,0.564561,0.25,0.25,0.662004,1.0,1
1.0,1.0,1.0,1.0,0.857143,0.138707,0.333333,0.166667,1.0,1.0,1
0.916667,1.0,0.708188,0.31217,0.142857,0.314671,0.142857,0.5,0.708188,1.0,0
0.833333,0.5,0.310533,0.187188,1.0,0.230107,0.5,0.083333,0.621066,1.0,1
0.916667,0.6,0.573822,0.752068,0.5,0.167985,0.142857,0.5,0.95637,1.0,1
0.833333,0.6,0.845552,0.947239,1.0,0.196531,0.25,0.25,1.0,1.0,1
1.0,0.8,0.604793,1.0,1.0,0.133154,0.2,0.333333,0.755991,1.0,1
0.833333,1.0,1.0,0.144646,1.0,1.0,0.5,0.083333,1.0,1.0,0
0.416667,0.4,1.0,1.0,0.428571,0.407354,1.0,0.0,1.0,0.666667,1
1.0,0.2,0.388174,0.300749,1.0,0.525769,0.2,0.333333,1.0,0.666667,1
0.833333,1.0,0.312615,0.385293,0.285714,0.330514,0.25,0.25,0.312615,1.0,1
0.75,0.2,0.479948,0.436372,0.571429,0.448032,0.2,0.333333,1.0,1.0,1
0.833333,0.6,1.0,0.230769,0.142857,1.0,0.142857,0.5,1.0,1.0,1
0.916667,0.8,0.91018,1.0,0.857143,0.252807,0.5,0.083333,1.0,0.8,0
0.333333,0.2,0.275877,0.371547,0.0,0.206235,0.25,0.25,1.0,0.4,1
0.916667,0.6,0.863986,0.250371,1.0,0.958482,0.5,0.083333,1.0,0.8,1
1.0,0.2,0.454341,0.397089,0.857143,0.317801,0.166667,0.416667,1.0,0.8,1
0.833333,1.0,0.478828,0.986338,0.0,0.134839,0.166667,0.416667,0.478828,1.0,1
1.0,1.0,0.161786,0.171301,0.833333,0.230519,0.333333,0.166667,0.161786,1.0,0
0.75,1.0,0.532072,0.170189,0.666667,0.763072,1.0,0.0,0.532072,1.0,1
0.75,0.4,0.413581,0.041713,0.0,1.0,0.125,0.583333,1.0,1.0,1
0.916667,1.0,1.0,0.308676,0.833333,0.790721,0.5,0.083333,1.0,1.0,0
1.0,0.8,0.515552,1.0,1.0,0.125834,0.333333,0.166667,0.64444,1.0,1
0.818182,0.8,0.6546,1.0,0.2,0.140132,0.2,0.363636,0.818249,1.0,1
1.0,1.0,1.0,0.172997,1.0,1.0,0.5,0.090909,1.0,0.833333,1
0.272727,0.6,0.566916,0.770362,0.0,0.157538,1.0,0.0,0.94486,0.666667,1
1.0,0.6,0.116911,0.073765,0.8,0.339286,0.2,0.363636,0.194852,0.833333,0
0.545455,0.8,0.476669,0.416246,0.4,0.245148,1.0,0.0,0.595836,1.0,0
0.545455,1.0,0.190545,0.041712,0.2,0.977895,1.0,0.0,0.190545,1.0,0
0.727273,1.0,0.446621,0.3809,0.4,0.251009,0.5,0.090909,0.446621,1.0,0
0.7,1.0,0.696886,0.339492,0.428571,0.28359,1.0,0.0,0.696886,0.714286,0
1.0,0.5,0.906483,1.0,1.0,0.125233,0.5,0.1,1.0,0.714286,1
1.0,1.0,0.683614,0.247673,0.285714,0.381321,0.2,0.4,0.683614,1.0,0
1.0,0.75,0.290046,0.055148,1.0,0.726598,1.0,0.0,0.386728,0.714286,0
1.0,0.75,0.253599,0.161636,0.142857,0.216754,0.142857,0.6,0.338132,1.0,1
0.4,0.25,0.868811,0.30141,0.428571,0.398222,1.0,0.0,1.0,0.428571,1
0.9,0.5,1.0,0.714386,0.857143,0.193386,0.5,0.1,1.0,0.857143,1
0.8,1.0,0.699132,0.200564,0.571429,0.481575,1.0,0.0,0.699132,0.857143,0
1.0,1.0,0.60174,0.775475,0.0,0.142461,0.125,0.583333,0.60174,1.0,1
0.916667,0.4,0.791861,0.250951,1.0,0.579318,0.333333,0.166667,1.0,1.0,1
0.666667,0.2,0.116289,0.044297,0.285714,0.481974,0.166667,0.416667,0.581444,1.0,1
1.0,0.8,1.0,1.0,0.0,0.183593,0.111111,0.666667,1.0,1.0,1
0.75,0.6,0.997457,0.214676,0.333333,0.723902,0.166667,0.416667,1.0,1.0,1
1.0,0.4,0.336724,0.341445,0.333333,0.153646,0.1,0.75,0.841809,1.0,1
0.75,1.0,0.080276,0.074326,1.0,0.168274,0.5,0.083333,0.080276,1.0,0
0.5,0.2,1.0,1.0,1.0,0.155801,0.333333,0.166667,1.0,1.0,1
1.0,1.0,0.960528,0.836635,1.0,0.178873,0.2,0.333333,0.960528,1.0,1
1.0,0.666667,0.458051,0.446962,0.777778,0.131369,0.25,0.25,0.687077,0.666667,1
0.333333,1.0,0.657179,0.579962,0.111111,0.145256,1.0,0.0,0.657179,0.166667,1
0.416667,1.0,0.579364,0.575842,0.222222,0.128973,1.0,0.0,0.579364,0.5,0
1.0,1.0,0.064157,0.040018,0.444444,0.205515,0.166667,0.416667,0.064157,0.833333,0
1.0,1.0,0.144152,0.145211,0.444444,0.127254,0.166667,0.416667,0.144152,0.833333,1
1.0,0.333333,1.0,1.0,1.0,0.128189,0.333333,0.166667,1.0,0.5,1
0.75,1.0,0.835992,0.128586,0.555556,0.83341,0.5,0.083333,0.835992,0.5,1
1.0,1.0,0.7224,0.635957,0.5,0.153851,0.2,0.363636,0.7224,1.0,1
1.0,0.666667,1.0,1.0,1.0,0.135441,0.5,0.090909,1.0,0.4,1
0.636364,1.0,0.766179,0.614925,0.125,0.168756,0.25,0.272727,0.766179,0.8,1
0.818182,0.666667,0.552494,0.265807,0.625,0.281521,0.333333,0.181818,0.828742,1.0,0
0.636364,0.333333,0.749148,0.754003,0.375,0.134569,0.25,0.272727,1.0,0.8,1
0.636364,0.666667,0.457023,0.402307,0.0,0.153862,0.166667,0.454545,0.685534,0.8,1
0.25,0.25,0.83546,0.781969,0.333333,0.177328,0.5,0.083333,1.0,0.75,1
0.666667,1.0,0.864868,1.0,0.333333,0.143546,0.25,0.25,0.864868,1.0,1
1.0,1.0,0.855268,0.080476,1.0,1.0,0.166667,0.416667,0.855268,0.75,1
0.5,0.5,0.916515,0.463493,0.333333,0.328198,0.25,0.25,1.0,1.0,1
0.416667,0.5,1.0,0.120411,0.666667,1.0,0.5,0.083333,1.0,1.0,0
0.666667,1.0,0.764342,0.060805,0.0,1.0,0.25,0.25,0.764342,0.714286,0
1.0,0.8,0.284139,0.087755,0.444444,0.484837,0.2,0.333333,0.355174,1.0,0
1.0,0.2,0.935771,0.224693,1.0,0.623613,0.333333,0.166667,1.0,0.714286,1
0.916667,1.0,0.934533,0.040088,0.0,1.0,0.142857,0.5,0.934533,1.0,1
0.833333,0.2,0.656693,0.330133,0.888889,0.297857,0.5,0.083333,1.0,0.714286,1
0.833333,1.0,0.639258,0.216102,0.555556,0.442946,1.0,0.0,0.639258,1.0,0
1.0,0.4,0.919235,1.0,0.555556,0.137645,0.166667,0.416667,1.0,1.0,1
0.666667,0.8,1.0,0.452922,0.111111,0.330606,0.25,0.25,1.0,0.714286,1
0.916667,0.75,0.847692,0.606774,1.0,0.223199,0.5,0.083333,1.0,1.0,1
0.75,0.5,1.0,0.785011,0.857143,0.203519,0.5,0.083333,1.0,1.0,1
0.833333,0.25,0.634641,0.625991,0.714286,0.161972,0.2,0.333333,1.0,1.0,0
1.0,1.0,0.824838,1.0,0.428571,0.13178,0.166667,0.416667,0.824838,1.0,1
0.666667,0.25,0.632017,0.439433,0.75,0.465066,0.2,0.333333,1.0,1.0,1
0.75,0.75,0.314546,0.38996,1.0,0.260821,0.333333,0.166667,0.419395,1.0,1
0.833333,0.5,0.259422,0.201892,0.5,0.415495,0.142857,0.5,0.518844,1.0,0
1.0,1.0,0.771853,0.176792,0.0,1.0,0.111111,0.666667,0.771853,1.0,1
1.0,1.0,1.0,1.0,0.5,0.323354,0.142857,0.5,1.0,1.0,1
0.75,0.25,0.761503,0.78865,1.0,0.312223,0.2,0.333333,1.0,1.0,1
0.916667,0.75,0.76599,0.691841,0.0,0.155414,0.111111,0.666667,1.0,1.0,0
0.833333,0.75,0.104473,0.019563,1.0,0.749612,1.0,0.0,0.139297,0.714286,0
0.5,0.25,0.945765,0.998029,0.142857,0.133019,0.2,0.333333,1.0,0.857143,1
0.833333,0.5,0.97191,1.0,0.428571,0.136427,0.166667,0.416667,1.0,1.0,1
0.833333,1.0,1.0,0.592357,0.0,0.236969,0.142857,0.5,1.0,1.0,1
0.583333,0.75,0.965752,0.64316,0.285714,0.210776,0.333333,0.166667,1.0,0.857143,1
1.0,0.75,0.74341,0.251744,0.0,0.414518,0.1,0.75,0.991213,1.0,1
0.666667,1.0,0.602204,0.551865,0.0,0.153174,0.2,0.333333,0.602204,1.0,0
0.833333,0.8,0.654441,0.28966,0.714286,0.408721,0.5,0.083333,0.818051,1.0,0
0.916667,0.4,0.68181,0.139441,1.0,0.884541,0.333333,0.166667,1.0,1.0,1
1.0,0.8,0.560231,0.557764,0.142857,0.181703,0.125,0.583333,0.700289,1.0,1
0.75,0.8,0.312232,0.32132,0.571429,0.175786,0.5,0.083333,0.39029,1.0,0
0.75,1.0,0.875256,0.191647,0.571429,0.826186,1.0,0.0,0.875256,1.0,0
0.916667,0.4,1.0,1.0,0.857143,0.180903,0.25,0.25,1.0,1.0,1
0.666667,0.2,0.571216,0.666218,0.714286,0.155106,0.333333,0.166667,1.0,1.0,1
1.0,0.4,0.526718,0.531492,0.428571,0.179278,0.125,0.583333,1.0,1.0,1
0.75,1.0,0.06894,0.30179,0.111111,0.155932,0.2,0.333333,0.06894,0.75,0
0.916667,0.25,1.0,0.890878,1.0,0.76622,0.5,0.083333,1.0,0.5,1
1.0,1.0,0.53141,0.890878,0.222222,0.407177,0.142857,0.5,0.53141,1.0,1
0.916667,0.75,0.882353,1.0,0.555556,0.602302,0.25,0.25,1.0,1.0,1
0.75,0.5,0.089047,0.208014,0.222222,0.292213,0.166667,0.416667,0.178094,0.75,1
1.0,1.0,0.54195,0.354253,0.833333,0.220739,0.333333,0.181818,0.54195,0.833333,0
0.909091,0.25,0.375902,0.215645,0.833333,0.251517,0.2,0.363636,1.0,0.833333,1
0.181818,0.5,0.176458,0.202707,0.0,0.125605,1.0,0.0,0.352917,0.0,1
0.818182,0.5,0.832921,0.223974,0.5,0.536587,0.2,0.363636,1.0,0.833333,1
0.909091,1.0,1.0,1.0,1.0,0.144289,1.0,0.0,1.0,0.833333,1
1.0,0.75,0.544321,0.330012,0.5,0.23799,0.166667,0.454545,0.725761,0.833333,0
1.0,0.25,0.899505,0.197204,0.5,0.658145,0.125,0.636364,1.0,0.833333,1
0.909091,1.0,0.917012,0.662963,0.111111,0.401257,0.2,0.363636,0.917012,1.0,1
1.0,0.2,1.0,1.0,1.0,0.290093,0.5,0.090909,1.0,0.4,1
0.909091,0.8,0.434089,0.493519,0.111111,0.255159,0.166667,0.454545,0.542611,1.0,0
0.454545,0.2,0.09783,0.071296,0.222222,0.398052,0.333333,0.181818,0.489148,0.8,1
0.727273,0.6,0.662305,0.310648,0.0,0.61848,0.166667,0.454545,1.0,0.8,1
0.727273,0.4,0.831791,0.112963,0.222222,1.0,0.2,0.363636,1.0,0.8,1
0.7,0.25,0.82668,1.0,0.6,0.142137,0.25,0.3,1.0,1.0,1
0.7,0.25,0.944248,0.041992,0.0,1.0,0.142857,0.6,1.0,1.0,1
0.7,1.0,1.0,0.339705,0.4,0.506138,0.5,0.1,1.0,1.0,1
1.0,0.75,0.147044,0.137562,1.0,0.183789,0.333333,0.2,0.196059,0.75,1
0.4,0.5,0.144854,0.149435,0.4,0.166667,1.0,0.0,0.289709,0.75,0
0.8,0.4,0.401214,0.546173,0.666667,0.157187,0.2,0.4,1.0,0.857143,1
0.8,1.0,0.115481,0.093194,0.0,0.265152,0.25,0.3,0.115481,1.0,0
0.9,0.2,0.531081,0.606608,0.0,0.187337,0.111111,0.8,1.0,1.0,1
0.8,0.8,0.217896,0.093194,0.0,0.500303,0.2,0.4,0.27237,1.0,0
0.9,0.6,0.409661,0.094606,0.0,0.926567,0.142857,0.6,0.682768,1.0,1
1.0,0.2,0.237165,0.092629,0.333333,0.547866,0.111111,0.8,1.0,1.0,1
0.6,0.2,1.0,1.0,1.0,0.213979,0.333333,0.2,1.0,0.857143,1
0.2,0.2,0.225419,0.092347,0.333333,0.522324,1.0,0.0,1.0,0.714286,1
1.0,0.6,0.070401,0.030895,0.444444,0.338308,0.166667,0.416667,0.117334,1.0,0
0.833333,0.6,0.367636,0.100523,0.777778,0.542966,1.0,0.0,0.612727,0.857143,0
1.0,0.4,0.671498,0.370888,0.444444,0.268794,0.142857,0.5,1.0,1.0,1
0.75,0.2,0.067812,0.051645,0.777778,0.19494,0.5,0.083333,0.339062,0.714286,0
1.0,1.0,1.0,1.0,0.444444,0.148463,0.25,0.25,1.0,1.0,1
0.833333,0.2,0.978155,0.961574,1.0,0.151023,1.0,0.0,1.0,0.714286,1
1.0,0.4,0.741795,0.265447,0.222222,0.414881,0.111111,0.666667,1.0,1.0,1
0.416667,0.6,0.448494,0.063172,0.0,1.0,0.333333,0.166667,0.747489,0.571429,1
1.0,1.0,0.35871,0.600367,0.2,0.168092,0.142857,0.5,0.35871,1.0,0
0.666667,0.8,0.502606,0.082188,0.6,1.0,0.5,0.083333,0.628258,1.0,0
0.916667,0.2,1.0,0.943477,0.4,0.298187,0.111111,0.666667,1.0,1.0,1
1.0,0.8,0.503584,1.0,0.8,0.141674,0.2,0.333333,0.62948,1.0,1
0.666667,0.8,0.832428,0.396578,0.2,0.590524,0.25,0.25,1.0,1.0,1
0.833333,1.0,0.622719,0.373052,0.4,0.469615,0.25,0.25,0.622719,1.0,0
0.916667,1.0,0.515856,0.857623,1.0,0.16922,0.5,0.083333,0.515856,1.0,0
1.0,0.2,0.08258,0.142116,1.0,0.166734,0.166667,0.454545,0.412899,1.0,1
0.545455,0.6,1.0,1.0,0.6,0.286941,1.0,0.0,1.0,1.0,1
0.636364,1.0,0.744023,0.709138,0.2,0.301057,0.5,0.090909,0.744023,1.0,0
0.727273,0.2,0.827908,0.476794,0.6,0.498247,0.2,0.363636,1.0,1.0,1
0.272727,0.333333,1.0,0.922778,0.25,0.376367,1.0,0.0,1.0,0.333333,1
0.545455,1.0,0.288492,0.446643,0.25,0.224327,0.5,0.090909,0.288492,0.333333,1
1.0,0.333333,0.254302,0.447031,0.75,0.197569,0.2,0.363636,0.762905,0.5,1
1.0,0.666667,0.091173,0.249515,1.0,0.126905,0.5,0.090909,0.13676,0.333333,0
1.0,1.0,0.90324,0.847497,0.75,0.370147,0.333333,0.181818,0.90324,0.5,1
0.272727,0.666667,0.555196,1.0,0.125,0.192821,1.0,0.0,0.832793,0.333333,1
0.727273,0.333333,0.071844,0.193248,0.875,0.129116,1.0,0.0,0.215531,0.333333,1
1.0,0.8,0.650814,0.314817,0.0,0.262594,0.111111,0.666667,0.813518,1.0,1
0.916667,0.6,1.0,1.0,0.5,0.127024,0.166667,0.416667,1.0,1.0,1
0.666667,1.0,0.43271,0.292876,0.166667,0.187672,0.333333,0.166667,0.43271,1.0,0
0.833333,0.8,0.78277,0.102208,0.0,0.972826,0.142857,0.5,0.978463,1.0,1
0.833333,0.6,0.310047,0.019581,1.0,1.0,0.5,0.083333,0.516745,0.857143,0
1.0,0.2,0.753252,0.648243,0.0,0.147601,0.083333,0.916667,1.0,1.0,1
0.5,0.4,0.241391,0.018886,0.5,1.0,0.5,0.083333,0.603477,0.857143,0
0.666667,0.8,0.498415,0.153312,0.5,0.412953,0.5,0.083333,0.623018,1.0,0
0.833333,1.0,0.524782,0.313083,0.8,0.267152,0.5,0.083333,0.524782,1.0,1
1.0,0.6,1.0,1.0,0.8,0.159382,0.166667,0.416667,1.0,1.0,1
0.666667,0.6,0.518928,0.348746,0.4,0.237158,0.25,0.25,0.86488,1.0,1
0.916667,0.8,0.277612,0.036492,1.0,1.0,0.333333,0.166667,0.347014,1.0,0
0.833333,0.4,0.416375,0.271137,1.0,0.40957,1.0,0.0,1.0,1.0,0
1.0,0.8,0.728247,0.431778,0.75,0.449831,0.333333,0.166667,0.910308,1.0,0
0.833333,1.0,0.061544,0.041399,0.5,0.396479,0.5,0.083333,0.061544,1.0,0
0.833333,0.8,1.0,0.089504,0.75,1.0,1.0,0.0,1.0,1.0,1
1.0,0.8,0.797005,0.397085,0.25,0.535316,0.142857,0.5,0.996256,1.0,0
0.916667,1.0,0.784871,1.0,0.125,0.209329,0.166667,0.416667,0.784871,1.0,1
0.833333,0.8,0.864121,1.0,0.6,0.130534,0.25,0.25,1.0,1.0,1
1.0,0.6,0.095518,0.067379,0.4,0.214146,0.125,0.583333,0.159196,1.0,1
0.833333,1.0,0.355853,0.358258,0.6,0.150046,0.333333,0.166667,0.355853,1.0,0
1.0,1.0,0.974434,0.364503,1.0,0.403832,0.333333,0.166667,0.974434,0.8,0
0.416667,0.4,1.0,0.454067,0.6,0.332682,1.0,0.0,1.0,0.8,1
0.75,0.8,0.512946,0.568611,0.2,0.136272,0.2,0.333333,0.641183,1.0,0
1.0,1.0,0.111181,0.152381,0.6,0.153993,0.2,0.363636,0.111181,1.0,1
0.818182,1.0,0.473176,0.55582,1.0,0.179676,1.0,0.0,0.473176,1.0,0
0.818182,0.75,1.0,1.0,0.8,0.211058,0.333333,0.181818,1.0,1.0,1
0.818182,0.75,0.753698,0.384127,0.4,0.414118,0.2,0.363636,1.0,1.0,1
0.909091,1.0,0.442968,0.228022,0.428571,0.619621,0.333333,0.181818,0.442968,1.0,1
0.909091,1.0,0.175834,0.330848,0.571429,0.169514,0.5,0.090909,0.175834,1.0,0
1.0,0.6,0.957057,1.0,1.0,0.305259,0.5,0.090909,1.0,1.0,1
1.0,1.0,1.0,0.203689,0.714286,1.0,0.5,0.090909,1.0,1.0,0
0.75,0.25,0.818551,0.086706,0.857143,1.0,0.333333,0.166667,1.0,0.8,1
1.0,0.25,0.758579,0.788526,1.0,0.162915,0.2,0.333333,1.0,0.8,1
0.5,0.25,0.472646,0.13925,0.0,0.5748,0.166667,0.416667,1.0,0.4,1
0.75,0.5,0.933779,0.545674,0.857143,0.289792,0.5,0.083333,1.0,0.8,1
0.666667,0.25,1.0,1.0,0.285714,0.169346,0.166667,0.416667,1.0,1.0,1
0.916667,1.0,0.405877,0.142221,0.571429,0.48329,0.25,0.25,0.405877,1.0,0
0.916667,1.0,0.466261,0.608054,0.375,0.138197,0.25,0.25,0.466261,1.0,0
0.833333,0.8,0.285398,0.076754,0.75,0.67013,1.0,0.0,0.356748,1.0,0
1.0,0.2,0.76604,0.200359,0.125,0.689055,0.090909,0.833333,1.0,1.0,1
0.75,0.6,0.431416,0.185407,0.75,0.419355,1.0,0.0,0.719027,1.0,0
0.916667,1.0,1.0,1.0,0.5,0.180223,0.333333,0.166667,1.0,1.0,1
0.916667,0.2,0.125,0.115231,1.0,0.195502,0.333333,0.166667,0.625,1.0,1
0.916667,1.0,0.222013,0.242624,0.125,0.164914,0.166667,0.416667,0.222013,1.0,1
0.75,1.0,0.538895,1.0,0.571429,0.13619,1.0,0.0,0.538895,0.75,1
0.333333,0.8,0.407568,0.359868,0.0,0.286219,1.0,0.0,0.50946,0.25,0
0.666667,0.4,0.710174,0.744151,0.428571,0.241183,0.25,0.25,1.0,1.0,1
1.0,0.6,1.0,0.329603,1.0,0.766744,0.333333,0.166667,1.0,0.75,1
0.833333,0.8,0.173594,0.087233,0.857143,0.502915,1.0,0.0,0.216992,0.75,0
0.416667,0.6,0.481521,0.241784,0.142857,0.345254,0.5,0.083333,0.802535,0.5,1
1.0,0.8,1.0,0.707545,0.714286,0.245018,0.25,0.25,1.0,0.833333,1
0.5,0.2,0.726782,1.0,0.142857,0.125996,0.2,0.333333,1.0,0.833333,1
0.583333,0.8,0.439055,0.08702,0.428571,0.874684,1.0,0.0,0.548819,0.833333,0
0.833333,0.6,0.103675,0.118047,0.428571,0.152255,0.2,0.333333,0.172791,1.0,0
1.0,0.4,0.938791,0.16119,1.0,1.0,0.25,0.25,1.0,0.5,1
1.0,1.0,0.118818,0.042409,0.714286,0.485714,0.333333,0.166667,0.118818,0.833333,0
1.0,0.5,0.076775,0.024942,1.0,0.47205,0.5,0.090909,0.153551,0.4,0
0.727273,0.25,1.0,0.532301,0.75,0.288097,0.5,0.090909,1.0,0.6,1
0.545455,0.75,0.6535,0.633153,0.25,0.158282,0.5,0.090909,0.871334,0.4,0
0.909091,0.5,0.197899,0.081487,0.625,0.372433,0.25,0.272727,0.395798,1.0,1
0.727273,1.0,0.855036,1.0,0.375,0.131123,0.5,0.090909,0.855036,0.8,1
0.909091,0.25,0.936761,0.310767,0.75,0.462263,0.25,0.272727,1.0,0.8,1
0.916667,0.8,0.102825,0.038361,0.857143,0.430638,0.5,0.083333,0.128531,1.0,0
0.666667,0.2,0.115627,0.023017,1.0,0.807092,1.0,0.0,0.578135,1.0,1
0.916667,0.6,0.800752,0.374143,0.714286,0.343848,0.25,0.25,1.0,1.0,1
0.833333,1.0,1.0,1.0,0.571429,0.160659,0.5,0.083333,1.0,1.0,0
0.833333,0.8,0.714692,0.43046,0.571429,0.266743,0.333333,0.166667,0.893365,1.0,0
0.666667,0.2,0.864154,0.769997,1.0,0.180305,1.0,0.0,1.0,1.0,1
1.0,1.0,0.671002,0.539014,0.285714,0.2,0.166667,0.416667,0.671002,1.0,1
0.416667,0.8,0.986495,0.983782,0.25,0.126019,1.0,0.0,1.0,1.0,1
0.583333,0.4,0.87555,0.230827,1.0,0.476688,0.5,0.083333,1.0,1.0,1
0.916667,1.0,0.267807,0.050415,0.75,0.667581,0.25,0.25,0.267807,1.0,0
1.0,1.0,1.0,1.0,1.0,0.125673,0.25,0.25,1.0,1.0,1
0.833333,0.2,0.066927,0.01911,0.25,0.440132,0.111111,0.666667,0.334634,1.0,1
0.916667,1.0,0.291098,0.325794,0.444444,0.204306,0.333333,0.166667,0.291098,1.0,0
0.916667,0.4,0.284713,0.239336,0.555556,0.27201,0.2,0.333333,0.711782,1.0,0
0.916667,0.8,0.59384,1.0,0.555556,0.135786,0.333333,0.166667,0.7423,1.0,1
0.666667,1.0,0.456617,0.528486,0.111111,0.197562,0.333333,0.166667,0.456617,0.666667,0
1.0,0.2,0.655315,0.160607,1.0,0.932977,0.333333,0.166667,1.0,0.666667,1
0.5,0.4,1.0,0.296307,0.333333,0.771691,0.5,0.083333,1.0,0.666667,1
1.0,0.4,0.250282,0.355855,0.888889,0.160821,0.333333,0.166667,0.625704,0.666667,1
0.916667,0.4,0.483752,0.766201,1.0,0.159299,0.333333,0.166667,1.0,0.857143,1
0.666667,1.0,0.57301,0.393126,0.428571,0.36776,1.0,0.0,0.57301,1.0,0
0.666667,0.6,1.0,1.0,0.0,0.252309,0.166667,0.416667,1.0,1.0,1
0.583333,0.6,0.468568,0.138561,0.428571,0.85323,0.5,0.083333,0.780947,0.857143,0
1.0,0.4,0.125585,0.139635,0.857143,0.226923,0.2,0.333333,0.313963,1.0,0
0.833333,0.4,0.898822,0.24454,0.571429,0.927379,0.2,0.333333,1.0,1.0,1
1.0,0.2,0.704129,0.1715,0.0,1.0,0.083333,0.916667,1.0,1.0,1
1.0,1.0,0.832553,0.851056,0.428571,0.246824,0.2,0.333333,0.832553,1.0,1
0.916667,1.0,0.728176,0.139029,0.428571,0.838986,0.25,0.25,0.728176,1.0,0
1.0,0.4,0.790189,0.28108,1.0,0.450323,0.25,0.25,1.0,0.857143,1
0.5,0.2,0.923396,0.684868,0.0,0.215975,0.166667,0.416667,1.0,0.714286,1
0.833333,1.0,0.196352,0.230304,0.714286,0.13657,1.0,0.0,0.196352,1.0,0
0.833333,0.6,0.790818,1.0,0.571429,0.126677,0.25,0.25,1.0,1.0,1
0.666667,0.6,1.0,0.440661,0.0,0.363512,0.166667,0.416667,1.0,1.0,1
0.75,0.6,0.972704,0.31755,0.0,0.490673,0.142857,0.5,1.0,1.0,1
0.833333,0.6,0.614088,0.02841,0.857143,1.0,0.5,0.083333,1.0,0.857143,0
0.583333,0.6,0.884741,0.334917,0.666667,0.595823,1.0,0.0,1.0,0.666667,1
1.0,0.2,1.0,0.389813,0.0,0.578605,0.083333,0.916667,1.0,1.0,1
0.333333,0.4,0.511818,0.386909,0.333333,0.298363,1.0,0.0,1.0,0.5,1
1.0,0.2,0.534519,0.187648,1.0,0.642475,0.166667,0.416667,1.0,0.666667,1
0.75,1.0,0.925813,1.0,0.166667,0.208815,0.25,0.25,0.925813,1.0,0
0.333333,0.6,0.260356,0.249406,0.166667,0.23545,1.0,0.0,0.433926,0.5,0
0.75,0.4,0.860871,0.806545,1.0,0.24074,0.5,0.083333,1.0,0.666667,1
0.909091,1.0,1.0,1.0,0.75,0.142987,0.333333,0.181818,1.0,1.0,1
0.909091,1.0,0.350006,0.150845,1.0,0.331773,1.0,0.0,0.350006,1.0,1
0.909091,1.0,0.454203,0.410923,0.25,0.158047,0.142857,0.545455,0.454203,1.0,1
1.0,0.5,0.280499,0.307821,0.875,0.130296,0.25,0.272727,0.560998,1.0,1
1.0,0.75,0.361297,0.111325,1.0,0.45547,0.333333,0.166667,0.48173,1.0,1
0.666667,1.0,0.260505,0.026068,0.571429,1.0,1.0,0.0,0.260505,1.0,1
0.75,0.5,0.27634,0.03547,0.285714,1.0,0.166667,0.416667,0.55268,1.0,1
0.833333,0.25,1.0,1.0,0.142857,0.140342,0.111111,0.666667,1.0,1.0,1
0.75,0.5,0.383374,0.236752,0.0,0.227256,0.125,0.583333,0.766748,1.0,1
1.0,0.2,0.193951,0.038082,0.2,0.839545,0.090909,0.833333,0.969757,1.0,1
0.916667,0.6,0.825475,0.748139,0.6,0.181883,0.166667,0.416667,1.0,0.857143,1
0.583333,0.8,1.0,0.141077,0.4,1.0,0.5,0.083333,1.0,1.0,1
0.666667,0.2,0.853198,0.319543,0.0,0.440141,0.125,0.583333,1.0,1.0,1
0.583333,0.4,0.754699,0.051065,0.0,1.0,0.166667,0.416667,1.0,1.0,1
0.5,1.0,0.658826,0.633547,0.0,0.171421,0.5,0.083333,0.658826,1.0,0
0.833333,0.2,0.080542,0.0888,1.0,0.149513,0.2,0.333333,0.402709,0.857143,1
0.25,0.2,0.887535,1.0,0.2,0.146304,0.5,0.083333,1.0,0.714286,1
1.0,0.25,0.274372,0.207477,1.0,0.167696,0.2,0.333333,1.0,0.714286,1
0.833333,0.5,1.0,1.0,0.857143,0.12681,0.333333,0.166667,1.0,0.714286,1
1.0,0.75,0.675358,0.082216,0.714286,1.0,0.2,0.333333,0.900478,0.714286,0
0.916667,0.75,0.588912,0.289246,0.714286,0.258187,0.25,0.25,0.785217,0.714286,1
0.916667,0.25,0.461358,0.208073,1.0,0.281174,0.25,0.25,1.0,0.714286,1
1.0,1.0,0.13836,0.121686,0.142857,0.144186,0.125,0.583333,0.13836,1.0,0
0.333333,1.0,0.376791,0.300715,0.0,0.158891,1.0,0.0,0.376791,0.285714,1
0.333333,0.25,0.586211,0.548853,0.428571,0.135441,1.0,0.0,1.0,0.285714,1
0.583333,0.2,0.113869,0.059181,0.666667,0.416996,1.0,0.0,0.569347,0.666667,0
0.916667,0.2,0.568268,0.088421,0.333333,1.0,0.125,0.583333,1.0,1.0,1
1.0,1.0,0.859255,1.0,0.333333,0.186222,0.2,0.333333,0.859255,1.0,1
1.0,1.0,0.223853,0.334737,0.555556,0.144934,0.333333,0.166667,0.223853,1.0,0
0.833333,0.2,1.0,0.794152,1.0,0.272901,1.0,0.0,1.0,0.833333,1
0.833333,0.8,0.622234,0.07462,0.111111,1.0,0.166667,0.416667,0.777793,1.0,1
1.0,0.2,0.059471,0.056374,1.0,0.228631,0.333333,0.166667,0.297356,0.833333,1
1.0,0.6,1.0,0.507699,0.0,0.444826,0.1,0.75,1.0,1.0,1
1.0,0.8,0.053745,0.088542,0.833333,0.137084,0.25,0.25,0.067181,1.0,0
0.916667,0.2,0.590294,1.0,1.0,0.133311,0.2,0.333333,1.0,1.0,1
1.0,0.4,0.402286,0.132699,0.833333,0.684642,0.166667,0.416667,1.0,1.0,1
1.0,1.0,0.238344,0.283062,0.666667,0.19016,0.25,0.25,0.238344,1.0,1
0.666667,0.25,0.30026,0.130965,1.0,0.821644,1.0,0.0,1.0,0.6,0
0.583333,0.25,0.831998,1.0,0.285714,0.29817,0.2,0.333333,1.0,0.6,1
0.916667,0.25,1.0,0.576247,1.0,0.621918,0.25,0.25,1.0,0.6,1
0.916667,1.0,0.774129,0.106207,0.571429,1.0,0.25,0.25,0.774129,1.0,1
0.583333,0.25,0.820384,0.486903,0.714286,0.603832,0.5,0.083333,1.0,0.6,1
1.0,0.25,0.612135,0.602799,0.142857,0.363929,0.090909,0.833333,1.0,1.0,1
0.75,0.8,0.074785,0.090421,0.285714,0.203561,0.25,0.25,0.093481,1.0,0
0.416667,0.6,0.265889,0.150255,0.0,0.435536,0.333333,0.166667,0.443148,0.714286,0
1.0,0.8,0.35877,0.210893,0.857143,0.418702,0.333333,0.166667,0.448463,0.714286,1
0.75,0.8,1.0,0.722565,0.0,0.340624,0.166667,0.416667,1.0,1.0,1
0.75,0.4,0.389513,0.572042,1.0,0.167589,1.0,0.0,0.973782,0.714286,1
0.666667,0.2,0.320288,0.337805,0.0,0.23336,0.125,0.583333,1.0,1.0,1
0.75,1.0,0.611577,1.0,0.142857,0.150523,0.25,0.25,0.611577,1.0,0
0.25,0.2,0.204077,0.394151,0.285714,0.127434,1.0,0.0,1.0,0.714286,1
0.666667,0.6,0.11085,0.191223,0.6,0.138974,0.333333,0.166667,0.18475,1.0,0
1.0,1.0,1.0,0.616818,0.4,0.388672,0.166667,0.416667,1.0,1.0,1
0.416667,1.0,0.547807,0.488845,0.0,0.268656,1.0,0.0,0.547807,0.8,0
1.0,0.8,0.475406,0.670262,0.4,0.170044,0.142857,0.5,0.594258,1.0,0
0.833333,0.4,0.616321,1.0,1.0,0.147757,0.25,0.25,1.0,0.8,1
0.916667,1.0,0.790163,0.32557,0.0,0.581852,0.142857,0.5,0.790163,1.0,1
0.75,0.25,0.950487,1.0,1.0,0.180703,0.5,0.083333,1.0,1.0,1
0.666667,0.75,0.780162,0.153436,0.571429,0.966667,0.5,0.083333,1.0,1.0,1
1.0,0.5,1.0,0.813304,0.857143,0.233758,0.2,0.333333,1.0,1.0,1
0.833333,1.0,0.291632,0.267336,0.714286,0.207394,0.5,0.083333,0.291632,1.0,0
0.583333,1.0,0.363905,0.225415,0.0,0.226544,0.25,0.25,0.363905,0.833333,1
1.0,1.0,0.096464,0.035545,0.555556,0.380833,0.25,0.25,0.096464,1.0,0
1.0,0.25,0.977942,0.157435,1.0,0.871684,0.333333,0.166667,1.0,0.5,1
0.5,0.75,0.973404,1.0,0.333333,0.136597,1.0,0.0,1.0,0.666667,1
1.0,1.0,1.0,0.870113,0.0,0.161277,0.111111,0.666667,1.0,1.0,1
0.583333,0.75,0.921372,0.134034,0.222222,0.964641,0.333333,0.166667,1.0,0.833333,0
0.916667,0.25,0.313351,0.157435,0.666667,0.279304,0.2,0.333333,1.0,0.833333,1
0.833333,0.2,0.667477,0.241409,0.428571,0.482601,0.142857,0.5,1.0,1.0,1
0.833333,1.0,0.255712,0.289563,0.714286,0.154139,1.0,0.0,0.255712,1.0,0
1.0,0.4,0.621658,0.170556,1.0,0.636194,0.25,0.25,1.0,0.857143,1
0.666667,0.2,0.949927,0.860628,1.0,0.192655,1.0,0.0,1.0,0.857143,1
0.583333,0.4,1.0,1.0,0.714286,0.174544,1.0,0.0,1.0,0.714286,1
0.916667,0.4,0.660428,0.79423,0.857143,0.145139,0.25,0.25,1.0,1.0,1
0.916667,0.6,0.223262,0.184132,0.571429,0.211636,0.2,0.333333,0.372103,1.0,0
0.833333,0.8,0.383082,0.273017,0.428571,0.244911,0.25,0.25,0.478853,1.0,0
0.818182,1.0,0.602806,0.379982,0.5,0.443927,0.5,0.090909,0.602806,1.0,1
0.909091,0.5,0.083315,0.138148,1.0,0.168764,1.0,0.0,0.166631,1.0,0
0.818182,0.5,1.0,1.0,0.875,0.279832,1.0,0.0,1.0,1.0,1
1.0,0.25,0.090812,0.052143,1.0,0.487356,0.333333,0.181818,0.363247,1.0,1
0.8,0.2,0.355922,0.138789,1.0,0.34004,0.5,0.1,1.0,0.5,1
1.0,0.8,0.554629,0.201548,0.333333,0.364883,0.2,0.4,0.693286,1.0,1
0.6,1.0,0.523561,0.541471,0.0,0.12821,0.5,0.1,0.523561,0.833333,0
0.3,0.6,0.123645,0.056815,0.0,0.288564,1.0,0.0,0.206075,0.666667,0
0.8,0.2,0.374583,0.224081,0.666667,0.221653,0.25,0.3,1.0,0.833333,1
0.6,0.6,1.0,1.0,0.166667,0.132596,0.333333,0.2,1.0,0.833333,1
0.7,0.2,0.289512,0.295134,0.166667,0.13007,0.166667,0.5,1.0,1.0,1
0.75,0.8,0.757336,0.239609,0.5,0.494752,0.5,0.083333,0.94667,1.0,0
0.833333,1.0,0.187549,0.050995,0.125,0.575685,0.2,0.333333,0.187549,1.0,0
1.0,0.4,0.186991,0.212714,1.0,0.137603,0.333333,0.166667,0.467477,1.0,0
0.833333,1.0,1.0,1.0,0.375,0.156532,0.333333,0.166667,1.0,1.0,1
0.833333,0.2,0.292648,0.067586,0.875,0.677778,0.333333,0.166667,1.0,1.0,1
1.0,0.4,0.723753,0.205903,1.0,0.550212,0.333333,0.166667,1.0,1.0,1
1.0,0.4,0.099743,0.095529,0.875,0.163437,0.25,0.25,0.249358,1.0,0
0.833333,0.4,0.558072,0.111946,0.625,0.780343,0.25,0.25,1.0,1.0,1
0.818182,0.8,0.903209,0.057563,0.375,1.0,0.333333,0.181818,1.0,1.0,1
1.0,0.8,0.148065,0.126016,0.0,0.190535,0.125,0.636364,0.185082,1.0,0
0.909091,0.2,0.973137,1.0,1.0,0.157805,0.5,0.090909,1.0,0.428571,1
0.909091,0.4,0.45379,0.4586,0.375,0.16046,0.166667,0.454545,1.0,1.0,1
0.727273,0.6,0.177273,0.088505,0.625,0.324805,1.0,0.0,0.295455,0.714286,0
0.636364,1.0,0.823793,0.075194,0.25,1.0,1.0,0.0,0.823793,0.857143,0
0.545455,0.4,0.132289,0.053241,0.5,0.402922,1.0,0.0,0.330722,0.714286,0
0.363636,0.4,1.0,0.830078,0.25,0.195356,1.0,0.0,1.0,0.571429,1
0.636364,0.25,0.940917,0.041849,0.2,1.0,0.166667,0.454545,1.0,1.0,1
1.0,1.0,1.0,0.6396,0.0,0.39917,0.125,0.636364,1.0,1.0,1
0.818182,1.0,0.388257,0.54466,1.0,0.181995,1.0,0.0,0.388257,1.0,1
1.0,0.5,0.569664,1.0,0.0,0.14544,0.1,0.818182,1.0,1.0,1
0.916667,1.0,0.717927,0.223054,0.666667,0.490507,0.5,0.083333,0.717927,1.0,1
0.833333,0.25,1.0,0.417927,0.0,0.364648,0.1,0.75,1.0,1.0,1
1.0,0.25,0.903886,1.0,1.0,0.137749,0.333333,0.166667,1.0,0.833333,1
0.583333,0.75,0.960196,0.459003,0.222222,0.3188,0.333333,0.166667,1.0,0.666667,1
0.916667,0.5,0.131112,0.143767,0.222222,0.138981,0.125,0.583333,0.262223,1.0,1
1.0,1.0,0.229524,0.195033,0.666667,0.179347,0.333333,0.166667,0.229524,1.0,0
0.916667,0.25,0.857292,0.217641,0.777778,0.600293,0.25,0.25,1.0,0.833333,1
0.545455,1.0,0.64771,0.492908,0.5,0.433453,1.0,0.0,0.64771,1.0,0
1.0,0.75,0.280585,0.384752,1.0,0.240553,0.2,0.363636,0.374113,1.0,1
0.818182,0.75,0.062997,0.164894,0.75,0.126022,0.25,0.272727,0.083996,1.0,0
0.909091,1.0,0.78381,1.0,0.0,0.258546,0.142857,0.545455,0.78381,1.0,1
0.454545,1.0,1.0,0.556383,0.25,0.592862,1.0,0.0,1.0,1.0,1
0.833333,0.4,0.505574,0.231584,0.833333,0.439651,0.25,0.25,1.0,0.5,1
0.75,0.4,0.776275,0.569122,1.0,0.27469,0.5,0.083333,1.0,0.5,1
0.416667,0.2,1.0,1.0,0.166667,0.201387,0.25,0.25,1.0,0.5,1
0.416667,1.0,0.233496,0.137992,0.0,0.340768,1.0,0.0,0.233496,0.5,0
1.0,0.8,0.213203,0.340061,0.666667,0.126261,0.2,0.333333,0.266504,1.0,1
1.0,0.5,0.549634,0.142457,0.833333,0.529977,0.2,0.363636,1.0,1.0,1
0.636364,0.5,1.0,1.0,0.333333,0.137362,0.25,0.272727,1.0,1.0,1
0.909091,0.5,0.404513,0.023578,0.333333,1.0,0.142857,0.545455,0.809027,1.0,1
0.727273,0.75,0.279318,0.017972,0.666667,1.0,0.5,0.090909,0.372424,1.0,0
1.0,1.0,0.954147,0.795548,1.0,0.164746,0.5,0.090909,0.954147,1.0,1
0.833333,0.8,0.196295,0.248551,0.0,0.187239,0.142857,0.5,0.245369,1.0,0
0.916667,0.6,0.379727,0.238792,0.2,0.377011,0.125,0.583333,0.632879,1.0,0
0.75,0.2,0.444559,0.838975,0.0,0.125627,0.111111,0.666667,1.0,1.0,1
0.833333,1.0,0.917417,1.0,0.8,0.217505,0.5,0.083333,0.917417,1.0,1
0.75,0.4,0.80319,0.420555,0.2,0.452792,0.142857,0.5,1.0,1.0,1
0.666667,0.8,1.0,0.310461,0.8,0.763654,1.0,0.0,1.0,1.0,0
1.0,0.8,0.421147,0.460201,1.0,0.216965,0.25,0.25,0.526434,1.0,1
0.6,0.4,0.502352,0.238375,0.0,0.325308,0.2,0.4,1.0,0.8,0
0.6,0.6,0.753191,0.598099,0.285714,0.194393,0.5,0.1,1.0,0.8,1
1.0,0.6,0.458119,0.288678,1.0,0.24497,1.0,0.0,0.763531,0.4,0
1.0,1.0,1.0,1.0,0.571429,0.154365,0.5,0.1,1.0,0.8,1
0.3,0.2,0.260582,0.099049,0.285714,0.406108,1.0,0.0,1.0,0.6,1
0.9,0.4,0.549272,0.572515,0.0,0.148098,0.125,0.7,1.0,1.0,1
0.4,0.333333,1.0,1.0,0.285714,0.141515,0.5,0.1,1.0,0.333333,1
0.9,0.666667,0.128758,0.090272,0.428571,0.201848,0.2,0.4,0.193138,1.0,1
1.0,1.0,0.069921,0.066745,0.714286,0.14825,0.333333,0.2,0.069921,0.666667,1
0.9,0.666667,0.683056,0.055064,1.0,1.0,1.0,0.0,1.0,0.666667,1
1.0,0.2,0.410648,0.178303,1.0,0.418947,0.333333,0.166667,1.0,0.75,1
0.916667,1.0,0.432831,0.564189,0.0,0.139554,0.142857,0.5,0.432831,1.0,0
0.916667,0.8,1.0,0.220158,0.222222,0.826257,0.166667,0.416667,1.0,1.0,1
0.833333,1.0,0.703673,1.0,0.555556,0.128003,1.0,0.0,0.703673,1.0,1
0.5,0.8,0.442736,0.07226,0.222222,1.0,1.0,0.0,0.55342,0.75,0
0.833333,0.6,0.926366,1.0,1.0,0.255015,0.25,0.25,1.0,1.0,1
0.5,0.6,0.869096,0.254655,0.5,0.939505,0.5,0.083333,1.0,1.0,1
1.0,0.4,0.509,0.904505,0.75,0.154914,0.125,0.583333,1.0,1.0,1
0.666667,1.0,0.849569,0.041441,0.75,1.0,1.0,0.0,0.849569,1.0,0
0.75,1.0,1.0,0.151652,0.5,1.0,0.333333,0.166667,1.0,1.0,0
1.0,1.0,0.40744,0.441742,0.25,0.253909,0.142857,0.5,0.40744,1.0,0
0.5,0.4,0.247518,0.487087,0.75,0.139889,0.5,0.083333,0.618796,1.0,1
0.727273,0.8,0.344143,0.215044,0.4,0.312243,0.333333,0.181818,0.430179,1.0,0
1.0,1.0,0.382016,0.581195,0.0,0.128245,0.142857,0.545455,0.382016,1.0,0
0.818182,0.8,1.0,1.0,0.0,0.195111,0.166667,0.454545,1.0,1.0,1
0.727273,0.8,0.40991,0.598894,0.8,0.133543,1.0,0.0,0.512388,1.0,1
0.818182,0.2,0.55902,0.576327,1.0,0.189251,0.25,0.272727,1.0,1.0,1
1.0,0.8,0.833122,0.696545,1.0,0.277305,0.333333,0.181818,1.0,1.0,1
0.909091,1.0,0.636019,0.800196,1.0,0.184277,1.0,0.0,0.636019,1.0,0
0.636364,1.0,0.529734,0.845502,0.0,0.145258,0.333333,0.181818,0.529734,1.0,0
0.545455,0.8,1.0,1.0,0.0,0.231845,0.333333,0.181818,1.0,1.0,1
0.833333,0.5,0.656294,0.611479,0.666667,0.176988,0.2,0.333333,1.0,0.75,1
1.0,0.25,0.107232,0.068478,0.666667,0.258225,0.125,0.583333,0.428928,0.75,1
0.916667,0.75,0.088149,0.09494,1.0,0.153107,0.333333,0.166667,0.117532,0.75,0
0.25,0.25,0.921501,0.831754,0.0,0.182696,0.333333,0.166667,1.0,0.0,1
0.916667,1.0,1.0,1.0,0.666667,0.164903,0.25,0.25,1.0,0.75,1
1.0,0.75,0.81323,0.613116,1.0,0.179737,1.0,0.0,1.0,0.666667,1
0.9,1.0,0.155642,0.06838,0.714286,0.308434,1.0,0.0,0.155642,1.0,0
0.7,0.25,0.564932,0.096556,0.285714,0.792833,0.2,0.4,1.0,0.833333,1
1.0,1.0,0.134971,0.12638,0.571429,0.14472,0.333333,0.2,0.134971,1.0,0
0.8,0.25,0.640564,0.443401,0.857143,0.195764,0.5,0.1,1.0,1.0,0
0.8,0.5,0.969601,0.860109,0.857143,0.152759,1.0,0.0,1.0,1.0,1
0.7,0.75,1.0,1.0,0.285714,0.135508,0.333333,0.2,1.0,0.833333,1
0.9,1.0,0.630442,0.649622,0.333333,0.235285,0.25,0.3,0.630442,1.0,1
1.0,0.25,1.0,0.166247,0.5,1.0,0.142857,0.6,1.0,0.8,1
0.7,0.75,0.315013,0.245592,0.0,0.310974,0.2,0.4,0.420017,1.0,1
0.3,0.75,0.787429,1.0,0.0,0.190907,1.0,0.0,1.0,0.6,1
1.0,1.0,0.654442,0.580856,1.0,0.273157,1.0,0.0,0.654442,0.6,0
0.5,0.75,0.184104,0.347355,0.166667,0.128499,0.5,0.1,0.245472,0.8,0
0.833333,0.2,0.54976,0.485902,0.833333,0.16989,0.2,0.333333,1.0,1.0,1
0.583333,0.6,1.0,0.766447,0.166667,0.195913,0.25,0.25,1.0,1.0,1
0.75,0.4,0.142187,0.049969,1.0,0.427273,0.5,0.083333,0.355466,0.857143,0
0.833333,0.6,0.079387,0.056548,0.666667,0.210803,0.25,0.25,0.132311,1.0,0
0.833333,1.0,0.38671,0.417137,0.166667,0.139204,0.2,0.333333,0.38671,1.0,1
1.0,0.4,0.708429,0.470238,0.166667,0.226216,0.1,0.75,1.0,1.0,1
0.583333,0.6,0.216774,0.166197,0.333333,0.195853,0.333333,0.166667,0.361291,1.0,0
0.5,0.2,0.978719,1.0,0.166667,0.146961,0.2,0.333333,1.0,0.857143,1
1.0,1.0,0.817708,0.481096,0.666667,0.302918,0.333333,0.166667,0.817708,1.0,0
0.833333,0.25,1.0,0.186099,0.666667,0.957664,0.25,0.25,1.0,1.0,1
0.833333,0.75,0.963923,0.14897,0.777778,1.0,1.0,0.0,1.0,1.0,0
0.833333,0.25,0.135798,0.166855,1.0,0.145047,1.0,0.0,0.543191,0.8,1
1.0,1.0,0.729167,0.73285,0.111111,0.177325,0.125,0.583333,0.729167,1.0,1
0.666667,1.0,0.870173,1.0,0.222222,0.155083,0.333333,0.166667,0.870173,0.8,1
0.818182,1.0,0.62991,0.789315,0.285714,0.216433,0.333333,0.181818,0.62991,1.0,0
0.545455,0.4,0.830752,1.0,0.571429,0.225302,1.0,0.0,1.0,0.666667,1
1.0,0.6,0.514806,0.571573,0.142857,0.244268,0.125,0.636364,0.85801,1.0,1
0.909091,0.4,1.0,0.397513,1.0,0.682249,0.5,0.090909,1.0,0.666667,1
0.666667,0.2,0.383037,0.33007,0.75,0.177542,0.5,0.083333,1.0,0.571429,1
0.333333,0.2,0.724225,0.080186,0.25,1.0,0.5,0.083333,1.0,0.571429,1
0.833333,0.2,0.628238,0.470396,0.0,0.204328,0.1,0.75,1.0,1.0,1
0.833333,0.4,1.0,1.0,1.0,0.152991,1.0,0.0,1.0,0.428571,1
0.666667,1.0,0.261148,0.04087,0.375,0.977567,1.0,0.0,0.261148,0.714286,0
0.75,0.2,0.927273,0.044911,0.375,1.0,0.166667,0.416667,1.0,0.857143,1
1.0,0.8,0.133266,0.147475,0.75,0.138251,0.333333,0.166667,0.166582,0.714286,0
0.25,0.2,0.955206,0.308314,0.25,0.473992,1.0,0.0,1.0,0.285714,1
0.9,0.25,0.261057,0.200591,0.75,0.19869,0.333333,0.2,1.0,0.857143,1
1.0,1.0,0.335521,0.115328,0.5,0.44416,0.333333,0.2,0.335521,1.0,0
1.0,0.25,0.714839,0.717923,0.625,0.152014,0.2,0.4,1.0,1.0,1
1.0,1.0,1.0,1.0,0.5,0.15267,0.333333,0.2,1.0,1.0,0
1.0,1.0,0.422576,0.181863,0.75,0.354743,1.0,0.0,0.422576,0.857143,0
1.0,0.5,0.912192,0.810908,1.0,0.171738,1.0,0.0,1.0,0.857143,1
0.6,0.5,0.885182,0.163627,0.5,0.825904,1.0,0.0,1.0,0.428571,1
0.9,0.25,0.193156,0.209791,1.0,0.140564,1.0,0.0,0.772625,0.857143,1
0.5,1.0,0.832264,1.0,0.0,0.213775,0.5,0.083333,0.832264,0.8,1
1.0,1.0,0.362885,0.356245,0.166667,0.261647,0.142857,0.5,0.362885,1.0,0
0.916667,1.0,0.482432,0.613859,0.5,0.201866,0.25,0.25,0.482432,1.0,0
0.916667,0.8,1.0,0.921766,0.333333,0.27866,0.166667,0.416667,1.0,1.0,1
0.75,0.4,0.206244,0.397877,0.0,0.133146,0.125,0.583333,0.51561,1.0,0
1.0,0.8,0.235832,0.323833,1.0,0.187058,0.333333,0.166667,0.29479,0.8,1
0.727273,0.8,0.764965,0.136691,0.5,1.0,1.0,0.0,0.956207,0.75,0
1.0,1.0,1.0,1.0,0.625,0.31138,0.5,0.090909,1.0,1.0,1
1.0,0.4,0.999895,0.772727,1.0,0.40292,0.5,0.090909,1.0,0.25,1
0.727273,0.8,0.726843,0.682145,0.375,0.331783,0.5,0.090909,0.908554,0.75,0
0.545455,0.8,0.139572,0.307063,0.125,0.141534,0.5,0.090909,0.174464,0.75,1
0.833333,0.75,0.807192,0.395771,0.25,0.25984,0.166667,0.416667,1.0,1.0,1
0.916667,0.75,0.47953,0.123348,0.75,0.495286,0.333333,0.166667,0.639373,0.8,1
1.0,0.5,0.214246,0.167225,0.25,0.163224,0.111111,0.666667,0.428492,1.0,1
0.583333,1.0,0.620885,0.131806,0.0,0.600134,0.25,0.25,0.620885,0.8,0
0.333333,0.5,1.0,1.0,0.25,0.127401,1.0,0.0,1.0,0.6,1
0.916667,0.25,0.576625,0.543965,1.0,0.13505,0.333333,0.166667,1.0,0.6,1
0.833333,0.6,0.20566,0.204984,0.0,0.151199,0.125,0.583333,0.342766,1.0,0
0.5,1.0,0.626645,0.478062,0.0,0.19754,0.5,0.083333,0.626645,0.5,1
0.666667,1.0,0.922557,0.551948,0.428571,0.251892,1.0,0.0,0.922557,1.0,0
0.75,1.0,0.674392,0.271148,0.0,0.374822,0.2,0.333333,0.674392,1.0,0
1.0,0.4,0.828695,0.088628,1.0,1.0,0.25,0.25,1.0,0.833333,1
0.916667,0.4,0.835216,0.478413,1.0,0.263096,0.333333,0.166667,1.0,0.833333,1
0.666667,0.4,1.0,1.0,0.857143,0.150702,1.0,0.0,1.0,0.833333,1
0.416667,0.2,1.0,1.0,1.0,0.148543,1.0,0.0,1.0,0.75,1
0.5,0.4,0.289152,0.074244,0.5,0.578519,0.333333,0.166667,0.72288,1.0,1
1.0,1.0,0.721708,0.804033,0.0,0.133333,0.125,0.583333,0.721708,1.0,1
0.25,0.2,0.310379,0.184785,0.25,0.249504,0.5,0.083333,1.0,0.5,1
0.583333,0.8,0.997408,0.922273,0.75,0.160644,1.0,0.0,1.0,0.75,0
0.916667,0.8,0.792803,1.0,0.0,0.129906,0.125,0.583333,0.991004,1.0,1
1.0,1.0,0.147961,0.051086,1.0,0.474583,0.2,0.333333,0.147961,1.0,0
0.583333,0.8,1.0,0.103874,1.0,1.0,1.0,0.0,1.0,1.0,1
0.75,1.0,0.884386,0.435079,0.333333,0.333072,0.25,0.25,0.884386,1.0,0
0.333333,0.8,0.614315,0.751809,0.0,0.13389,1.0,0.0,0.767894,1.0,1
0.833333,0.2,0.155235,0.153682,0.666667,0.165512,0.125,0.583333,0.776176,1.0,0
0.666667,0.4,0.217199,0.184972,0.333333,0.192405,0.166667,0.416667,0.542998,1.0,0
0.916667,0.6,1.0,1.0,0.8,0.128312,0.2,0.333333,1.0,1.0,1
0.916667,1.0,0.210845,0.157291,0.6,0.172,0.25,0.25,0.210845,1.0,0
1.0,0.6,0.832132,0.100481,0.4,1.0,0.125,0.583333,1.0,1.0,1
0.916667,0.4,0.765359,0.183383,1.0,0.53552,0.2,0.333333,1.0,1.0,1
1.0,1.0,0.897768,1.0,0.0,0.186529,0.125,0.583333,0.897768,1.0,1
1.0,0.4,0.45185,0.619048,1.0,0.151653,0.2,0.333333,1.0,1.0,1
0.666667,0.4,0.114897,0.175647,0.166667,0.13591,0.166667,0.416667,0.287244,1.0,0
0.666667,0.4,1.0,0.98538,1.0,0.210852,1.0,0.0,1.0,1.0,1
0.916667,0.2,0.729996,0.592314,0.333333,0.256065,0.111111,0.666667,1.0,1.0,1
0.916667,0.6,0.232811,0.228279,1.0,0.211894,0.333333,0.166667,0.388018,1.0,1
0.833333,1.0,0.982811,0.710944,0.833333,0.287221,1.0,0.0,0.982811,1.0,0
0.583333,0.8,0.452855,0.639933,0.166667,0.14703,0.333333,0.166667,0.566069,1.0,0
0.833333,0.2,1.0,1.0,1.0,0.238797,1.0,0.0,1.0,0.333333,1
0.583333,0.6,0.161085,0.054197,0.444444,0.709756,1.0,0.0,0.268475,0.333333,0
0.25,0.2,0.187379,0.043952,0.222222,1.0,1.0,0.0,0.936895,0.333333,0
0.75,0.8,0.55494,0.848645,0.0,0.156153,0.166667,0.416667,0.693676,0.833333,1
1.0,0.4,0.950872,0.195638,0.777778,1.0,0.25,0.25,1.0,0.5,1
0.333333,0.6,0.478826,0.348645,0.111111,0.327962,1.0,0.0,0.798044,0.333333,0
1.0,1.0,0.603377,0.851619,0.444444,0.169189,0.25,0.25,0.603377,0.666667,1
0.454545,1.0,0.827112,0.309183,0.0,0.47154,1.0,0.0,0.827112,0.714286,1
1.0,1.0,0.227158,0.028456,0.625,1.0,0.5,0.090909,0.227158,0.857143,0
1.0,0.2,0.961415,1.0,1.0,0.169465,0.333333,0.181818,1.0,0.571429,1
0.545455,0.8,1.0,0.696065,0.25,0.253233,1.0,0.0,1.0,0.857143,0
0.545455,1.0,0.196016,0.073663,0.0,0.469041,0.5,0.090909,0.196016,0.857143,0
1.0,0.6,0.63728,0.850858,0.5,0.132021,0.2,0.363636,1.0,1.0,1
1.0,0.8,0.093313,0.087992,0.375,0.186927,0.2,0.363636,0.116642,1.0,0
1.0,0.6,0.430845,0.601615,0.5,0.126233,0.2,0.363636,0.718075,1.0,1
0.416667,0.4,1.0,1.0,0.2,0.200221,0.333333,0.166667,1.0,0.857143,1
1.0,1.0,0.084999,0.100583,0.8,0.1692,0.25,0.25,0.084999,1.0,0
1.0,0.8,0.363207,0.539932,0.6,0.134687,0.166667,0.416667,0.454009,1.0,0
0.833333,0.6,0.418366,0.666667,1.0,0.125649,0.333333,0.166667,0.697277,0.857143,0
0.75,0.4,0.447302,0.642527,0.8,0.139386,0.25,0.25,1.0,1.0,1
0.75,1.0,0.846981,0.630255,0.0,0.269071,0.2,0.333333,0.846981,1.0,1
1.0,0.6,0.371245,0.366124,0.0,0.203022,0.1,0.75,0.618741,1.0,1
0.833333,1.0,0.619612,0.771475,0.0,0.160808,0.166667,0.416667,0.619612,1.0,0
1.0,0.4,1.0,0.543656,1.0,0.292068,0.2,0.333333,1.0,1.0,1
1.0,1.0,0.098193,0.038133,0.666667,0.408879,0.25,0.25,0.098193,1.0,0
0.916667,1.0,0.44417,0.144868,0.666667,0.486839,0.333333,0.166667,0.44417,1.0,0
1.0,0.2,0.512849,0.360834,0.5,0.225679,0.111111,0.666667,1.0,1.0,1
0.833333,0.8,0.690495,0.104063,0.166667,1.0,0.166667,0.416667,0.863119,1.0,1
1.0,0.4,0.904837,1.0,0.0,0.143674,0.090909,0.833333,1.0,1.0,1
0.916667,0.8,0.377735,0.132929,1.0,0.451206,0.5,0.083333,0.472169,1.0,1
0.833333,0.8,0.32645,0.079651,0.0,0.650783,0.142857,0.5,0.408063,1.0,0
1.0,0.4,0.830194,0.211501,1.0,0.54266,0.333333,0.166667,1.0,0.666667,1
0.75,0.2,0.362171,0.325954,0.25,0.15361,0.142857,0.5,1.0,1.0,1
0.416667,1.0,1.0,1.0,0.0,0.138248,1.0,0.0,1.0,0.333333,1
0.833333,0.6,0.911169,0.368003,0.875,0.3423,1.0,0.0,1.0,0.666667,1
0.636364,0.6,0.829694,1.0,0.0,0.142952,0.2,0.363636,1.0,1.0,1
0.454545,1.0,0.590011,0.320612,0.0,0.317069,1.0,0.0,0.590011,1.0,0
0.909091,0.8,1.0,0.123132,0.666667,1.0,0.2,0.363636,1.0,1.0,1
1.0,0.4,0.20677,0.251845,1.0,0.141458,0.142857,0.545455,0.516926,1.0,1
0.727273,0.4,0.434333,0.467327,1.0,0.160131,0.25,0.272727,1.0,1.0,1
0.818182,1.0,0.615401,0.276148,0.666667,0.383963,0.333333,0.181818,0.615401,1.0,0
0.454545,0.6,0.412287,0.305851,0.666667,0.232254,1.0,0.0,0.687145,1.0,0
0.636364,1.0,0.516247,0.165257,0.666667,0.538235,1.0,0.0,0.516247,1.0,0
0.833333,0.2,0.502078,0.079137,0.6,0.856727,0.142857,0.5,1.0,1.0,1
0.916667,1.0,0.745978,0.601151,0.8,0.167568,0.333333,0.166667,0.745978,0.857143,0
0.333333,0.2,0.248801,0.1,0.2,0.335971,0.333333,0.166667,1.0,0.428571,1
0.583333,1.0,0.252637,0.173669,0.2,0.196437,0.5,0.083333,0.252637,1.0,0
0.916667,1.0,1.0,1.0,1.0,0.135036,0.5,0.083333,1.0,0.857143,1
0.5,0.4,0.49334,0.209353,0.8,0.318213,1.0,0.0,1.0,0.857143,1
1.0,1.0,0.287693,0.10705,0.4,0.362903,0.166667,0.416667,0.287693,1.0,0
1.0,0.2,0.857645,0.415827,0.8,0.278512,0.125,0.583333,1.0,0.857143,1
1.0,0.2,0.538402,0.869159,0.0,0.179088,0.083333,0.916667,1.0,1.0,1
0.833333,0.2,0.539516,0.763132,0.25,0.204392,0.125,0.583333,1.0,1.0,1
1.0,1.0,0.505295,1.0,0.0,0.146084,0.125,0.583333,0.505295,1.0,1
0.666667,0.6,1.0,0.180793,0.25,1.0,0.25,0.25,1.0,0.833333,1
0.75,0.4,0.366849,0.114405,0.875,0.927042,1.0,0.0,0.917122,1.0,1
0.916667,0.2,0.496377,0.174992,1.0,0.820074,0.333333,0.166667,1.0,0.666667,1
0.666667,0.4,0.17211,0.214631,0.375,0.231832,0.25,0.25,0.430275,0.833333,0
0.4,0.2,0.492101,0.761557,0.0,0.135432,0.25,0.3,1.0,0.571429,1
1.0,0.6,0.771543,0.765212,1.0,0.211323,1.0,0.0,1.0,0.714286,1
0.9,0.6,1.0,0.345302,0.142857,0.606974,0.166667,0.5,1.0,1.0,1
0.8,0.8,0.40911,0.644808,0.285714,0.132978,0.333333,0.2,0.511387,1.0,0
0.4,0.2,0.393106,0.57493,0.0,0.143306,0.25,0.3,1.0,0.571429,1
0.9,0.2,0.681473,1.0,0.714286,0.142829,0.25,0.3,1.0,0.714286,1
1.0,1.0,0.715942,0.9957,0.142857,0.150702,0.2,0.4,0.715942,1.0,0
0.9,0.4,0.828478,0.024511,0.857143,1.0,0.5,0.1,1.0,0.714286,1
0.636364,0.75,0.805901,0.270064,0.285714,0.572214,0.333333,0.181818,1.0,0.8,0
1.0,0.25,0.566077,0.805377,1.0,0.134778,0.25,0.272727,1.0,0.4,1
0.636364,0.5,1.0,0.739366,0.142857,0.259349,0.2,0.363636,1.0,0.8,1
1.0,0.75,0.487705,0.035714,0.857143,1.0,0.333333,0.181818,0.650274,0.8,1
0.545455,1.0,0.737261,1.0,0.142857,0.141372,0.5,0.090909,0.737261,0.6,1
0.909091,1.0,0.107042,0.040128,0.142857,0.5115,0.166667,0.454545,0.107042,1.0,0
0.272727,0.4,0.428766,0.112147,0.111111,0.849064,1.0,0.0,1.0,0.4,0
0.363636,0.6,0.79811,0.566799,0.111111,0.312711,1.0,0.0,1.0,0.4,1
0.909091,0.6,1.0,0.349965,0.555556,0.634577,0.333333,0.181818,1.0,0.6,1
1.0,0.2,0.807034,1.0,1.0,0.179226,0.5,0.090909,1.0,0.4,1
0.818182,0.6,0.176588,0.051527,0.444444,0.761086,0.333333,0.181818,0.294313,0.4,1
0.909091,1.0,0.384252,0.53952,0.222222,0.158168,0.25,0.272727,0.384252,1.0,0
0.416667,1.0,1.0,1.0,0.166667,0.639092,0.5,0.083333,1.0,0.333333,1
0.75,0.333333,0.231991,0.73642,0.333333,0.20133,0.142857,0.5,0.695973,1.0,1
1.0,0.333333,0.226418,0.845058,1.0,0.171233,0.166667,0.416667,0.679253,0.666667,1
0.916667,0.666667,0.423715,0.958148,1.0,0.282621,0.25,0.25,0.635572,0.666667,1
1.0,0.8,0.091471,0.051075,0.75,0.308333,0.2,0.363636,0.114339,1.0,0
0.818182,0.4,1.0,1.0,0.25,0.172164,0.142857,0.545455,1.0,1.0,1
0.909091,0.4,0.338195,0.182805,1.0,0.31851,0.2,0.363636,0.845488,1.0,0
1.0,0.6,0.462917,0.206001,0.0,0.38688,0.111111,0.727273,0.771529,1.0,1
1.0,0.8,0.581459,0.270483,0.0,0.370102,0.125,0.636364,0.726823,1.0,0
0.909091,0.8,0.73733,0.395403,0.5,0.321044,0.2,0.363636,0.921663,1.0,1
0.545455,0.4,0.899506,0.970206,0.5,0.159618,0.333333,0.181818,1.0,1.0,1
0.818182,1.0,0.187268,0.147691,0.75,0.2183,0.5,0.090909,0.187268,1.0,0
0.666667,1.0,0.296566,0.353544,0.5,0.184652,0.5,0.083333,0.296566,1.0,0
1.0,1.0,0.746699,0.336102,1.0,0.489044,0.333333,0.166667,0.746699,0.8,1
1.0,0.25,1.0,0.224252,0.666667,0.981605,0.125,0.583333,1.0,1.0,1
0.916667,0.25,0.576531,0.038483,0.5,1.0,0.125,0.583333,1.0,1.0,0
0.416667,0.75,0.943906,1.0,0.166667,0.20778,0.5,0.083333,1.0,0.8,1
0.75,1.0,0.606716,0.959302,0.0,0.139221,0.166667,0.416667,0.606716,1.0,1
0.3,0.5,0.540292,0.418857,0.111111,0.169388,1.0,0.0,1.0,0.333333,1
0.9,1.0,1.0,1.0,0.555556,0.131317,1.0,0.0,1.0,0.5,1
0.9,0.5,0.407619,0.229211,0.222222,0.233528,0.166667,0.5,0.815238,0.833333,1
1.0,0.25,0.29282,0.051234,1.0,0.750524,1.0,0.0,1.0,0.0,1
0.5,0.25,0.85119,0.459898,0.111111,0.243045,0.25,0.3,1.0,0.5,1
0.8,1.0,0.589419,0.275885,0.444444,0.280554,1.0,0.0,0.589419,0.666667,0
0.8,0.25,0.648555,0.219421,0.777778,0.388142,1.0,0.0,1.0,0.5,0
0.833333,0.6,0.887675,0.111669,1.0,1.0,1.0,0.0,1.0,1.0,0
0.833333,0.8,0.85911,1.0,0.571429,0.130696,0.333333,0.166667,1.0,1.0,0
0.75,0.6,0.841812,0.58795,0.714286,0.217815,0.5,0.083333,1.0,1.0,1
0.833333,1.0,0.733584,0.868075,0.714286,0.12856,1.0,0.0,0.733584,1.0,0
0.916667,0.6,1.0,0.028566,0.428571,1.0,0.166667,0.416667,1.0,1.0,1
0.75,0.4,0.966883,0.678324,0.571429,0.216845,0.25,0.25,1.0,1.0,1
1.0,0.4,0.640378,0.603186,0.0,0.16151,0.090909,0.833333,1.0,1.0,1
0.833333,0.8,0.349152,0.182825,0.714286,0.29053,0.5,0.083333,0.43644,1.0,0
1.0,0.75,0.972124,0.920262,0.125,0.236973,0.111111,0.666667,1.0,1.0,1
0.916667,0.75,0.080706,0.110868,0.25,0.1633,0.142857,0.5,0.107608,1.0,1
0.416667,1.0,1.0,1.0,0.125,0.224331,1.0,0.0,1.0,0.666667,1
0.916667,0.5,0.315886,0.117968,1.0,0.600694,0.5,0.083333,0.631771,0.666667,1
0.818182,0.8,1.0,1.0,0.125,0.127247,0.2,0.363636,1.0,1.0,1
1.0,0.8,0.20634,0.082803,0.375,0.317094,0.2,0.363636,0.257925,1.0,0
0.909091,0.4,0.41802,0.130078,1.0,0.408923,1.0,0.0,1.0,1.0,0
1.0,0.6,0.236263,0.160085,0.375,0.187798,0.166667,0.454545,0.393771,1.0,0
0.818182,1.0,0.90901,0.336589,0.25,0.34365,0.333333,0.181818,0.90901,1.0,1
0.909091,0.4,0.438487,0.202406,1.0,0.275664,1.0,0.0,1.0,1.0,0
0.583333,0.6,0.8233,1.0,0.125,0.152885,0.25,0.25,1.0,0.8,1
0.916667,0.8,0.900523,0.346601,0.625,0.482473,0.333333,0.166667,1.0,1.0,1
1.0,1.0,0.180084,0.210817,0.375,0.158627,0.2,0.333333,0.180084,1.0,0
0.5,0.4,0.171572,0.053133,0.25,0.599642,0.333333,0.166667,0.42893,0.8,1
0.75,0.8,0.691621,0.176538,0.625,0.727508,1.0,0.0,0.864527,1.0,0
1.0,0.4,1.0,0.910112,1.0,0.204039,0.333333,0.166667,1.0,0.6,1
0.75,0.2,0.086186,0.076,0.25,0.18032,0.142857,0.5,0.430931,1.0,1
0.666667,0.4,0.934376,0.151652,0.0,0.979702,0.142857,0.5,1.0,0.833333,1
0.583333,1.0,0.967844,1.0,0.25,0.153896,1.0,0.0,0.967844,0.833333,1
1.0,0.8,1.0,0.884696,0.75,0.179733,0.333333,0.166667,1.0,1.0,1
1.0,0.8,0.405119,0.462435,0.625,0.1393,0.25,0.25,0.506398,1.0,0
0.916667,0.4,0.253855,0.21287,1.0,0.189624,0.5,0.083333,0.634639,0.666667,0
0.916667,0.8,0.814394,0.165565,0.125,0.782143,0.142857,0.5,1.0,1.0,0
0.818182,0.75,0.909501,1.0,0.5,0.14034,0.25,0.272727,1.0,1.0,1
0.363636,0.75,0.225042,0.068608,0.166667,0.506132,1.0,0.0,0.300056,0.5,0
0.909091,1.0,0.611787,0.227832,1.0,0.414347,1.0,0.0,0.611787,0.666667,0
0.727273,0.25,0.930159,0.158738,0.166667,0.904179,0.142857,0.545455,1.0,1.0,1
0.818182,1.0,0.295512,0.208576,0.833333,0.218619,1.0,0.0,0.295512,0.833333,0
0.545455,0.5,1.0,0.82055,0.166667,0.18805,0.25,0.272727,1.0,0.833333,1
1.0,1.0,0.632131,0.631553,0.833333,0.154445,0.333333,0.181818,0.632131,0.833333,1
0.636364,0.6,0.939492,0.371274,0.6,0.482705,0.5,0.090909,1.0,1.0,0
0.454545,0.4,0.742659,0.865773,0.6,0.163632,1.0,0.0,1.0,0.857143,0
0.454545,0.8,0.752727,0.541508,0.2,0.265164,1.0,0.0,0.940908,0.857143,0
1.0,0.8,0.294044,0.397479,0.6,0.141117,0.2,0.363636,0.367555,1.0,1
0.818182,0.6,1.0,1.0,1.0,0.190758,0.5,0.090909,1.0,0.714286,1
0.818182,1.0,0.420512,0.394079,0.6,0.203553,0.5,0.090909,0.420512,1.0,0
0.818182,0.8,0.990457,0.821564,0.2,0.229973,0.2,0.363636,1.0,1.0,1
0.636364,0.6,0.305789,0.345469,0.4,0.168848,0.333333,0.181818,0.509648,1.0,0
0.727273,0.25,0.174804,0.152199,0.0,0.22587,0.125,0.636364,0.699216,1.0,1
0.727273,1.0,1.0,0.289662,0.285714,0.678935,0.333333,0.181818,1.0,1.0,1
0.909091,0.75,0.207002,0.046281,1.0,0.879602,1.0,0.0,0.276002,0.833333,0
1.0,1.0,0.937244,0.09003,0.714286,1.0,0.333333,0.181818,0.937244,1.0,1
1.0,0.25,0.457089,0.362192,1.0,0.248188,0.25,0.272727,1.0,0.833333,0
0.909091,1.0,0.446786,0.077826,0.428571,1.0,0.25,0.272727,0.446786,1.0,0
0.636364,0.5,0.910549,1.0,0.571429,0.17907,0.5,0.090909,1.0,0.666667,1
1.0,0.8,0.447188,0.126114,1.0,0.645369,0.333333,0.166667,0.558985,1.0,0
1.0,0.8,0.475906,0.186498,0.833333,0.464437,0.25,0.25,0.594882,1.0,0
0.666667,1.0,0.24225,0.337557,0.5,0.130616,1.0,0.0,0.24225,1.0,0
1.0,0.6,0.564451,0.640269,0.833333,0.160451,0.2,0.333333,0.940752,1.0,0
1.0,0.8,0.717611,0.825381,1.0,0.158239,0.333333,0.166667,0.897014,1.0,1
0.833333,0.2,1.0,0.063552,0.666667,1.0,0.166667,0.416667,1.0,1.0,1
0.666667,1.0,0.911998,1.0,0.166667,0.165987,0.333333,0.166667,0.911998,1.0,1
0.583333,0.333333,0.793277,0.400437,0.125,0.28446,0.166667,0.416667,1.0,0.857143,1
0.916667,0.666667,0.802413,0.129499,0.25,0.88974,0.125,0.583333,1.0,1.0,1
0.75,0.666667,0.3461,0.225866,0.75,0.22003,0.5,0.083333,0.51915,1.0,0
1.0,1.0,0.581049,0.412883,0.75,0.202077,0.25,0.25,0.581049,1.0,1
0.833333,0.666667,0.707309,0.643458,1.0,0.157841,1.0,0.0,1.0,0.714286,1
0.833333,0.333333,0.682127,0.753616,0.25,0.129971,0.125,0.583333,1.0,1.0,1
0.75,0.666667,1.0,1.0,0.75,0.143592,0.5,0.083333,1.0,1.0,1
0.583333,1.0,0.41122,0.458291,0.125,0.128844,0.25,0.25,0.41122,0.857143,0
0.916667,0.8,0.865988,0.774452,0.666667,0.220083,0.25,0.25,1.0,1.0,0
1.0,0.6,1.0,0.907269,1.0,0.216937,0.25,0.25,1.0,1.0,1
0.833333,0.8,0.667889,0.638161,0.833333,0.205988,0.5,0.083333,0.834861,1.0,0
0.833333,1.0,0.75723,0.968733,0.333333,0.153848,0.25,0.25,0.75723,1.0,0
1.0,1.0,0.955465,1.0,0.333333,0.188055,0.166667,0.416667,0.955465,1.0,1
0.636364,0.8,0.162598,0.075525,0.25,0.291741,0.5,0.090909,0.203247,0.833333,0
0.909091,0.4,0.502502,0.539797,0.5,0.126149,0.2,0.363636,1.0,1.0,1
1.0,0.8,1.0,1.0,0.625,0.135512,0.333333,0.181818,1.0,1.0,1
0.545455,1.0,0.098959,0.100475,0.0,0.133468,0.5,0.090909,0.098959,0.833333,0
1.0,0.2,0.810586,0.133559,1.0,0.822437,0.333333,0.181818,1.0,0.5,1
0.545455,0.8,0.754353,0.139797,0.25,0.731232,1.0,0.0,0.942941,0.833333,0
0.909091,0.2,0.277466,0.179661,0.625,0.209283,0.2,0.363636,1.0,1.0,1
1.0,1.0,0.586074,0.450351,1.0,0.177919,0.333333,0.166667,0.586074,1.0,0
0.666667,0.5,0.436636,0.094757,0.833333,0.629985,0.5,0.083333,0.873273,1.0,0
0.583333,1.0,0.503267,0.535003,0.166667,0.128607,0.333333,0.166667,0.503267,1.0,1
1.0,0.25,0.760364,0.044083,1.0,1.0,0.166667,0.416667,1.0,1.0,1
0.583333,0.5,1.0,0.101494,0.833333,1.0,1.0,0.0,1.0,1.0,1
0.833333,1.0,0.940546,1.0,0.833333,0.128588,0.5,0.083333,0.940546,1.0,1
1.0,1.0,0.906368,0.107408,0.833333,1.0,0.333333,0.166667,0.906368,1.0,0
0.75,0.6,1.0,1.0,1.0,0.191273,1.0,0.0,1.0,1.0,1
0.916667,1.0,0.277889,0.079597,0.166667,0.667771,0.166667,0.416667,0.277889,1.0,1
0.916667,0.4,0.888067,0.344522,1.0,0.493041,0.25,0.25,1.0,1.0,1
0.333333,0.6,0.889044,0.883073,0.0,0.126069,0.5,0.083333,1.0,0.8,1
0.5,0.8,0.135289,0.107742,0.111111,0.15724,0.5,0.083333,0.169112,0.8,0
0.833333,0.2,0.245314,0.040822,0.222222,0.7525,0.125,0.583333,1.0,1.0,1
0.833333,0.4,0.384911,0.265782,0.111111,0.181349,0.125,0.583333,0.962277,1.0,1
1.0,0.2,1.0,1.0,1.0,0.125222,0.333333,0.166667,1.0,0.6,1
0.916667,1.0,0.556177,0.136026,0.111111,0.512004,0.166667,0.416667,0.556177,1.0,1
1.0,0.2,0.376647,0.161061,1.0,0.300734,0.333333,0.166667,1.0,0.6,1
0.833333,0.6,0.619267,0.168812,0.444444,0.471751,0.25,0.25,1.0,1.0,0
0.916667,0.4,0.186025,0.040331,0.666667,0.59316,0.25,0.25,0.465063,1.0,0
0.916667,1.0,1.0,1.0,0.555556,0.1286,0.5,0.083333,1.0,1.0,1
0.75,0.4,0.320155,0.222412,0.0,0.185115,0.125,0.583333,0.800388,0.8,1
0.666667,0.8,0.538053,0.35247,0.111111,0.19631,0.25,0.25,0.672566,0.8,1
1.0,0.5,1.0,0.438356,0.666667,1.0,0.111111,0.666667,1.0,1.0,1
1.0,0.5,0.115903,1.0,1.0,0.15586,0.125,0.583333,0.231805,1.0,1
0.583333,1.0,0.133333,0.237443,0.0,0.755128,0.25,0.25,0.133333,1.0,1
0.916667,0.5,0.177589,0.564688,1.0,0.422911,0.142857,0.5,0.355178,1.0,1
0.833333,0.4,0.688382,0.271382,1.0,0.457578,1.0,0.0,1.0,0.75,0
0.916667,0.6,1.0,1.0,0.875,0.180392,0.5,0.083333,1.0,1.0,1
0.666667,0.6,0.946073,0.937106,0.25,0.182118,0.25,0.25,1.0,0.75,1
1.0,1.0,0.233321,0.028292,0.5,1.0,0.25,0.25,0.233321,1.0,0
1.0,0.8,0.147183,0.048749,0.375,0.544643,0.166667,0.416667,0.183979,1.0,1
1.0,1.0,0.918906,0.055477,1.0,1.0,0.333333,0.166667,0.918906,0.75,1
0.416667,0.25,0.337751,0.58647,0.5,0.134073,0.5,0.083333,1.0,0.75,1
0.666667,0.75,0.757933,1.0,0.666667,0.176451,0.5,0.083333,1.0,1.0,1
0.583333,0.75,0.728511,0.473818,0.5,0.357945,0.5,0.083333,0.971348,1.0,0
0.583333,0.5,1.0,0.805265,0.5,0.289104,0.333333,0.166667,1.0,1.0,1
0.5,1.0,0.27064,0.237658,0.0,0.225157,0.5,0.083333,0.27064,1.0,0
1.0,1.0,1.0,0.978417,1.0,0.202079,0.166667,0.416667,1.0,0.666667,1
0.666667,0.8,0.778795,1.0,1.0,0.153982,0.333333,0.166667,0.973494,0.666667,1
0.166667,0.4,0.524592,0.772513,0.0,0.134265,1.0,0.0,1.0,0.333333,1
0.666667,1.0,0.320441,0.375637,0.0,0.216961,0.25,0.25,0.320441,1.0,1
1.0,0.2,0.810922,0.649083,0.857143,0.317746,0.166667,0.416667,1.0,0.857143,1
0.5,0.8,0.156914,0.293068,0.0,0.136174,0.333333,0.166667,0.196142,0.714286,0
0.833333,0.6,1.0,1.0,1.0,0.254332,1.0,0.0,1.0,0.857143,1
1.0,0.4,0.086874,0.091233,0.571429,0.242179,0.142857,0.5,0.217184,1.0,0
0.916667,1.0,0.522345,0.524975,0.714286,0.253058,0.5,0.083333,0.522345,1.0,0
0.833333,0.6,0.447695,0.511978,0.428571,0.222399,0.2,0.333333,0.746159,1.0,1
0.75,0.8,0.989178,0.439093,0.714286,0.572954,1.0,0.0,1.0,1.0,0
1.0,1.0,0.671473,0.230985,0.555556,0.411659,0.333333,0.166667,0.671473,1.0,0
1.0,0.8,0.097283,0.060373,0.444444,0.228186,0.2,0.333333,0.121604,1.0,0
0.666667,0.4,0.311808,0.182302,0.555556,0.242208,0.5,0.083333,0.779519,0.75,1
1.0,0.2,1.0,1.0,1.0,0.14161,0.333333,0.166667,1.0,0.75,1
0.916667,1.0,0.697701,0.599882,0.555556,0.164702,0.5,0.083333,0.697701,1.0,1
0.583333,0.8,0.23474,0.080378,0.0,0.576157,0.25,0.25,0.293425,0.666667,1
1.0,0.2,0.807887,0.929062,1.0,0.171552,0.2,0.333333,1.0,0.666667,1
1.0,1.0,1.0,1.0,0.714286,0.197283,0.333333,0.166667,1.0,1.0,1
0.833333,0.8,0.612875,0.908467,0.714286,0.133092,0.5,0.083333,0.766094,1.0,0
0.909091,1.0,0.821097,0.172754,0.5,0.812156,0.333333,0.181818,0.821097,1.0,0
0.818182,0.4,0.362616,0.167093,0.5,0.37082,0.2,0.363636,0.906541,1.0,1
0.818182,0.2,0.63001,0.657414,0.166667,0.16375,0.125,0.636364,1.0,1.0,1
1.0,0.6,0.791493,1.0,0.666667,0.135245,0.2,0.363636,1.0,1.0,1
0.909091,0.8,0.744256,0.84076,1.0,0.15126,1.0,0.0,0.93032,1.0,0
0.909091,0.8,0.352463,0.457451,1.0,0.131657,1.0,0.0,0.440579,1.0,0
0.818182,0.6,1.0,0.53908,0.166667,0.316972,0.166667,0.454545,1.0,1.0,1
0.909091,0.2,0.921449,0.871622,0.666667,0.180641,0.166667,0.454545,1.0,1.0,1
0.833333,0.4,0.657773,0.842398,1.0,0.156762,0.5,0.083333,1.0,1.0,0
0.75,1.0,0.158645,0.119695,0.571429,0.266093,1.0,0.0,0.158645,1.0,0
0.916667,0.8,0.84197,0.816028,0.857143,0.207145,0.5,0.083333,1.0,1.0,1
0.833333,0.4,0.779579,1.0,0.571429,0.15651,0.2,0.333333,1.0,1.0,1
0.916667,0.6,0.343869,0.313762,0.714286,0.220026,0.25,0.25,0.573114,1.0,0
0.666667,1.0,0.252232,0.212608,0.0,0.238178,0.25,0.25,0.252232,1.0,0
0.833333,1.0,0.269266,0.171817,0.571429,0.314628,0.5,0.083333,0.269266,1.0,0
1.0,1.0,1.0,0.889988,0.142857,0.225579,0.142857,0.5,1.0,1.0,1
0.666667,0.8,0.855098,0.93913,0.285714,0.141358,0.333333,0.166667,1.0,1.0,1
0.833333,0.4,0.142724,0.080837,0.285714,0.274104,0.142857,0.5,0.356809,1.0,0
0.833333,0.2,0.616222,0.182448,1.0,0.52436,0.333333,0.166667,1.0,0.714286,1
0.75,1.0,0.685095,0.15475,0.285714,0.687305,0.333333,0.166667,0.685095,1.0,0
0.416667,1.0,0.400892,0.394847,0.0,0.157626,1.0,0.0,0.400892,0.857143,0
0.333333,0.8,0.749196,0.396457,0.0,0.293379,1.0,0.0,0.936495,0.714286,0
1.0,1.0,1.0,1.0,0.571429,0.15525,0.25,0.25,1.0,0.857143,1
1.0,0.2,0.463126,0.088406,0.285714,0.813297,0.1,0.75,1.0,1.0,1
0.909091,1.0,0.972742,0.194239,0.714286,0.706522,1.0,0.0,0.972742,1.0,0
0.909091,0.8,1.0,1.0,0.0,0.14108,0.142857,0.545455,1.0,1.0,1
1.0,1.0,0.516515,0.149148,0.428571,0.488574,0.25,0.272727,0.516515,1.0,0
0.727273,1.0,0.641475,0.373548,0.285714,0.242269,0.5,0.090909,0.641475,1.0,0
1.0,0.2,0.092998,0.027598,1.0,0.47541,0.25,0.272727,0.464992,0.857143,1
0.727273,0.8,0.73597,0.602322,0.571429,0.172384,1.0,0.0,0.919963,1.0,1
0.909091,0.6,0.446606,0.13467,0.857143,0.467861,0.5,0.090909,0.744343,1.0,0
0.636364,0.2,0.879743,0.382446,0.142857,0.324527,0.166667,0.454545,1.0,0.857143,1
0.583333,0.8,0.718959,1.0,0.111111,0.14937,0.333333,0.166667,0.898699,0.8,1
0.666667,0.6,0.272503,0.0218,0.0,1.0,0.166667,0.416667,0.454171,0.8,0
0.75,0.6,0.786956,0.356914,0.666667,0.458084,1.0,0.0,1.0,0.8,1
1.0,0.2,1.0,0.619577,1.0,0.335323,0.333333,0.166667,1.0,0.2,1
0.833333,0.4,0.73871,0.240863,0.111111,0.637178,0.125,0.583333,1.0,1.0,1
0.75,1.0,0.959058,0.930754,0.333333,0.214076,0.5,0.083333,0.959058,0.8,0
1.0,0.75,0.279507,0.106775,1.0,0.348966,0.25,0.25,0.372675,1.0,0
0.916667,1.0,0.423679,0.217968,0.0,0.259122,0.125,0.583333,0.423679,1.0,1
1.0,0.5,0.868717,0.679431,0.0,0.170448,0.090909,0.833333,1.0,1.0,1
1.0,1.0,0.533051,0.027491,0.5,1.0,0.166667,0.416667,0.533051,1.0,1
1.0,0.25,1.0,1.0,0.166667,0.133309,0.090909,0.833333,1.0,1.0,1
1.0,1.0,0.885899,0.570256,1.0,0.287598,0.333333,0.166667,0.885899,1.0,1
1.0,1.0,0.83792,0.465572,0.666667,0.333186,0.2,0.333333,0.83792,1.0,1
0.75,0.75,0.475355,0.078559,1.0,1.0,1.0,0.0,0.633807,1.0,0
0.916667,0.75,1.0,1.0,0.0,0.185128,0.111111,0.666667,1.0,1.0,1
0.916667,1.0,0.198367,0.026684,0.333333,1.0,0.166667,0.416667,0.198367,1.0,0
0.833333,0.75,0.226993,0.113267,1.0,0.371005,0.5,0.083333,0.302658,1.0,0
0.75,0.2,0.279603,0.1998,1.0,0.190242,1.0,0.0,1.0,1.0,1
0.75,1.0,1.0,0.916514,0.5,0.148327,1.0,0.0,1.0,1.0,0
0.75,0.4,0.131405,0.052825,0.875,0.33817,1.0,0.0,0.328512,1.0,0
0.916667,0.6,0.13116,0.067322,0.25,0.264851,0.142857,0.5,0.218599,1.0,1
1.0,0.2,0.590954,0.051158,0.0,1.0,0.083333,0.916667,1.0,1.0,1
0.833333,1.0,0.966658,1.0,0.375,0.131411,0.333333,0.166667,0.966658,1.0,1
0.833333,0.4,0.651017,0.30195,0.125,0.293102,0.125,0.583333,1.0,1.0,1
0.916667,0.8,0.897063,0.227543,1.0,1.0,0.5,0.083333,1.0,0.833333,1
0.5,1.0,0.754102,0.190344,0.166667,1.0,1.0,0.0,0.754102,0.5,1
1.0,0.4,1.0,0.851603,1.0,0.444656,0.2,0.333333,1.0,0.833333,1
0.666667,0.8,0.486153,0.823506,0.166667,0.223546,0.25,0.25,0.607692,1.0,0
0.666667,1.0,0.366705,1.0,0.0,0.13886,0.25,0.25,0.366705,1.0,0
0.75,0.8,0.213188,0.127424,0.333333,0.63354,0.25,0.25,0.266486,1.0,0
1.0,0.8,0.163862,0.370795,1.0,0.167343,0.333333,0.166667,0.204828,0.833333,0
1.0,0.25,0.940934,1.0,0.5,0.153702,0.125,0.583333,1.0,1.0,1
0.833333,0.5,0.457647,0.493642,1.0,0.151439,1.0,0.0,0.915293,0.6,1
0.666667,1.0,1.0,0.744577,0.0,0.219387,0.2,0.333333,1.0,0.8,1
1.0,1.0,0.305174,0.305909,0.625,0.162958,0.25,0.25,0.305174,1.0,0
1.0,0.75,0.383471,0.464099,0.125,0.134972,0.111111,0.666667,0.511294,1.0,1
0.5,0.25,0.443681,0.396036,0.5,0.183003,0.5,0.083333,1.0,0.8,1
0.636364,0.8,0.207909,0.026732,0.142857,1.0,0.333333,0.181818,0.259886,0.75,0
0.818182,0.4,0.871289,1.0,1.0,0.149736,1.0,0.0,1.0,0.75,1
0.818182,0.4,0.211743,0.243976,0.571429,0.149151,0.25,0.272727,0.529357,1.0,0
1.0,1.0,1.0,0.748682,0.428571,0.229545,0.25,0.272727,1.0,1.0,1
0.909091,0.8,0.413627,0.361822,0.428571,0.196462,0.25,0.272727,0.517034,1.0,0
1.0,0.5,1.0,1.0,1.0,0.125912,0.25,0.25,1.0,1.0,1
0.916667,0.5,0.339725,0.327488,0.285714,0.130617,0.125,0.583333,0.679451,1.0,1
0.666667,0.25,0.95105,0.236625,0.571429,0.506069,0.25,0.25,1.0,1.0,1
0.916667,1.0,0.835486,0.296861,0.714286,0.354366,0.333333,0.166667,0.835486,1.0,0
0.833333,0.5,0.936516,0.191384,0.0,0.616135,0.111111,0.666667,1.0,1.0,1
0.833333,1.0,0.918147,0.279959,0.857143,0.412937,1.0,0.0,0.918147,1.0,1
0.545455,0.2,0.13025,0.11079,0.714286,0.186252,1.0,0.0,0.65125,0.666667,1
0.909091,1.0,0.894241,0.074555,0.571429,1.0,0.5,0.090909,0.894241,1.0,0
0.727273,0.4,0.744763,0.583935,0.285714,0.202059,0.2,0.363636,1.0,1.0,1
0.727273,0.4,0.3445,0.098124,0.857143,0.556209,1.0,0.0,0.861249,0.666667,0
0.909091,0.6,0.48234,0.251243,0.714286,0.304148,0.333333,0.181818,0.8039,1.0,1
0.545455,0.4,0.566036,0.416546,0.571429,0.215281,1.0,0.0,1.0,0.666667,1
1.0,0.4,1.0,1.0,1.0,0.158426,0.333333,0.181818,1.0,0.666667,1
0.818182,1.0,0.546844,0.577257,0.111111,0.207023,0.25,0.272727,0.546844,0.8,0
0.818182,0.8,1.0,0.825344,0.444444,0.264782,0.5,0.090909,1.0,0.8,1
1.0,0.2,0.225528,0.266446,0.111111,0.184976,0.1,0.818182,1.0,1.0,1
0.909091,0.8,0.40707,0.598419,0.222222,0.148658,0.2,0.363636,0.508838,1.0,0
0.727273,0.8,0.584296,1.0,0.111111,0.12769,0.25,0.272727,0.73037,0.8,1
0.909091,0.2,0.412087,0.628251,1.0,0.143344,1.0,0.0,1.0,0.4,1
0.8,1.0,0.97569,0.087265,0.375,1.0,1.0,0.0,0.97569,0.666667,1
0.8,0.2,0.533728,0.419056,0.875,0.179323,1.0,0.0,1.0,0.333333,1
0.7,0.8,0.560885,0.128893,0.375,0.612679,1.0,0.0,0.701106,0.333333,0
1.0,0.4,1.0,1.0,1.0,0.140796,1.0,0.0,1.0,0.0,1
0.916667,0.4,0.503173,0.220617,1.0,0.387236,0.5,0.083333,1.0,0.8,0
0.75,0.8,0.444909,0.526445,0.125,0.143488,0.2,0.333333,0.556136,1.0,0
1.0,0.6,0.921402,0.795054,0.375,0.196766,0.142857,0.5,1.0,1.0,1
0.833333,0.8,0.977502,0.141528,0.625,1.0,0.5,0.083333,1.0,1.0,1
0.833333,1.0,0.302134,0.396915,0.125,0.129241,0.2,0.333333,0.302134,1.0,0
0.666667,1.0,1.0,1.0,0.125,0.169785,0.333333,0.166667,1.0,0.8,1
0.916667,0.8,1.0,0.616991,0.666667,0.378374,0.25,0.25,1.0,1.0,1
0.583333,0.8,0.169202,0.293976,0.5,0.134367,1.0,0.0,0.211503,1.0,0
0.666667,0.8,0.565173,0.99472,0.333333,0.132642,0.333333,0.166667,0.706466,1.0,0
0.416667,0.6,0.389597,0.667147,0.166667,0.136331,0.5,0.083333,0.649328,0.571429,1
0.75,0.4,0.412726,0.100792,0.833333,0.955952,0.333333,0.166667,1.0,0.857143,0
0.833333,1.0,0.709396,0.915767,0.833333,0.180844,1.0,0.0,0.709396,0.857143,0
0.833333,0.2,0.690378,0.473722,1.0,0.340223,0.25,0.25,1.0,0.857143,1
1.0,0.8,0.829975,1.0,0.5,0.19376,0.166667,0.416667,1.0,1.0,1
1.0,0.8,0.066696,0.259299,0.571429,0.12541,0.2,0.333333,0.08337,1.0,0
0.75,0.6,0.204119,0.150372,0.285714,0.661837,0.2,0.333333,0.340199,1.0,0
0.666667,0.6,0.723518,0.766738,0.571429,0.460083,0.5,0.083333,1.0,1.0,0
0.583333,0.4,0.72221,0.284803,0.428571,1.0,0.333333,0.166667,1.0,0.857143,0
0.583333,0.4,0.877942,0.528693,0.571429,0.809648,0.5,0.083333,1.0,0.857143,1
1.0,1.0,1.0,1.0,0.714286,0.487566,0.333333,0.166667,1.0,1.0,1
0.833333,0.2,0.705645,0.698193,0.428571,0.49277,0.142857,0.5,1.0,1.0,1
1.0,0.4,0.814407,0.098831,1.0,1.0,0.25,0.25,1.0,0.714286,1
1.0,0.75,0.675079,0.166073,0.4,0.581688,0.166667,0.5,0.900105,1.0,1
0.5,0.5,1.0,1.0,0.6,0.143098,1.0,0.0,1.0,0.666667,1
1.0,1.0,0.124689,0.02661,1.0,0.670536,0.5,0.1,0.124689,0.666667,0
0.7,1.0,0.162212,0.15942,0.4,0.145604,0.5,0.1,0.162212,1.0,0
1.0,0.75,0.648954,0.157631,0.714286,1.0,0.25,0.272727,0.865272,1.0,1
0.909091,1.0,0.761673,0.427139,0.0,0.52898,0.142857,0.545455,0.761673,1.0,1
0.727273,0.25,0.581449,0.410843,0.571429,0.419832,0.25,0.272727,1.0,1.0,1
0.909091,0.5,0.059793,0.056409,1.0,0.314444,0.5,0.090909,0.119586,1.0,0
0.909091,0.75,1.0,1.0,0.857143,0.296647,0.5,0.090909,1.0,1.0,1
1.0,0.2,0.422923,0.398568,1.0,0.494491,0.5,0.090909,1.0,0.333333,1
0.727273,0.4,0.496774,0.488305,0.555556,0.474096,0.5,0.090909,1.0,0.666667,1
0.909091,0.8,1.0,1.0,0.333333,0.466014,0.25,0.272727,1.0,1.0,1
0.727273,1.0,0.974291,0.387112,0.0,1.0,0.25,0.272727,0.974291,0.666667,1
1.0,0.2,0.406956,0.445969,0.428571,0.303308,0.125,0.636364,1.0,1.0,1
0.727273,0.6,0.294974,0.661407,0.142857,0.148237,0.2,0.363636,0.491623,1.0,0
0.454545,0.2,0.629374,0.953688,0.142857,0.219353,0.25,0.272727,1.0,0.75,1
0.727273,1.0,1.0,1.0,0.285714,0.332384,0.5,0.090909,1.0,1.0,1
0.818182,0.4,0.555991,0.880961,1.0,0.209774,1.0,0.0,1.0,0.75,1
0.636364,1.0,0.896648,0.894685,0.5,0.177898,1.0,0.0,0.896648,0.75,1
1.0,1.0,0.492737,0.170567,1.0,0.512791,0.333333,0.181818,0.492737,0.75,0
1.0,0.2,0.881564,0.202896,0.5,0.771261,0.111111,0.727273,1.0,0.75,1
0.181818,0.4,0.931061,0.855415,0.0,0.193207,1.0,0.0,1.0,0.0,1
0.909091,0.8,1.0,1.0,0.5,0.177509,0.2,0.363636,1.0,0.75,1
1.0,0.75,1.0,1.0,0.625,0.458874,0.2,0.333333,1.0,1.0,1
0.833333,1.0,0.265053,0.821998,0.75,0.147964,1.0,0.0,0.265053,1.0,1
1.0,0.25,0.07434,0.188098,1.0,0.181356,0.25,0.25,0.29736,1.0,0
0.916667,0.25,0.239,0.243889,1.0,0.449673,0.333333,0.166667,0.955998,1.0,0
0.583333,1.0,0.186124,0.225913,0.333333,0.153396,1.0,0.0,0.186124,1.0,0
1.0,0.8,0.740219,1.0,0.666667,0.137821,0.2,0.333333,0.925274,1.0,1
0.666667,1.0,0.391654,0.239122,0.0,0.304955,0.25,0.25,0.391654,1.0,1
0.833333,0.8,0.19374,0.203768,1.0,0.177026,1.0,0.0,0.242175,1.0,0
0.833333,0.8,1.0,0.509713,1.0,0.365282,1.0,0.0,1.0,1.0,0
0.75,0.8,0.711737,0.702991,0.0,0.188505,0.166667,0.416667,0.889671,1.0,1
1.0,0.5,0.540258,0.129602,0.714286,1.0,0.166667,0.416667,1.0,1.0,1
1.0,1.0,0.453438,0.666792,0.142857,0.17831,0.125,0.583333,0.453438,1.0,1
1.0,0.75,1.0,1.0,1.0,0.262209,0.333333,0.166667,1.0,1.0,1
0.75,0.75,0.58596,0.573629,0.571429,0.267845,0.333333,0.166667,0.78128,1.0,1
0.75,0.75,0.147994,0.230278,0.428571,0.168515,0.25,0.25,0.197326,1.0,0
1.0,0.75,0.713525,0.679054,1.0,0.28893,0.333333,0.166667,0.951367,0.4,1
0.5,1.0,0.643289,0.115991,0.285714,1.0,1.0,0.0,0.643289,0.4,1
0.666667,0.5,0.200471,0.237613,0.857143,0.231991,1.0,0.0,0.400942,0.4,1
1.0,0.25,1.0,1.0,0.0,0.274972,0.083333,0.916667,1.0,1.0,1
0.166667,0.25,0.468414,0.325169,0.142857,0.396104,1.0,0.0,1.0,0.2,1
0.5,0.25,0.192178,0.168919,0.285714,0.312833,0.25,0.25,0.768711,0.4,1
1.0,0.8,1.0,1.0,0.8,0.138205,0.2,0.333333,1.0,1.0,1
0.75,0.2,0.684597,0.641321,0.0,0.147531,0.111111,0.666667,1.0,1.0,1
0.75,0.2,0.691092,0.468247,0.8,0.203978,0.2,0.333333,1.0,1.0,1
0.916667,0.8,0.366377,0.288569,1.0,0.175469,0.333333,0.166667,0.457971,1.0,0
0.916667,0.4,0.264428,0.056732,0.8,0.644179,0.166667,0.416667,0.661071,1.0,0
0.833333,0.8,0.952824,0.102286,0.0,1.0,0.142857,0.5,1.0,1.0,0
1.0,1.0,0.912143,0.486876,0.2,0.258922,0.142857,0.5,0.912143,1.0,1
0.666667,0.4,0.861659,0.539373,1.0,0.220785,0.5,0.083333,1.0,1.0,1
0.916667,0.5,0.275691,0.337206,1.0,0.12572,0.5,0.083333,0.551382,0.833333,1
0.916667,1.0,0.64628,0.451146,0.75,0.220282,0.5,0.083333,0.64628,0.833333,0
1.0,0.25,1.0,1.0,1.0,0.153771,0.25,0.25,1.0,0.833333,1
0.833333,0.25,0.281176,0.270051,0.375,0.160106,0.142857,0.5,1.0,1.0,1
0.5,0.5,0.291214,0.056174,0.125,0.797167,0.25,0.25,0.582428,0.333333,1
0.75,0.5,0.481217,0.471197,0.875,0.157042,1.0,0.0,0.962434,0.833333,1
0.833333,0.75,0.920625,0.605983,0.5,0.233613,0.25,0.25,1.0,1.0,1
1.0,1.0,0.603983,0.047751,0.833333,1.0,0.333333,0.166667,0.603983,1.0,0
1.0,1.0,0.747177,0.051269,0.5,1.0,0.2,0.333333,0.747177,1.0,1
0.583333,0.2,0.859474,1.0,0.5,0.21043,0.25,0.25,1.0,1.0,1
0.583333,0.2,1.0,0.672782,1.0,0.363915,1.0,0.0,1.0,1.0,1
1.0,0.2,0.502669,0.446343,0.333333,0.275732,0.1,0.75,1.0,1.0,1
0.636364,0.6,0.62428,1.0,0.571429,0.163516,1.0,0.0,1.0,0.666667,0
1.0,0.6,0.459315,0.696055,1.0,0.172841,0.5,0.090909,0.765524,0.333333,1
0.454545,0.2,0.418478,0.656606,0.571429,0.166935,1.0,0.0,1.0,0.666667,1
0.363636,0.8,0.381078,0.145883,0.0,0.684211,1.0,0.0,0.476347,0.166667,1
0.909091,0.8,1.0,0.60736,0.142857,0.431255,0.166667,0.454545,1.0,1.0,1
1.0,1.0,0.153139,0.117024,0.571429,0.34276,0.333333,0.181818,0.153139,0.833333,0
0.636364,0.6,0.284342,0.460418,0.571429,0.16176,1.0,0.0,0.473904,0.666667,0
0.916667,0.4,0.672588,1.0,0.625,0.172642,0.2,0.333333,1.0,1.0,1
0.75,0.6,0.426726,0.416839,0.625,0.262772,0.5,0.083333,0.71121,1.0,0
0.833333,0.4,1.0,0.803109,1.0,0.319613,1.0,0.0,1.0,0.714286,1
0.916667,0.2,0.642713,0.68886,0.875,0.239489,0.25,0.25,1.0,0.857143,1
0.666667,0.2,0.562778,0.123575,0.5,1.0,0.25,0.25,1.0,0.857143,1
0.583333,0.2,0.257267,0.027202,0.0,1.0,0.142857,0.5,1.0,0.714286,1
1.0,1.0,0.831752,0.617876,0.625,0.345535,0.333333,0.166667,0.831752,1.0,0
0.916667,0.8,0.169762,0.027461,0.75,1.0,0.5,0.083333,0.212202,1.0,0
0.416667,0.8,0.530921,0.435647,0.125,0.298639,1.0,0.0,0.663651,0.857143,0
0.833333,0.8,0.620356,0.892942,0.375,0.170242,0.25,0.25,0.775445,1.0,0
1.0,0.8,0.602687,0.248221,0.5,0.594982,0.2,0.333333,0.753358,1.0,0
0.916667,0.2,1.0,1.0,1.0,0.245047,0.333333,0.166667,1.0,0.714286,1
0.75,1.0,0.062205,0.033215,0.375,0.458929,0.5,0.083333,0.062205,1.0,0
0.583333,0.8,0.77018,0.662218,0.125,0.284998,0.333333,0.166667,0.962725,0.857143,1
1.0,1.0,0.467264,0.304567,0.5,0.375949,0.25,0.25,0.467264,1.0,0
0.75,1.0,0.595546,0.955813,0.125,0.152684,0.25,0.25,0.595546,1.0,1
0.909091,1.0,1.0,0.591395,1.0,0.352205,1.0,0.0,1.0,0.75,1
1.0,0.25,0.290133,0.338832,0.833333,0.178355,0.166667,0.454545,1.0,0.75,1
0.363636,0.75,0.478061,0.775301,0.0,0.128436,0.5,0.090909,0.637414,0.25,1
0.909091,1.0,0.728917,1.0,0.666667,0.151828,0.333333,0.181818,0.728917,0.75,0
0.636364,1.0,0.254816,0.050156,0.0,1.0,0.25,0.272727,0.254816,1.0,1
0.833333,0.8,0.986453,0.116187,0.222222,1.0,0.2,0.333333,1.0,1.0,1
0.583333,0.4,0.459413,0.182365,0.111111,0.444021,0.2,0.333333,1.0,0.857143,1
1.0,0.2,0.261653,0.35721,1.0,0.129105,0.333333,0.166667,1.0,0.285714,1
0.666667,0.4,1.0,0.112051,0.0,1.0,0.142857,0.5,1.0,0.857143,1
0.583333,0.4,0.133973,0.156608,0.555556,0.15078,1.0,0.0,0.334933,0.857143,0
0.916667,0.8,0.990293,1.0,0.333333,0.174544,0.2,0.333333,1.0,1.0,1
0.583333,1.0,0.911467,0.397443,0.222222,0.40421,1.0,0.0,0.911467,0.857143,0
0.583333,0.2,0.239253,0.121451,0.0,0.347214,0.142857,0.5,1.0,0.857143,0
0.666667,0.75,0.233479,0.126616,0.333333,0.299203,0.25,0.25,0.311305,1.0,0
1.0,0.25,0.246049,0.055735,0.5,0.716304,0.111111,0.666667,0.984194,1.0,1
0.416667,1.0,0.965899,1.0,0.166667,0.156725,1.0,0.0,0.965899,0.833333,1
0.666667,0.25,1.0,0.427908,0.333333,0.379188,0.166667,0.416667,1.0,1.0,1
0.916667,0.5,0.955943,0.73647,0.0,0.210611,0.1,0.75,1.0,1.0,1
0.833333,1.0,0.782203,0.199313,1.0,0.636778,1.0,0.0,0.782203,0.833333,0
0.916667,1.0,0.786683,0.784532,0.333333,0.162703,0.166667,0.416667,0.786683,1.0,1
0.7,0.8,0.761528,0.330503,0.0,0.311132,0.25,0.3,0.95191,1.0,0
0.8,0.2,0.847694,0.460377,1.0,0.248634,0.333333,0.2,1.0,1.0,1
0.6,0.6,1.0,1.0,0.4,0.135031,0.5,0.1,1.0,1.0,1
1.0,1.0,0.902422,0.566667,0.4,0.215039,0.25,0.3,0.902422,1.0,1
1.0,0.2,0.073362,0.039282,1.0,0.275641,0.333333,0.166667,0.366811,0.8,1
0.916667,1.0,0.405027,0.348498,0.0,0.171532,0.142857,0.5,0.405027,1.0,0
0.75,0.8,0.714854,0.26557,0.444444,0.397282,0.5,0.083333,0.893568,0.8,0
1.0,1.0,0.920496,0.448212,0.444444,0.303109,0.25,0.25,0.920496,1.0,1
1.0,0.2,1.0,1.0,0.888889,0.147591,0.25,0.25,1.0,1.0,1
0.833333,0.8,0.892061,0.591405,0.222222,0.222623,0.2,0.333333,1.0,1.0,1
0.7,0.25,0.8974,0.166032,1.0,0.729809,1.0,0.0,1.0,0.666667,1
0.5,0.25,0.634242,0.307953,0.5,0.278091,0.5,0.1,1.0,0.666667,1
0.9,1.0,0.35448,0.377115,0.5,0.126921,0.333333,0.2,0.35448,1.0,0
1.0,1.0,1.0,1.0,0.166667,0.135025,0.166667,0.5,1.0,1.0,1
0.75,0.6,1.0,0.059487,1.0,1.0,0.333333,0.166667,1.0,1.0,0
0.666667,0.8,0.532768,0.749417,0.5,0.125473,0.333333,0.166667,0.66596,1.0,0
0.75,1.0,0.889525,1.0,1.0,0.156998,1.0,0.0,0.889525,1.0,1
0.833333,1.0,0.615266,0.415435,0.25,0.261394,0.2,0.333333,0.615266,1.0,0
0.666667,0.6,0.194625,0.256415,0.25,0.133965,0.2,0.333333,0.324375,1.0,0
1.0,1.0,0.833242,0.187208,0.0,0.785566,0.125,0.583333,0.833242,1.0,1
0.625,1.0,1.0,1.0,0.0,0.1596,0.25,0.375,1.0,0.666667,1
1.0,1.0,0.061111,0.034822,1.0,0.280093,1.0,0.0,0.061111,0.666667,1
0.875,1.0,0.284848,0.280832,0.5,0.161883,0.333333,0.25,0.284848,1.0,1
0.875,0.5,0.662424,0.044172,0.666667,1.0,0.333333,0.25,1.0,1.0,1
0.9,0.8,1.0,0.616863,0.8,0.368141,0.5,0.1,1.0,1.0,0
0.8,1.0,0.087633,0.092994,0.4,0.214,0.5,0.1,0.087633,1.0,0
1.0,1.0,0.627218,0.703348,0.4,0.202512,0.25,0.3,0.627218,1.0,0
0.7,0.4,0.910046,1.0,1.0,0.206665,1.0,0.0,1.0,1.0,1
0.5,0.5,0.312281,0.100402,0.5,0.542476,0.5,0.083333,0.624561,0.75,1
0.75,1.0,1.0,0.508701,0.833333,0.342857,1.0,0.0,1.0,0.75,0
0.416667,1.0,0.762829,0.229681,0.166667,0.579267,1.0,0.0,0.762829,0.25,1
1.0,0.25,0.755154,0.761522,0.833333,0.172953,0.142857,0.5,1.0,0.75,1
0.916667,1.0,0.766996,1.0,1.0,0.133773,0.5,0.083333,0.766996,0.5,1
0.833333,0.8,0.176282,0.089823,0.5,0.433498,0.2,0.333333,0.220353,1.0,0
0.666667,0.2,0.870793,0.786283,0.25,0.244626,0.142857,0.5,1.0,1.0,1
1.0,0.4,0.254808,0.209513,0.0,0.268638,0.090909,0.833333,0.637019,1.0,1
0.666667,1.0,0.428686,0.518363,0.5,0.182672,0.5,0.083333,0.428686,1.0,0
0.666667,0.6,0.330629,0.299336,0.0,0.243976,0.166667,0.416667,0.551048,1.0,0
0.75,0.6,0.848157,1.0,0.25,0.187345,0.166667,0.416667,1.0,1.0,1
0.833333,1.0,1.0,0.295354,1.0,0.747865,0.5,0.083333,1.0,1.0,1
0.75,1.0,0.718249,0.704867,1.0,0.225078,1.0,0.0,0.718249,1.0,0
0.666667,0.4,0.196602,0.084476,0.571429,0.348675,0.333333,0.166667,0.491505,1.0,0
1.0,1.0,1.0,0.369231,0.714286,0.405758,0.333333,0.166667,1.0,1.0,1
0.833333,0.6,0.843353,1.0,0.428571,0.12635,0.2,0.333333,1.0,1.0,1
0.666667,0.6,0.398618,0.176224,0.714286,0.338889,1.0,0.0,0.664364,1.0,0
1.0,0.4,0.841113,0.972028,1.0,0.12964,0.25,0.25,1.0,1.0,1
0.666667,0.4,0.747573,0.302378,0.142857,0.370398,0.166667,0.416667,1.0,1.0,1
1.0,0.25,1.0,1.0,0.875,0.137241,0.2,0.333333,1.0,0.8,1
0.333333,0.25,0.41388,0.251313,0.125,0.226018,0.333333,0.166667,1.0,0.2,1
1.0,0.25,0.545427,0.027785,1.0,1.0,0.25,0.25,1.0,0.8,0
0.75,1.0,0.362107,0.382499,0.125,0.129924,0.2,0.333333,0.362107,1.0,1
1.0,0.75,0.929392,0.077689,0.75,1.0,0.25,0.25,1.0,0.8,1
0.916667,0.75,0.533441,0.492535,0.625,0.148639,0.25,0.25,0.711254,0.8,1
0.545455,0.8,0.117336,0.113825,0.0,0.164807,0.333333,0.181818,0.146669,0.6,0
1.0,0.4,0.490935,0.133529,1.0,0.587805,0.333333,0.181818,1.0,0.4,1
0.181818,0.4,0.457323,0.080443,0.0,0.908907,1.0,0.0,1.0,0.4,1
0.818182,1.0,0.586678,0.269826,0.142857,0.347616,0.25,0.272727,0.586678,1.0,1
1.0,0.4,1.0,1.0,1.0,0.159876,0.333333,0.181818,1.0,0.4,1
0.545455,0.2,0.274496,0.297509,0.285714,0.14751,0.25,0.272727,1.0,0.4,1
0.916667,0.4,0.667799,0.869184,0.833333,0.181754,0.2,0.333333,1.0,1.0,1
0.75,1.0,0.835856,0.358587,0.5,0.551427,0.5,0.083333,0.835856,1.0,1
0.833333,1.0,0.11245,0.078685,0.333333,0.33808,0.25,0.25,0.11245,1.0,0
1.0,0.2,1.0,1.0,1.0,0.236565,0.166667,0.416667,1.0,1.0,1
0.666667,0.2,0.36783,0.092814,0.833333,0.937533,0.333333,0.166667,1.0,1.0,1
1.0,0.8,0.106317,0.096454,1.0,0.175488,0.333333,0.166667,0.132896,1.0,0
0.916667,0.8,0.985365,0.161213,0.833333,0.973114,0.333333,0.166667,1.0,1.0,1
0.583333,0.2,0.328527,0.072126,0.666667,0.725178,0.333333,0.166667,1.0,1.0,1
0.833333,1.0,0.436458,0.527326,0.333333,0.131774,0.25,0.25,0.436458,1.0,0
0.583333,1.0,0.303454,0.312318,0.166667,0.15469,0.5,0.083333,0.303454,1.0,0
0.916667,0.8,1.0,0.704471,0.0,0.225997,0.125,0.583333,1.0,1.0,1
0.833333,0.6,0.896158,1.0,0.5,0.142676,0.2,0.333333,1.0,1.0,1
0.916667,1.0,0.076294,0.076066,0.666667,0.159685,0.333333,0.166667,0.076294,1.0,0
0.909091,1.0,0.358592,0.240648,0.0,0.34297,0.166667,0.454545,0.358592,1.0,0
0.909091,0.2,0.821118,0.271384,1.0,0.6964,1.0,0.0,1.0,0.5,1
0.545455,0.8,1.0,1.0,0.0,0.230164,0.333333,0.181818,1.0,0.666667,1
0.636364,0.6,0.838095,0.654039,0.0,0.294936,0.2,0.363636,1.0,0.666667,1
0.909091,0.2,0.849068,0.065523,0.888889,1.0,0.5,0.090909,1.0,0.666667,1
0.818182,0.4,0.465114,0.036693,0.555556,1.0,0.333333,0.181818,1.0,0.833333,1
1.0,0.8,0.745238,0.103884,0.444444,1.0,0.25,0.272727,0.931548,1.0,0
1.0,0.8,0.455577,0.63366,0.2,0.150275,0.125,0.583333,0.569472,1.0,0
0.916667,0.4,0.251249,0.35938,0.8,0.146127,0.166667,0.416667,0.628122,1.0,0
0.833333,1.0,0.489178,0.755773,1.0,0.135287,1.0,0.0,0.489178,1.0,0
0.583333,0.8,0.738913,0.256564,0.0,0.601973,0.25,0.25,0.923642,1.0,0
1.0,1.0,0.614046,0.38627,0.6,0.332269,0.2,0.333333,0.614046,1.0,0
0.916667,1.0,1.0,0.201835,0.0,1.0,0.142857,0.5,1.0,1.0,1
0.833333,1.0,0.867716,0.896552,0.4,0.202294,0.25,0.25,0.867716,1.0,1
0.916667,0.4,0.638414,1.0,0.4,0.133439,0.125,0.583333,1.0,1.0,1
0.916667,0.2,0.782528,0.088427,1.0,1.0,0.333333,0.166667,1.0,0.6,1
0.916667,0.8,0.763765,1.0,0.75,0.127902,0.5,0.083333,0.954706,0.8,1
1.0,0.2,1.0,0.817651,0.625,0.204809,0.142857,0.5,1.0,1.0,1
1.0,0.6,0.846919,0.385989,0.875,0.367438,0.333333,0.166667,1.0,0.6,0
0.5,1.0,0.681944,0.243647,0.0,0.46871,0.5,0.083333,0.681944,0.4,1
0.583333,0.2,0.863017,0.701751,0.625,0.205946,0.5,0.083333,1.0,0.6,1
1.0,0.75,0.19797,0.214329,0.5,0.165733,0.2,0.4,0.26396,1.0,0
0.7,0.5,0.44468,0.397038,0.333333,0.200958,0.25,0.3,0.88936,1.0,1
0.9,1.0,1.0,0.697018,0.166667,0.257422,0.2,0.4,1.0,1.0,1
0.9,0.5,0.829578,1.0,1.0,0.148849,0.5,0.1,1.0,1.0,1
0.833333,1.0,0.686336,0.319142,0.625,0.288802,1.0,0.0,0.686336,1.0,1
1.0,0.4,1.0,1.0,0.875,0.134291,0.25,0.25,1.0,1.0,1
1.0,0.2,0.828879,0.606433,1.0,0.183551,0.25,0.25,1.0,1.0,1
0.833333,0.2,0.373134,0.304848,0.375,0.164373,0.142857,0.5,1.0,1.0,1
0.666667,0.25,1.0,0.800541,0.333333,0.187452,0.166667,0.416667,1.0,1.0,1
1.0,0.25,0.367384,0.387196,1.0,0.142385,0.166667,0.416667,1.0,1.0,1
1.0,1.0,0.542483,0.617133,0.833333,0.131911,0.25,0.25,0.542483,1.0,1
1.0,1.0,0.908905,1.0,0.166667,0.136393,0.125,0.583333,0.908905,1.0,1
0.416667,0.4,1.0,1.0,0.5,0.586045,0.5,0.083333,1.0,1.0,1
0.916667,0.8,0.370352,0.550475,0.5,0.394283,0.166667,0.416667,0.46294,1.0,1
0.666667,0.2,0.054919,0.073634,1.0,0.437097,0.25,0.25,0.274597,0.8,1
0.5,0.6,0.943865,0.855701,0.0,0.646426,0.25,0.25,1.0,1.0,1
0.333333,0.2,0.613132,0.448337,0.75,0.801457,1.0,0.0,1.0,0.8,1
1.0,1.0,0.348465,0.667458,0.25,0.305961,0.142857,0.5,0.348465,1.0,0
1.0,0.75,0.243863,0.16543,1.0,0.203384,0.25,0.25,0.32515,0.8,0
0.833333,0.25,0.600832,0.370609,1.0,0.223678,0.25,0.25,1.0,0.8,1
0.583333,0.75,0.940556,1.0,0.666667,0.129769,1.0,0.0,1.0,0.8,1
0.833333,0.75,0.870461,0.077117,0.666667,1.0,0.25,0.25,1.0,0.8,1
0.916667,1.0,0.689694,0.127782,0.0,0.744688,0.125,0.583333,0.689694,1.0,0
0.166667,0.5,1.0,0.586984,0.0,0.23505,1.0,0.0,1.0,0.2,1
0.75,0.6,0.916732,0.402017,0.285714,0.365502,0.2,0.333333,1.0,0.75,1
0.833333,0.2,0.954265,1.0,1.0,0.152954,0.333333,0.166667,1.0,0.75,1
1.0,1.0,0.207327,0.153098,0.714286,0.217059,0.333333,0.166667,0.207327,0.75,0
0.916667,0.4,0.342286,0.435339,1.0,0.126024,0.333333,0.166667,0.855714,0.75,1
0.166667,0.2,1.0,0.433898,0.142857,0.369406,1.0,0.0,1.0,0.0,1
0.916667,1.0,0.632869,0.265219,0.5,0.520928,0.25,0.25,0.632869,1.0,0
0.916667,0.8,0.931618,1.0,1.0,0.20338,0.5,0.083333,1.0,0.857143,0
0.666667,0.6,1.0,0.286034,0.666667,0.763224,0.5,0.083333,1.0,1.0,1
0.916667,0.2,0.447304,0.540958,1.0,0.180513,0.2,0.333333,1.0,0.857143,1
0.916667,1.0,0.538241,0.539615,0.166667,0.217752,0.166667,0.416667,0.538241,1.0,0
1.0,1.0,0.279168,0.158908,0.5,0.383521,0.2,0.333333,0.279168,1.0,0
0.833333,0.6,0.882305,0.741719,1.0,0.259686,0.5,0.083333,1.0,0.857143,1
0.5,0.4,0.35893,0.489928,0.5,0.159936,0.5,0.083333,0.897324,0.571429,1
0.833333,1.0,1.0,0.804342,0.25,0.283344,0.2,0.333333,1.0,1.0,1
1.0,1.0,0.577568,0.131014,1.0,1.0,0.25,0.25,0.577568,1.0,0
0.916667,0.8,0.796579,0.299778,0.75,0.605597,0.2,0.333333,0.995724,1.0,0
0.5,0.2,0.374256,0.289662,0.0,0.294463,0.166667,0.416667,1.0,1.0,1
0.833333,0.4,0.333875,0.107575,1.0,0.707339,0.2,0.333333,0.834687,1.0,1
1.0,1.0,0.609614,1.0,0.25,0.138934,0.142857,0.5,0.609614,1.0,1
0.75,0.4,0.1325,0.095588,0.833333,0.519433,0.333333,0.166667,0.331251,1.0,0
1.0,0.8,1.0,0.232972,1.0,1.0,0.333333,0.166667,1.0,0.75,1
1.0,1.0,0.482289,0.890867,0.166667,0.202867,0.142857,0.5,0.482289,1.0,1
0.5,0.4,0.477228,1.0,0.166667,0.178831,0.25,0.25,1.0,0.75,1
0.916667,1.0,0.070536,0.209365,0.5,0.126248,0.25,0.25,0.070536,1.0,0
0.545455,1.0,0.447963,0.876283,0.125,0.147173,0.5,0.090909,0.447963,0.714286,1
0.636364,0.25,0.852546,0.601583,0.25,0.407992,0.2,0.363636,1.0,0.857143,1
0.727273,0.25,1.0,0.249487,0.375,1.0,0.2,0.363636,1.0,0.857143,1
0.636364,1.0,0.694094,0.997361,0.375,0.200353,1.0,0.0,0.694094,0.857143,0
1.0,0.25,0.512729,1.0,0.375,0.147611,0.125,0.636364,1.0,1.0,1
1.0,0.5,0.3389,0.226033,1.0,0.431647,0.5,0.090909,0.6778,0.285714,0
0.636364,0.25,0.092872,0.129581,0.5,0.206335,0.333333,0.181818,0.371487,0.857143,0
1.0,1.0,0.748473,0.865729,0.75,0.248899,0.5,0.090909,0.748473,0.857143,1
0.833333,1.0,0.328383,0.434481,0.125,0.13998,0.2,0.333333,0.328383,1.0,0
0.666667,0.8,1.0,0.234135,0.125,0.791027,0.25,0.25,1.0,0.8,1
0.916667,0.4,0.365454,0.509638,1.0,0.132809,0.5,0.083333,0.913636,0.6,1
1.0,0.2,0.183253,0.070825,0.25,0.479205,0.1,0.75,0.916267,1.0,1
0.916667,0.4,0.528359,0.037254,0.25,1.0,0.125,0.583333,1.0,1.0,1
0.416667,0.4,0.683663,1.0,0.25,0.126619,0.5,0.083333,1.0,0.8,1
0.75,0.6,0.349313,0.208602,0.0,0.507045,0.142857,0.5,0.582189,0.833333,0
0.75,1.0,0.89169,0.330824,0.222222,0.816143,0.333333,0.166667,0.89169,0.833333,0
1.0,1.0,0.513021,0.320789,0.444444,0.484246,0.25,0.25,0.513021,1.0,0
0.75,0.2,0.422348,1.0,0.888889,0.127885,1.0,0.0,1.0,0.666667,1
0.916667,0.2,0.498461,0.069892,1.0,1.0,0.5,0.083333,1.0,0.333333,1
0.833333,0.6,1.0,0.091039,0.666667,1.0,0.5,0.083333,1.0,0.833333,1
0.5,0.8,0.674953,0.893548,0.111111,0.22872,0.5,0.083333,0.843691,0.5,1
1.0,0.4,0.45843,0.161256,1.0,0.514641,0.25,0.25,1.0,0.714286,1
1.0,1.0,0.343386,0.042369,0.714286,1.0,0.333333,0.166667,0.343386,1.0,0
1.0,0.6,0.272007,0.084317,0.428571,0.584,0.142857,0.5,0.453346,1.0,0
0.583333,0.6,1.0,0.488406,0.428571,0.370652,0.5,0.083333,1.0,0.714286,0
0.916667,0.2,0.888798,1.0,0.857143,0.160898,0.2,0.333333,1.0,1.0,1
0.583333,0.6,0.867257,0.785624,0.428571,0.199839,0.5,0.083333,1.0,0.714286,1
0.75,0.4,0.61027,0.098229,0.714286,1.0,0.333333,0.166667,1.0,1.0,1
0.75,0.4,0.973451,0.567664,1.0,0.310434,1.0,0.0,1.0,0.714286,1
0.666667,0.75,1.0,0.356087,0.6,0.518754,0.333333,0.166667,1.0,1.0,1
0.333333,0.75,0.126601,0.133317,0.2,0.175416,1.0,0.0,0.168801,0.6,0
0.916667,1.0,0.861793,0.0552,0.0,1.0,0.125,0.583333,0.861793,1.0,1
0.75,0.75,0.091382,0.096846,1.0,0.1743,0.5,0.083333,0.121843,0.8,0
0.833333,1.0,0.422492,0.240266,1.0,0.324821,0.5,0.083333,0.422492,0.8,0
1.0,1.0,0.908084,1.0,0.4,0.167743,0.142857,0.5,0.908084,1.0,1
0.666667,1.0,0.255844,0.028753,0.0,1.0,0.25,0.25,0.255844,1.0,0
1.0,0.6,1.0,0.070086,0.428571,1.0,0.142857,0.5,1.0,1.0,1
1.0,1.0,0.935614,0.351534,0.0,0.346284,0.125,0.583333,0.935614,1.0,1
0.916667,0.4,0.160965,0.163119,1.0,0.12839,0.333333,0.166667,0.402412,0.75,0
0.333333,0.8,0.990331,1.0,0.0,0.12885,1.0,0.0,1.0,0.75,1
0.666667,1.0,1.0,0.764937,0.25,0.239637,0.333333,0.166667,1.0,0.833333,1
0.916667,0.25,0.249035,0.036164,1.0,1.0,0.333333,0.166667,0.99614,0.666667,0
0.833333,0.5,0.797713,0.600367,0.5,0.243562,0.2,0.333333,1.0,0.833333,1
0.916667,0.25,0.265904,0.381027,0.25,0.127923,0.111111,0.666667,1.0,1.0,1
1.0,1.0,0.50336,0.13653,0.25,0.675816,0.142857,0.5,0.50336,1.0,0
1.0,0.75,0.802573,1.0,0.375,0.147117,0.142857,0.5,1.0,1.0,1
0.333333,0.25,0.307934,0.176363,0.375,0.320059,1.0,0.0,1.0,0.666667,1
0.833333,1.0,0.545866,0.543873,0.666667,0.142102,1.0,0.0,0.545866,0.6,0
0.916667,0.25,0.94333,0.448983,1.0,0.29747,0.5,0.083333,1.0,0.4,1
0.416667,0.5,1.0,1.0,0.333333,0.141583,1.0,0.0,1.0,0.6,1
1.0,0.75,0.515849,0.039385,0.111111,1.0,0.111111,0.666667,0.687799,1.0,1
0.416667,0.25,0.682883,0.169079,0.111111,0.571831,0.25,0.25,1.0,0.6,1
0.666667,0.75,0.600725,0.25719,0.111111,0.330698,0.2,0.333333,0.800966,0.8,1
0.833333,0.8,0.390065,0.386935,0.222222,0.176906,0.2,0.333333,0.487581,1.0,0
0.75,1.0,0.97373,1.0,0.222222,0.170876,0.333333,0.166667,0.97373,0.833333,1
0.416667,0.8,0.565613,0.459908,0.111111,0.215819,1.0,0.0,0.707016,0.833333,1
1.0,0.4,0.665837,0.377977,0.444444,0.309133,0.142857,0.5,1.0,1.0,1
1.0,0.8,0.082296,0.085427,0.111111,0.169054,0.125,0.583333,0.10287,1.0,0
0.916667,0.2,0.526021,0.108368,1.0,0.851815,0.5,0.083333,1.0,0.5,1
0.583333,0.6,1.0,0.441119,0.333333,0.397821,0.5,0.083333,1.0,0.833333,0
0.777778,0.8,0.621395,0.162181,0.2,0.845043,0.333333,0.222222,0.776743,1.0,1
0.888889,0.6,0.266244,0.113946,1.0,0.515337,1.0,0.0,0.44374,0.666667,0
1.0,1.0,1.0,0.05208,0.8,1.0,1.0,0.0,1.0,0.666667,1
0.333333,0.2,0.64897,1.0,0.0,0.143132,0.333333,0.222222,1.0,0.333333,1
0.916667,0.2,1.0,0.198314,0.0,1.0,0.090909,0.833333,1.0,1.0,1
1.0,1.0,0.791149,0.789277,0.0,0.217443,0.125,0.583333,0.791149,1.0,1
0.666667,0.6,0.054398,0.038399,0.375,0.307317,0.333333,0.166667,0.090664,0.857143,0
1.0,0.2,0.05483,0.070475,0.75,0.168771,0.166667,0.416667,0.27415,0.857143,1
1.0,0.2,0.234431,0.360571,1.0,0.141039,0.25,0.25,1.0,0.571429,1
0.583333,0.8,0.320345,0.052681,0.0,1.0,0.25,0.25,0.400432,0.857143,0
0.416667,0.6,0.22979,0.118005,0.25,0.422421,1.0,0.0,0.382983,0.571429,0
0.916667,0.8,0.697895,1.0,0.625,0.151393,0.333333,0.166667,0.872369,0.857143,1
1.0,0.8,0.60114,0.109091,0.142857,0.743333,0.125,0.583333,0.751426,1.0,0
0.75,0.6,1.0,1.0,0.714286,0.134895,0.5,0.083333,1.0,1.0,1
0.75,0.6,0.747538,0.323357,0.571429,0.311851,0.333333,0.166667,1.0,1.0,0
0.666667,0.2,0.382685,0.093566,0.571429,0.551719,0.25,0.25,1.0,1.0,0
0.833333,0.6,0.853188,0.404476,1.0,0.284544,1.0,0.0,1.0,0.8,1
0.5,1.0,0.897356,0.464476,0.0,0.260614,0.5,0.083333,0.897356,0.8,1
1.0,0.333333,1.0,1.0,1.0,0.312464,0.25,0.25,1.0,0.666667,1
0.75,1.0,0.398,0.057431,0.0,1.0,0.142857,0.5,0.398,1.0,1
0.833333,0.666667,0.436881,0.352793,0.375,0.386941,0.166667,0.416667,0.655322,1.0,1
0.416667,0.333333,0.502727,0.166299,0.5,0.944592,1.0,0.0,1.0,0.666667,1
0.25,0.4,0.433535,0.185905,0.142857,0.46,1.0,0.0,1.0,0.4,0
0.916667,0.2,0.179007,0.084569,0.428571,0.417529,0.125,0.583333,0.895035,0.6,1
1.0,0.6,0.742023,0.195626,1.0,0.748199,0.333333,0.166667,1.0,0.6,1
0.25,0.4,0.902673,0.790036,0.142857,0.225377,1.0,0.0,1.0,0.4,1
0.916667,0.2,0.6957,0.423086,1.0,0.324354,0.25,0.25,1.0,0.6,1
0.916667,1.0,1.0,1.0,0.285714,0.197254,0.2,0.333333,1.0,1.0,1
0.909091,1.0,0.61125,0.417796,0.142857,0.183118,0.2,0.363636,0.61125,1.0,1
1.0,0.2,1.0,1.0,1.0,0.125163,0.25,0.272727,1.0,1.0,1
0.909091,0.8,0.943046,0.224272,0.857143,0.526301,1.0,0.0,1.0,1.0,1
0.727273,1.0,0.517798,0.433233,0.142857,0.149594,0.333333,0.181818,0.517798,1.0,0
0.909091,0.4,0.470423,0.080589,0.666667,1.0,0.333333,0.181818,1.0,0.666667,1
0.818182,0.8,0.698174,0.076498,0.0,1.0,0.166667,0.454545,0.872718,0.833333,1
0.727273,1.0,0.386646,0.159337,0.333333,0.475738,1.0,0.0,0.386646,0.833333,0
0.909091,0.2,1.0,0.792596,1.0,0.247355,1.0,0.0,1.0,0.333333,1
0.454545,0.8,0.743766,1.0,0.0,0.145817,0.5,0.090909,0.929708,0.5,1
1.0,0.2,0.500052,0.197177,0.777778,0.497199,0.25,0.272727,1.0,0.666667,1
0.363636,0.8,0.553573,0.355696,0.0,0.305118,1.0,0.0,0.691967,0.5,0
1.0,0.8,0.464826,0.256318,0.4,0.412582,0.166667,0.454545,0.581032,1.0,1
0.818182,0.4,0.096372,0.091937,0.4,0.238482,0.166667,0.454545,0.240929,1.0,0
0.727273,0.8,0.147043,0.157401,0.6,0.212538,0.5,0.090909,0.183804,1.0,0
0.909091,1.0,1.0,1.0,1.0,0.227509,1.0,0.0,1.0,1.0,1
1.0,0.4,0.283508,0.06089,1.0,1.0,0.2,0.363636,0.70877,1.0,0
1.0,0.75,0.515711,0.405716,1.0,0.207975,1.0,0.0,0.687614,0.714286,0
1.0,0.5,0.396287,0.069747,0.714286,0.929639,0.25,0.3,0.792573,0.857143,1
0.9,0.25,0.949462,0.048715,0.571429,1.0,0.2,0.4,1.0,0.857143,1
0.7,0.5,0.61503,0.377135,0.571429,0.266826,0.5,0.1,1.0,0.571429,1
0.8,1.0,1.0,0.1643,0.428571,0.995842,0.5,0.1,1.0,0.857143,0
0.2,0.25,0.540321,0.28366,0.0,0.31166,0.5,0.1,1.0,0.0,1
0.9,0.5,0.766315,1.0,1.0,0.125382,1.0,0.0,1.0,0.714286,1
0.8,0.25,0.093276,0.082509,0.714286,0.184967,0.333333,0.2,0.373105,0.857143,0
1.0,0.4,1.0,1.0,0.142857,0.169994,0.111111,0.727273,1.0,1.0,1
0.909091,1.0,0.699942,0.261304,0.571429,0.455356,0.5,0.090909,0.699942,1.0,0
0.909091,0.6,0.763155,0.345469,1.0,0.375524,1.0,0.0,1.0,0.666667,1
0.636364,0.6,0.251929,0.069289,0.428571,0.618079,0.5,0.090909,0.419881,0.666667,1
0.666667,0.6,0.196217,0.143617,0.5,0.174359,0.5,0.083333,0.327028,0.857143,0
0.916667,0.6,0.672545,0.13066,0.375,0.656889,0.166667,0.416667,1.0,1.0,0
0.666667,0.8,0.882975,0.306874,0.5,0.3672,1.0,0.0,1.0,0.857143,1
0.916667,0.2,0.795554,0.055646,1.0,1.0,0.333333,0.166667,1.0,0.571429,1
1.0,1.0,0.13733,0.093153,0.625,0.188141,0.333333,0.166667,0.13733,1.0,0
0.666667,0.8,1.0,1.0,0.125,0.127619,0.25,0.25,1.0,0.857143,1
0.75,0.8,0.431335,0.328423,0.5,0.167608,0.5,0.083333,0.539169,1.0,0
0.75,0.2,0.574329,0.049645,0.875,1.0,0.5,0.083333,1.0,1.0,1
1.0,1.0,0.931176,1.0,1.0,0.1348,1.0,0.0,0.931176,0.666667,1
1.0,1.0,0.280808,0.250818,0.5,0.162072,0.333333,0.25,0.280808,1.0,0
0.875,0.25,1.0,0.376432,0.75,0.384565,0.25,0.375,1.0,1.0,1
0.5,0.25,0.376201,0.256751,0.25,0.212112,0.333333,0.25,1.0,0.666667,1
0.444444,0.333333,0.935702,0.670306,0.5,0.201481,0.333333,0.222222,1.0,1.0,1
1.0,1.0,0.803897,0.846154,0.5,0.137126,0.166667,0.555556,0.803897,1.0,1
0.555556,0.666667,1.0,1.0,1.0,0.144334,0.5,0.111111,1.0,1.0,1
0.555556,1.0,0.104871,0.073118,0.5,0.207014,0.5,0.111111,0.104871,1.0,0
1.0,1.0,1.0,1.0,1.0,0.315547,0.333333,0.181818,1.0,0.666667,1
0.727273,0.6,0.458154,0.139511,0.75,1.0,0.333333,0.181818,0.76359,0.666667,1
0.272727,0.6,0.61435,0.182281,0.0,1.0,1.0,0.0,1.0,0.333333,1
1.0,0.6,0.065297,0.104209,0.5,0.19772,0.142857,0.545455,0.108828,1.0,0
0.833333,0.2,0.31941,0.857561,1.0,0.17008,0.333333,0.166667,1.0,1.0,0
0.833333,0.8,0.731653,0.92,0.285714,0.36315,0.2,0.333333,0.914566,1.0,1
0.833333,0.4,1.0,1.0,0.571429,0.456634,0.2,0.333333,1.0,1.0,1
1.0,1.0,0.641598,0.96439,0.714286,0.303794,0.333333,0.166667,0.641598,1.0,1
0.75,0.4,0.083645,0.163902,0.142857,0.233036,0.142857,0.5,0.209112,1.0,0
0.833333,1.0,0.373882,0.230511,0.166667,0.217939,0.142857,0.5,0.373882,1.0,0
0.583333,0.333333,0.17644,0.122939,0.166667,0.192841,0.166667,0.416667,0.52932,1.0,1
0.666667,0.333333,0.799646,0.298128,1.0,0.360403,0.5,0.083333,1.0,0.857143,1
0.833333,0.333333,0.571325,0.392568,1.0,0.195552,0.25,0.25,1.0,0.857143,1
0.5,0.666667,0.352672,0.15549,0.0,0.304762,0.2,0.333333,0.529008,0.714286,1
1.0,1.0,0.981181,0.875803,0.166667,0.150534,0.111111,0.666667,0.981181,1.0,1
0.666667,0.666667,0.799854,0.190835,0.333333,0.563177,0.2,0.333333,1.0,1.0,1
0.583333,0.666667,1.0,1.0,0.833333,0.134367,1.0,0.0,1.0,1.0,1
0.833333,1.0,0.115456,0.067133,0.444444,0.432046,0.5,0.083333,0.115456,1.0,0
1.0,0.2,1.0,0.479782,1.0,0.523609,0.333333,0.166667,1.0,0.857143,1
0.833333,0.2,0.155386,0.211249,0.888889,0.184785,0.5,0.083333,0.776929,0.857143,1
0.5,0.6,0.372163,0.395283,0.333333,0.236525,1.0,0.0,0.620271,0.285714,1
0.916667,0.8,0.309327,0.150337,0.666667,0.516897,0.5,0.083333,0.386659,0.857143,1
1.0,0.4,0.09513,0.108346,0.888889,0.220574,0.333333,0.166667,0.237825,0.857143,0
1.0,1.0,0.330582,0.258165,0.0,0.321687,0.125,0.583333,0.330582,1.0,0
1.0,0.2,0.663227,1.0,0.888889,0.166615,0.25,0.25,1.0,0.857143,1
0.916667,1.0,0.837914,0.505477,0.111111,0.25893,0.166667,0.416667,0.837914,0.833333,0
0.75,0.8,0.952607,0.772615,0.333333,0.192591,0.333333,0.166667,1.0,0.666667,1
0.75,0.8,1.0,1.0,0.0,0.156201,0.166667,0.416667,1.0,0.833333,1
0.583333,0.4,0.092071,0.023675,0.0,0.607463,0.166667,0.416667,0.230178,0.833333,0
0.083333,0.2,0.123855,0.107244,0.0,0.180395,1.0,0.0,0.619274,0.5,1
0.833333,0.8,0.255401,0.305124,0.0,0.130747,0.142857,0.5,0.319251,1.0,0
1.0,0.2,0.064925,0.042049,1.0,0.241176,0.333333,0.166667,0.324624,0.333333,1
0.666667,1.0,1.0,0.831296,0.428571,0.203877,1.0,0.0,1.0,1.0,1
0.75,1.0,0.268984,0.073572,0.0,0.619637,0.2,0.333333,0.268984,1.0,0
1.0,0.8,0.343869,0.146922,0.714286,0.396672,0.25,0.25,0.429836,1.0,1
0.666667,0.8,0.110164,0.1018,0.285714,0.183406,0.333333,0.166667,0.137705,1.0,0
1.0,0.2,0.913049,1.0,1.0,0.154745,0.2,0.333333,1.0,0.857143,1
0.583333,0.6,0.084721,0.028006,0.285714,0.512698,0.333333,0.166667,0.141202,0.857143,0
0.666667,0.4,0.097967,0.112914,0.714286,0.147047,0.5,0.083333,0.244918,1.0,0
0.666667,0.6,0.773115,0.178262,0.428571,0.735037,0.333333,0.166667,1.0,1.0,0
1.0,1.0,0.990329,0.936899,0.625,0.151396,0.333333,0.166667,0.990329,1.0,0
0.833333,0.6,0.951914,0.367449,0.25,0.371047,0.166667,0.416667,1.0,1.0,0
0.666667,0.4,0.641101,0.457868,0.625,0.200546,0.5,0.083333,1.0,0.857143,1
0.666667,0.4,0.523304,0.5,0.0,0.149904,0.142857,0.5,1.0,0.857143,1
1.0,1.0,0.908798,1.0,0.25,0.130165,0.166667,0.416667,0.908798,1.0,1
0.75,0.2,1.0,0.674875,1.0,0.212229,1.0,0.0,1.0,0.714286,1
0.833333,1.0,0.902351,0.54521,0.5,0.23705,0.5,0.083333,0.902351,1.0,0
1.0,0.2,0.458428,0.429396,0.625,0.152912,0.142857,0.5,1.0,1.0,1
0.666667,0.6,0.16872,0.04502,0.833333,0.522188,1.0,0.0,0.2812,0.833333,0
0.833333,0.8,0.982532,0.814856,1.0,0.168008,1.0,0.0,1.0,0.666667,0
0.916667,0.2,0.08754,0.077378,0.0,0.157636,0.090909,0.833333,0.437702,1.0,1
0.333333,0.2,0.377524,0.068374,0.0,0.769342,0.25,0.25,1.0,0.666667,1
0.5,0.8,0.495355,0.107062,0.333333,0.644678,1.0,0.0,0.619194,0.833333,1
0.583333,0.8,0.318356,0.118317,0.166667,0.374911,0.333333,0.166667,0.397945,1.0,0
1.0,1.0,1.0,1.0,0.5,0.139336,0.2,0.333333,1.0,1.0,1
0.25,0.333333,0.894737,0.382339,0.0,0.394777,0.333333,0.166667,1.0,0.0,1
1.0,1.0,0.320211,0.229788,0.625,0.235079,0.2,0.333333,0.320211,0.833333,0
0.75,1.0,0.702182,0.914822,0.75,0.129484,1.0,0.0,0.702182,0.833333,1
0.75,0.666667,0.184424,0.152069,0.875,0.204589,1.0,0.0,0.276637,0.833333,0
1.0,0.666667,0.741692,1.0,1.0,0.12512,0.333333,0.166667,1.0,0.833333,1
0.75,0.333333,1.0,0.349134,0.875,0.483184,0.5,0.083333,1.0,0.833333,1
0.916667,0.333333,0.586079,0.674928,0.75,0.146488,0.2,0.333333,1.0,0.833333,1
1.0,0.6,1.0,0.440825,0.0,0.344704,0.1,0.75,1.0,1.0,1
0.833333,1.0,0.863642,1.0,0.833333,0.131234,1.0,0.0,0.863642,1.0,0
0.666667,0.6,0.281291,0.288093,0.833333,0.148367,1.0,0.0,0.468818,1.0,0
0.583333,0.4,0.747529,0.805465,0.833333,0.141024,1.0,0.0,1.0,1.0,1
1.0,0.8,0.254734,0.221498,1.0,0.174755,0.333333,0.166667,0.318417,1.0,1
0.916667,1.0,0.431094,0.254966,0.0,0.323614,0.125,0.583333,0.431094,1.0,1
1.0,0.75,0.996148,1.0,0.125,0.190661,0.111111,0.666667,1.0,1.0,1
0.916667,0.5,0.086026,0.036453,1.0,0.451685,0.5,0.083333,0.172052,0.5,1
0.666667,0.5,0.273165,0.250666,0.75,0.208578,1.0,0.0,0.54633,0.75,1
0.583333,0.5,1.0,0.906615,0.375,0.211114,0.333333,0.166667,1.0,0.75,1
1.0,1.0,0.338691,0.34524,0.857143,0.128758,0.333333,0.166667,0.338691,0.857143,0
0.666667,0.75,1.0,1.0,0.714286,0.131247,1.0,0.0,1.0,1.0,1
1.0,0.5,0.716276,0.500773,1.0,0.187728,0.25,0.25,1.0,0.857143,1
1.0,1.0,0.480017,0.017719,0.857143,1.0,0.333333,0.166667,0.480017,0.857143,0
1.0,1.0,0.349405,0.242863,0.714286,0.188825,0.25,0.25,0.349405,1.0,0
0.75,0.5,0.091825,0.054282,0.0,0.222021,0.125,0.583333,0.183649,1.0,1
1.0,0.5,0.636558,0.116158,0.714286,0.719249,0.166667,0.416667,1.0,1.0,1
0.5,0.5,0.231651,0.156237,0.428571,0.194599,0.5,0.083333,0.463302,0.571429,1
0.416667,0.75,0.548384,0.272347,0.111111,0.282001,0.5,0.083333,0.731178,0.428571,0
0.666667,0.25,0.176138,0.196799,0.555556,0.125348,0.333333,0.166667,0.70455,0.714286,0
0.75,0.25,0.944204,0.383218,0.222222,0.345071,0.142857,0.5,1.0,0.857143,1
0.833333,1.0,1.0,1.0,0.222222,0.140052,0.2,0.333333,1.0,1.0,1
1.0,0.75,0.741404,0.263697,0.666667,0.393767,0.25,0.25,0.988539,0.857143,1
0.666667,0.75,0.406321,0.152537,0.555556,0.373062,1.0,0.0,0.541761,0.714286,0
0.916667,0.25,0.278567,0.05248,1.0,0.743407,0.5,0.083333,1.0,0.428571,0
0.833333,0.75,0.702285,0.745531,0.222222,0.131928,0.166667,0.416667,0.93638,1.0,1
0.833333,0.6,0.824174,0.686236,0.571429,0.258453,0.25,0.25,1.0,1.0,1
1.0,1.0,0.103772,0.154213,0.714286,0.144809,0.333333,0.166667,0.103772,1.0,0
0.833333,0.4,0.463125,0.295787,1.0,0.336942,0.5,0.083333,1.0,0.8,0
0.833333,0.8,0.959666,1.0,0.0,0.206517,0.142857,0.5,1.0,1.0,1
1.0,1.0,0.68059,0.389326,0.142857,0.37619,0.142857,0.5,0.68059,1.0,1
0.5,0.2,1.0,0.105899,0.571429,1.0,0.5,0.083333,1.0,0.8,1
0.636364,1.0,0.518883,0.261629,0.0,0.419745,0.25,0.272727,0.518883,1.0,1
1.0,1.0,0.610079,0.093806,0.333333,1.0,0.166667,0.454545,0.610079,1.0,1
0.636364,0.25,1.0,0.314315,0.833333,0.673344,0.5,0.090909,1.0,1.0,1
1.0,1.0,0.418944,0.159856,1.0,0.554662,0.5,0.090909,0.418944,1.0,0
0.909091,0.75,0.617001,1.0,0.666667,0.130583,0.25,0.272727,0.822667,1.0,1
0.636364,0.25,0.501747,1.0,1.0,0.187628,0.5,0.090909,1.0,1.0,1
0.909091,1.0,0.453811,0.981625,0.4,0.172879,0.2,0.363636,0.453811,1.0,1
1.0,0.5,1.0,0.594937,1.0,0.628552,0.2,0.363636,1.0,1.0,1
1.0,1.0,0.518891,0.21029,1.0,0.922718,0.333333,0.181818,0.518891,1.0,0
0.833333,0.8,0.764182,0.47472,0.4,0.420982,0.2,0.333333,0.955227,1.0,0
0.666667,0.6,1.0,0.497124,1.0,0.526066,1.0,0.0,1.0,0.833333,1
0.416667,0.4,0.347187,0.385407,0.2,0.235585,0.333333,0.166667,0.867967,0.666667,0
0.75,1.0,0.963186,1.0,0.0,0.251892,0.2,0.333333,0.963186,1.0,1
0.916667,0.4,0.678514,0.530124,1.0,0.334723,0.2,0.333333,1.0,0.833333,1
0.833333,1.0,0.38759,0.725401,0.6,0.139733,0.333333,0.166667,0.38759,1.0,0
1.0,1.0,0.588446,0.290948,0.2,0.528928,0.142857,0.5,0.588446,1.0,0
1.0,1.0,1.0,0.230907,0.0,0.796448,0.142857,0.6,1.0,1.0,1
1.0,1.0,0.695234,1.0,1.0,0.127858,0.333333,0.2,0.695234,1.0,1
1.0,0.25,0.738434,0.162225,0.0,0.837125,0.1,0.9,1.0,1.0,1
1.0,0.75,0.195931,0.075346,0.25,0.478231,0.142857,0.6,0.261241,1.0,0
1.0,1.0,0.703177,0.672988,0.25,0.192155,0.166667,0.5,0.703177,1.0,0
1.0,0.75,0.177524,0.161807,0.857143,0.269611,0.25,0.25,0.236699,1.0,0
0.75,0.5,1.0,0.046598,0.857143,1.0,0.5,0.083333,1.0,1.0,1
0.916667,1.0,0.638902,1.0,0.428571,0.157004,0.2,0.333333,0.638902,1.0,1
0.833333,0.5,0.680316,0.987136,1.0,0.16936,0.5,0.083333,1.0,1.0,1
0.833333,1.0,0.227509,0.017814,0.375,1.0,0.25,0.25,0.227509,0.857143,0
0.916667,0.25,0.977041,0.079633,0.375,1.0,0.125,0.583333,1.0,0.857143,1
0.833333,0.5,0.762414,0.72268,1.0,0.135007,1.0,0.0,1.0,0.714286,1
0.833333,0.25,0.711095,0.283435,0.875,0.32106,0.333333,0.166667,1.0,0.714286,1
0.583333,0.5,0.725951,0.14092,0.625,0.659245,1.0,0.0,1.0,0.428571,1
1.0,0.25,0.70133,0.498006,0.5,0.180219,0.125,0.583333,1.0,0.857143,1
0.25,0.5,0.637025,0.181468,0.0,0.449231,0.5,0.083333,1.0,0.0,1
0.833333,0.25,1.0,1.0,0.875,0.127971,0.333333,0.166667,1.0,0.714286,1
1.0,1.0,1.0,1.0,0.111111,0.193713,0.111111,0.666667,1.0,1.0,1
0.833333,0.666667,0.504082,0.043495,0.555556,1.0,0.25,0.25,0.756124,1.0,1
0.833333,0.333333,0.157073,0.178331,1.0,0.170621,1.0,0.0,0.471219,1.0,1
0.916667,0.666667,0.954889,0.702649,0.444444,0.263253,0.166667,0.416667,1.0,1.0,1
0.833333,0.666667,0.604001,0.357454,0.0,0.327323,0.111111,0.666667,0.906001,1.0,1
0.5,1.0,0.57818,0.549328,0.0,0.137212,0.5,0.083333,0.57818,0.666667,1
0.916667,0.8,1.0,1.0,1.0,0.130365,0.5,0.083333,1.0,0.666667,1
1.0,1.0,0.258981,0.023992,0.666667,1.0,0.25,0.25,0.258981,1.0,0
0.916667,0.8,0.745878,0.330326,0.666667,0.294364,0.25,0.25,0.932347,1.0,0
1.0,1.0,0.305772,0.412434,1.0,0.160563,0.333333,0.166667,0.305772,0.4,1
0.833333,1.0,0.615789,0.822242,0.375,0.162194,0.166667,0.416667,0.615789,1.0,1
0.333333,1.0,1.0,1.0,0.0,0.216572,0.333333,0.166667,1.0,0.6,1
0.666667,0.5,0.737592,0.524956,0.125,0.304295,0.142857,0.5,1.0,0.8,1
0.5,0.5,0.495199,0.433231,0.625,0.247549,1.0,0.0,0.990397,0.6,1
0.75,1.0,0.25139,0.304947,0.375,0.178536,0.2,0.333333,0.25139,1.0,1
0.818182,0.8,0.767921,0.860612,0.333333,0.188301,0.25,0.272727,0.959902,1.0,0
1.0,0.6,0.969552,0.037946,1.0,1.0,0.333333,0.181818,1.0,0.833333,1
0.636364,0.4,0.363222,0.322287,0.833333,0.237834,1.0,0.0,0.908056,1.0,0
0.636364,0.2,0.847279,0.654946,0.166667,0.273001,0.166667,0.454545,1.0,1.0,1
0.545455,0.8,0.770918,0.526689,0.333333,0.308886,1.0,0.0,0.963648,0.833333,0
0.818182,0.4,1.0,0.626866,0.0,0.336642,0.125,0.636364,1.0,1.0,1
0.909091,1.0,0.752697,1.0,0.333333,0.158841,0.25,0.272727,0.752697,1.0,1
0.916667,1.0,1.0,1.0,0.714286,0.140662,0.5,0.083333,1.0,0.75,1
0.416667,0.4,0.693361,0.771131,0.285714,0.126476,0.5,0.083333,1.0,0.5,1
0.916667,0.6,0.302552,0.330329,1.0,0.128833,0.5,0.083333,0.504253,0.75,0
1.0,0.4,0.128024,0.046924,0.428571,0.383775,0.125,0.583333,0.32006,1.0,1
0.666667,0.4,0.178725,0.057023,0.0,0.440872,0.142857,0.5,0.446813,1.0,1
0.666667,0.2,0.401346,0.378611,1.0,0.146595,1.0,0.0,1.0,0.833333,1
0.916667,0.8,1.0,0.476963,0.857143,0.28994,0.5,0.083333,1.0,0.833333,1
0.75,0.8,0.51873,0.145858,0.714286,0.491817,1.0,0.0,0.648412,0.833333,0
1.0,0.6,0.701536,0.762473,0.428571,0.127239,0.142857,0.5,1.0,0.833333,1
0.916667,0.6,0.927499,1.0,0.0,0.128265,0.111111,0.666667,1.0,1.0,1
0.25,0.2,0.690834,0.709238,0.0,0.134702,0.333333,0.166667,1.0,0.333333,1
0.833333,1.0,0.268255,0.269515,0.142857,0.137644,0.2,0.333333,0.268255,1.0,0
1.0,0.4,0.296826,0.109686,1.0,0.385915,0.5,0.125,0.742065,0.666667,1
0.375,0.2,0.233886,0.033987,0.0,0.981364,0.333333,0.25,1.0,0.666667,1
0.75,1.0,0.477413,0.35007,0.2,0.194484,1.0,0.0,0.477413,1.0,0
0.875,1.0,1.0,1.0,0.2,0.142608,0.5,0.125,1.0,1.0,1
0.75,0.4,0.807018,1.0,1.0,0.207082,1.0,0.0,1.0,0.714286,1
0.75,1.0,1.0,0.523195,0.428571,0.490451,0.5,0.083333,1.0,1.0,0
0.666667,0.4,0.729247,0.104035,0.428571,1.0,0.25,0.25,1.0,1.0,1
0.5,0.2,0.226466,0.331595,0.285714,0.175248,0.25,0.25,1.0,0.857143,1
0.416667,0.4,0.325524,0.053527,0.142857,1.0,0.333333,0.166667,0.81381,0.714286,1
0.666667,0.4,0.148802,0.293988,0.285714,0.129879,0.2,0.333333,0.372005,1.0,1
0.666667,1.0,0.075524,0.061762,0.428571,0.313778,1.0,0.0,0.075524,1.0,0
1.0,1.0,0.565362,0.206149,0.714286,0.703728,0.333333,0.166667,0.565362,0.857143,0
0.888889,0.8,0.342528,0.215179,0.4,0.199453,0.333333,0.222222,0.428161,0.857143,0
0.888889,0.4,1.0,1.0,0.4,0.125298,0.2,0.444444,1.0,0.857143,1
0.777778,0.8,0.406738,0.086042,0.6,0.592308,1.0,0.0,0.508422,0.857143,0
0.888889,0.6,0.263646,0.020591,0.8,1.0,0.5,0.111111,0.43941,0.857143,0
0.555556,1.0,0.177486,0.062362,0.0,0.356604,1.0,0.0,0.177486,0.857143,0
0.222222,0.2,0.542552,0.046772,0.0,1.0,0.5,0.111111,1.0,0.142857,1
1.0,0.8,0.881089,0.413443,1.0,0.267022,1.0,0.0,1.0,0.714286,1
0.888889,0.2,0.071018,0.030151,0.8,0.295122,0.25,0.333333,0.355089,0.857143,1
1.0,0.6,0.828824,0.698479,0.111111,0.288626,0.111111,0.666667,1.0,1.0,1
0.75,1.0,0.171715,0.243052,0.111111,0.171845,0.25,0.25,0.171715,0.857143,0
0.75,0.8,0.293414,0.18537,0.111111,0.385007,0.2,0.333333,0.366767,0.857143,0
0.833333,0.2,0.528188,1.0,1.0,0.128474,1.0,0.0,1.0,0.714286,1
0.916667,0.4,0.288455,0.343471,0.555556,0.204275,0.2,0.333333,0.721138,1.0,0
1.0,0.6,1.0,0.080493,0.444444,1.0,0.166667,0.416667,1.0,1.0,1
1.0,0.6,0.449068,0.607761,0.444444,0.179724,0.166667,0.416667,0.748446,1.0,1
0.833333,0.2,0.508138,0.035658,0.888889,1.0,0.5,0.083333,1.0,1.0,1
0.833333,0.25,1.0,1.0,0.666667,0.282606,0.166667,0.416667,1.0,1.0,1
0.666667,0.75,0.745671,0.895637,0.666667,0.235286,0.5,0.083333,0.994228,1.0,1
1.0,1.0,0.110369,0.081368,0.833333,0.383333,0.25,0.25,0.110369,1.0,0
0.75,0.75,0.343626,0.059552,1.0,1.0,1.0,0.0,0.458168,1.0,1
0.666667,0.25,0.694555,0.567807,0.0,0.345691,0.125,0.583333,1.0,1.0,1
1.0,0.6,1.0,1.0,1.0,0.133161,0.166667,0.416667,1.0,1.0,1
0.75,0.8,0.105431,0.06698,0.0,0.209602,0.166667,0.416667,0.131788,1.0,0
0.416667,0.6,0.113677,0.082353,0.25,0.18381,0.5,0.083333,0.189461,1.0,1
0.666667,1.0,0.075627,0.060235,0.0,0.167187,0.25,0.25,0.075627,1.0,0
0.833333,0.6,0.163624,0.170667,1.0,0.127665,0.25,0.25,0.272706,1.0,1
0.666667,1.0,0.312322,0.256244,0.428571,0.257581,1.0,0.0,0.312322,1.0,0
0.333333,0.4,1.0,1.0,0.142857,0.211332,0.5,0.083333,1.0,0.5,1
0.75,0.4,0.101116,0.052266,1.0,0.40885,1.0,0.0,0.252791,0.666667,0
0.583333,0.8,0.506019,0.14963,0.428571,0.714683,1.0,0.0,0.632524,0.833333,0
1.0,0.8,0.634384,0.821924,0.571429,0.163112,0.2,0.333333,0.79298,0.833333,1
1.0,1.0,0.983913,0.575393,0.285714,0.361375,0.166667,0.416667,0.983913,1.0,1
0.916667,0.2,0.714708,0.425069,0.857143,0.355332,0.2,0.333333,1.0,0.833333,1
0.75,0.75,1.0,0.793772,1.0,0.310418,1.0,0.0,1.0,1.0,1
0.583333,0.5,0.677025,1.0,0.5,0.16682,0.333333,0.166667,1.0,1.0,1
0.833333,1.0,0.139838,0.073762,0.166667,0.467128,0.166667,0.416667,0.139838,1.0,0
1.0,1.0,0.441579,0.590097,0.166667,0.184386,0.125,0.583333,0.441579,1.0,1
0.666667,0.25,0.403563,0.034201,0.833333,1.0,0.333333,0.166667,1.0,1.0,1
0.545455,0.6,0.064575,0.095358,0.333333,0.14141,1.0,0.0,0.107624,0.714286,0
1.0,0.6,0.256085,0.393195,0.666667,0.136004,0.333333,0.181818,0.426809,0.714286,1
0.454545,0.6,0.629048,1.0,0.222222,0.131359,1.0,0.0,1.0,0.714286,1
0.727273,0.8,1.0,0.794161,0.444444,0.262946,1.0,0.0,1.0,0.857143,0
0.818182,1.0,0.90344,0.121823,0.444444,1.0,1.0,0.0,0.90344,0.857143,0
0.909091,0.4,0.892476,0.852132,0.222222,0.218708,0.142857,0.545455,1.0,1.0,1
0.909091,0.2,0.857675,0.613527,1.0,0.291921,1.0,0.0,1.0,0.285714,1
0.818182,1.0,0.186482,0.128544,0.222222,0.302941,0.333333,0.181818,0.186482,0.857143,0
1.0,0.5,0.282973,0.482013,0.333333,0.125171,0.125,0.583333,0.565946,1.0,1
0.833333,0.25,1.0,1.0,1.0,0.213214,1.0,0.0,1.0,0.833333,1
0.916667,0.5,0.492391,0.442746,0.111111,0.237122,0.111111,0.666667,0.984782,1.0,1
1.0,0.5,0.393472,0.066306,0.888889,1.0,0.333333,0.166667,0.786943,0.833333,0
0.833333,0.75,0.961623,0.632024,0.666667,0.324405,0.5,0.083333,1.0,0.833333,1
0.5,1.0,0.765108,0.759934,0.111111,0.214666,0.5,0.083333,0.765108,0.333333,1
0.833333,0.25,0.579731,0.023983,1.0,1.0,1.0,0.0,1.0,0.833333,0
0.454545,0.5,0.580607,1.0,0.4,0.129064,0.5,0.090909,1.0,0.666667,1
0.727273,0.75,0.706115,0.102662,0.2,1.0,0.2,0.363636,0.941487,1.0,0
0.909091,1.0,0.335471,0.505466,1.0,0.147532,0.5,0.090909,0.335471,0.833333,0
1.0,1.0,0.747595,0.138783,0.0,1.0,0.125,0.636364,0.747595,1.0,1
0.727273,1.0,0.425166,0.598146,0.4,0.158006,0.333333,0.181818,0.425166,1.0,0
1.0,1.0,1.0,0.717681,1.0,0.309735,0.333333,0.181818,1.0,0.833333,1
0.727273,1.0,0.35279,0.319629,0.8,0.245353,1.0,0.0,0.35279,1.0,0
0.166667,0.2,0.840767,1.0,0.0,0.196643,0.5,0.083333,1.0,0.0,1
1.0,1.0,0.404696,0.34988,1.0,0.270528,0.333333,0.166667,0.404696,0.857143,0
0.666667,1.0,0.614785,0.988489,0.6,0.145463,1.0,0.0,0.614785,0.857143,0
0.5,0.2,0.113811,0.207674,0.6,0.128176,0.333333,0.166667,0.569056,0.857143,1
0.833333,0.2,0.872962,0.65036,1.0,0.313938,0.2,0.333333,1.0,0.857143,1
0.666667,1.0,1.0,0.501439,0.6,0.466428,1.0,0.0,1.0,0.857143,1
0.916667,0.8,0.703168,0.280815,0.8,0.585653,0.25,0.25,0.87896,0.857143,0
0.833333,1.0,0.432482,0.233333,0.8,0.433505,0.5,0.083333,0.432482,0.857143,0
1.0,0.5,0.98873,0.273096,0.25,0.586108,0.1,0.75,1.0,1.0,1
0.416667,0.5,1.0,1.0,0.75,0.161888,1.0,0.0,1.0,1.0,1
0.916667,1.0,0.119141,0.147118,0.25,0.131102,0.142857,0.5,0.119141,1.0,0
0.5,1.0,0.558855,0.71503,0.0,0.126529,0.333333,0.166667,0.558855,1.0,1
0.583333,0.75,0.654919,0.473212,1.0,0.224051,1.0,0.0,0.873226,1.0,0
0.75,0.5,0.351878,0.318853,0.0,0.178656,0.125,0.583333,0.703757,1.0,1
0.916667,1.0,0.648371,0.4915,0.666667,0.201085,0.333333,0.166667,0.648371,1.0,0
0.833333,0.2,0.696698,0.451,0.166667,0.235477,0.111111,0.666667,1.0,1.0,1
0.916667,0.4,0.243276,0.272833,1.0,0.135919,0.25,0.25,0.608189,1.0,1
1.0,1.0,0.839602,1.0,0.166667,0.127983,0.142857,0.5,0.839602,1.0,1
0.75,0.8,0.113055,0.096,0.5,0.179514,0.333333,0.166667,0.141319,1.0,0
0.75,0.6,0.087033,0.0315,1.0,0.421164,1.0,0.0,0.145054,1.0,0
1.0,0.4,1.0,0.607,0.833333,0.251126,0.166667,0.416667,1.0,1.0,1
0.833333,0.4,0.98349,0.2435,0.666667,0.615674,0.2,0.333333,1.0,1.0,1
0.75,0.8,0.635056,1.0,0.8,0.160939,0.5,0.083333,0.793819,1.0,1
0.916667,0.6,0.693591,0.542541,0.2,0.323982,0.125,0.583333,1.0,1.0,1
1.0,1.0,1.0,0.11105,1.0,1.0,0.333333,0.166667,1.0,1.0,1
0.583333,0.4,0.082734,0.057735,1.0,0.363158,1.0,0.0,0.206835,1.0,0
0.363636,0.8,0.237542,0.15502,0.0,0.228705,1.0,0.0,0.296927,0.333333,1
0.727273,0.6,0.26714,0.280321,0.555556,0.142235,1.0,0.0,0.445234,0.666667,0
0.909091,0.6,0.060489,0.039679,0.777778,0.22753,1.0,0.0,0.100814,0.666667,0
0.818182,1.0,0.848778,0.954538,0.333333,0.132716,0.5,0.090909,0.848778,0.833333,1
1.0,0.4,0.906576,0.926908,0.666667,0.145979,0.25,0.272727,1.0,0.666667,1
0.545455,0.4,0.113335,0.096386,0.333333,0.1755,0.5,0.090909,0.283339,0.5,0
1.0,0.2,1.0,1.0,1.0,0.149253,0.5,0.090909,1.0,0.333333,1
0.727273,0.6,0.692735,0.119224,0.6,0.726455,0.333333,0.181818,1.0,1.0,1
0.909091,1.0,0.599773,0.573569,0.0,0.13074,0.166667,0.454545,0.599773,1.0,0
1.0,0.4,0.267785,0.161016,0.6,0.207933,0.142857,0.545455,0.669463,1.0,1
0.818182,0.8,1.0,1.0,1.0,0.125028,1.0,0.0,1.0,0.75,1
0.454545,0.6,0.43504,0.377385,0.0,0.144129,0.333333,0.181818,0.725067,0.75,1
0.833333,0.6,1.0,0.807942,0.25,0.240268,0.166667,0.416667,1.0,1.0,1
0.75,0.8,0.556051,0.053666,0.625,1.0,1.0,0.0,0.695063,1.0,0
0.833333,0.4,0.805367,1.0,0.625,0.15634,0.25,0.25,1.0,1.0,1
1.0,1.0,0.579139,0.057794,0.625,1.0,0.333333,0.166667,0.579139,1.0,0
0.583333,0.6,0.28081,0.407509,0.5,0.133767,1.0,0.0,0.468017,0.8,0
0.833333,0.4,0.642329,0.192648,1.0,0.647245,1.0,0.0,1.0,0.8,1
0.875,1.0,0.195242,0.165974,1.0,0.27746,0.5,0.125,0.195242,1.0,1
0.375,0.75,1.0,1.0,0.0,0.235867,1.0,0.0,1.0,1.0,1
1.0,0.25,0.103726,0.057007,0.5,0.429167,0.142857,0.75,0.414904,1.0,1
0.5,0.25,0.236153,0.073931,0.5,0.753414,0.333333,0.25,0.944612,1.0,1
0.909091,0.6,1.0,0.403541,0.666667,0.502516,0.25,0.272727,1.0,1.0,1
1.0,0.8,0.692258,1.0,1.0,0.14038,0.5,0.090909,0.865323,1.0,1
0.909091,1.0,0.993452,0.674304,0.666667,0.298764,0.5,0.090909,0.993452,1.0,0
0.636364,1.0,0.267814,0.425931,0.0,0.127506,0.333333,0.181818,0.267814,1.0,0
0.727273,1.0,0.519836,0.778443,0.0,0.135418,0.25,0.272727,0.519836,1.0,1
0.666667,1.0,0.536997,0.205356,0.0,0.437357,0.25,0.25,0.536997,1.0,1
0.5,0.2,0.379598,0.248417,0.666667,0.255572,0.5,0.083333,1.0,0.833333,1
0.916667,1.0,0.190177,0.047042,0.666667,0.676154,0.333333,0.166667,0.190177,1.0,0
0.75,0.6,0.40675,0.300344,1.0,0.226506,1.0,0.0,0.677917,0.833333,0
0.75,1.0,0.176763,0.02334,0.166667,1.0,0.25,0.25,0.176763,1.0,0
1.0,0.6,1.0,1.0,0.666667,0.167252,0.166667,0.416667,1.0,1.0,1
0.75,0.8,0.776395,0.310114,0.833333,0.418728,1.0,0.0,0.970494,1.0,1
0.5,0.4,0.452423,0.071814,0.571429,1.0,1.0,0.0,1.0,0.8,0
0.666667,0.8,1.0,0.458055,0.571429,0.395339,1.0,0.0,1.0,1.0,1
0.916667,0.6,0.975467,1.0,1.0,0.176644,0.5,0.083333,1.0,0.8,1
0.666667,0.6,0.416935,0.460211,0.285714,0.164058,0.25,0.25,0.694891,1.0,1
0.75,1.0,0.718709,0.343541,0.428571,0.378845,0.5,0.083333,0.718709,1.0,0
1.0,0.2,0.472192,0.119042,0.714286,0.718297,0.142857,0.5,1.0,1.0,1
1.0,0.2,0.6419,0.903169,0.0,0.143783,0.111111,0.888889,1.0,1.0,1
0.777778,0.6,1.0,1.0,1.0,0.202307,1.0,0.0,1.0,1.0,1
0.777778,0.4,0.407092,0.27782,0.5,0.296442,0.25,0.333333,1.0,1.0,1
1.0,1.0,0.49906,0.7673,0.75,0.131582,0.5,0.111111,0.49906,1.0,0
0.75,0.4,0.979791,0.839334,1.0,0.173486,0.333333,0.166667,1.0,0.857143,1
0.833333,1.0,0.277088,0.082504,0.4,0.499123,0.25,0.25,0.277088,1.0,1
0.916667,1.0,1.0,0.986973,1.0,0.150577,0.5,0.083333,1.0,0.857143,0
0.25,0.2,0.349647,0.330378,0.0,0.157284,0.333333,0.166667,1.0,0.285714,1
1.0,1.0,0.594716,0.127375,1.0,0.693892,0.333333,0.166667,0.594716,0.857143,0
1.0,0.8,0.957512,1.0,1.0,0.142301,0.25,0.25,1.0,0.857143,1
0.916667,1.0,0.152666,0.100959,0.6,0.224731,0.25,0.25,0.152666,0.857143,0
0.916667,1.0,0.089481,0.021712,0.4,0.6125,0.2,0.333333,0.089481,1.0,0
0.916667,0.75,1.0,1.0,0.857143,0.127688,0.333333,0.166667,1.0,1.0,1
0.583333,1.0,0.238083,0.086503,0.142857,0.351434,0.333333,0.166667,0.238083,0.8,0
0.75,0.25,0.972927,0.618591,0.571429,0.200829,0.2,0.333333,1.0,1.0,1
0.666667,1.0,0.921762,0.863215,0.571429,0.136348,1.0,0.0,0.921762,1.0,1
1.0,0.75,0.334715,0.181277,1.0,0.235766,0.333333,0.166667,0.446287,0.6,0
0.583333,0.75,0.595337,0.078399,0.571429,0.96962,1.0,0.0,0.793782,0.8,0
0.727273,0.2,1.0,0.913287,1.0,0.175984,1.0,0.0,1.0,0.75,1
1.0,0.6,0.184862,0.039276,0.714286,0.756494,0.25,0.272727,0.308103,0.75,1
0.363636,0.6,0.357506,0.284111,0.142857,0.202244,1.0,0.0,0.595843,0.5,1
0.909091,0.8,0.934465,1.0,0.0,0.150191,0.142857,0.545455,1.0,1.0,1
0.727273,1.0,0.706125,0.093088,0.285714,1.0,0.5,0.090909,0.706125,1.0,0
0.916667,0.8,1.0,1.0,0.0,0.143172,0.125,0.583333,1.0,1.0,1
0.583333,0.8,0.23044,0.190887,0.375,0.172839,1.0,0.0,0.28805,0.833333,0
0.583333,1.0,0.51117,0.074485,0.0,0.982549,0.333333,0.166667,0.51117,0.833333,0
0.583333,0.8,0.436601,0.332262,0.125,0.188132,0.333333,0.166667,0.545751,0.833333,1
0.666667,0.8,0.109558,0.052724,0.5,0.297507,1.0,0.0,0.136948,0.833333,0
1.0,0.4,0.332347,0.164452,1.0,0.289343,0.333333,0.166667,0.830868,0.333333,1
0.75,1.0,0.122412,0.077406,0.375,0.226415,0.5,0.083333,0.122412,1.0,0
0.833333,0.75,0.485736,0.296382,0.333333,0.315401,0.166667,0.416667,0.647648,1.0,1
0.916667,1.0,0.688381,1.0,0.666667,0.132478,0.25,0.25,0.688381,1.0,1
0.583333,0.75,1.0,0.664072,0.666667,0.2898,1.0,0.0,1.0,1.0,1
0.666667,1.0,0.144387,0.092974,0.666667,0.298869,1.0,0.0,0.144387,1.0,0
0.666667,0.75,0.204831,0.110433,0.0,0.356952,0.166667,0.416667,0.273108,1.0,0
1.0,1.0,0.852661,0.552587,1.0,0.296955,0.333333,0.166667,0.852661,1.0,0
0.916667,0.8,0.446358,0.351394,0.571429,0.281894,0.25,0.25,0.557948,1.0,0
0.416667,1.0,1.0,1.0,0.0,0.22192,1.0,0.0,1.0,0.857143,1
0.916667,1.0,0.841556,0.039793,0.0,1.0,0.142857,0.5,0.841556,1.0,0
0.916667,0.2,0.618681,0.785297,0.428571,0.174835,0.125,0.583333,1.0,1.0,1
0.916667,0.8,0.090771,0.149281,0.285714,0.13494,0.166667,0.416667,0.113464,1.0,0
0.583333,0.8,0.581501,0.330486,0.0,0.390476,0.25,0.25,0.726877,0.857143,0
0.416667,0.2,0.893324,0.136016,0.428571,1.0,0.5,0.083333,1.0,0.857143,1
1.0,0.6,0.880863,0.106115,1.0,1.0,0.333333,0.166667,1.0,0.571429,1
0.833333,0.8,1.0,0.516444,0.166667,0.377321,0.166667,0.416667,1.0,1.0,0
0.75,0.6,0.749782,0.518566,1.0,0.281751,1.0,0.0,1.0,0.8,1
1.0,0.8,0.478659,0.372799,0.833333,0.250199,0.25,0.25,0.598323,1.0,1
0.583333,0.4,0.353659,0.412264,0.666667,0.167164,0.5,0.083333,0.884146,1.0,0
0.666667,1.0,0.599521,0.291534,0.166667,0.400728,0.333333,0.166667,0.599521,1.0,0
0.5,0.8,0.764155,1.0,0.333333,0.148907,1.0,0.0,0.955194,0.8,1
0.416667,1.0,0.358062,0.209123,0.0,0.237219,1.0,0.0,0.358062,0.571429,0
1.0,0.4,0.511987,0.145973,0.857143,0.485938,0.2,0.333333,1.0,0.857143,0
0.666667,0.2,1.0,1.0,0.857143,0.138546,0.5,0.083333,1.0,0.857143,1
1.0,0.2,0.559523,0.108054,1.0,0.717414,0.2,0.333333,1.0,0.857143,1
0.833333,0.2,0.380492,0.086529,0.0,0.609226,0.1,0.75,1.0,1.0,1
0.916667,1.0,0.770758,0.210264,0.142857,0.507864,0.166667,0.416667,0.770758,1.0,1
0.916667,1.0,0.757382,0.32402,0.285714,0.323845,0.2,0.333333,0.757382,1.0,1
0.666667,1.0,0.362486,0.043478,0.142857,1.0,0.333333,0.166667,0.362486,1.0,0
0.833333,1.0,1.0,1.0,1.0,0.131436,1.0,0.0,1.0,1.0,1
1.0,0.8,0.475707,0.026663,0.0,1.0,0.111111,0.666667,0.594634,1.0,1
0.833333,0.2,0.353078,0.065991,0.6,0.703232,0.142857,0.5,1.0,1.0,1
0.666667,0.2,0.245562,0.122384,0.2,0.263725,0.142857,0.5,1.0,1.0,0
0.666667,1.0,0.440815,0.303959,0.0,0.190614,0.25,0.25,0.440815,1.0,0
0.916667,0.4,0.578558,0.22517,1.0,0.337715,0.2,0.333333,1.0,1.0,1
0.545455,0.6,0.813027,0.283517,0.333333,0.864033,0.5,0.090909,1.0,0.857143,1
1.0,1.0,0.274856,0.235707,0.666667,0.351348,0.333333,0.181818,0.274856,0.857143,0
0.727273,0.6,0.313582,0.101973,0.166667,0.926557,0.2,0.363636,0.522636,1.0,0
0.727273,1.0,0.472814,1.0,0.333333,0.142461,0.5,0.090909,0.472814,1.0,0
0.818182,0.4,1.0,0.808425,1.0,0.372705,0.5,0.090909,1.0,0.571429,1
0.636364,0.2,0.151576,0.345704,0.833333,0.132108,0.5,0.090909,0.757878,0.857143,1
0.545455,0.6,0.626942,0.463725,0.5,0.407354,1.0,0.0,1.0,0.714286,0
0.272727,0.4,0.869396,0.38549,0.166667,0.679532,1.0,0.0,1.0,0.428571,1
0.916667,1.0,0.13981,0.110986,0.428571,0.293671,0.25,0.25,0.13981,0.8,0
0.333333,0.4,0.859347,0.270582,0.285714,0.740395,1.0,0.0,1.0,0.4,1
1.0,0.4,0.173918,0.173363,1.0,0.233874,0.25,0.25,0.434796,0.6,1
0.166667,0.2,0.991202,1.0,0.0,0.231076,0.5,0.083333,1.0,0.0,1
1.0,1.0,1.0,0.656926,0.285714,0.354876,0.166667,0.416667,1.0,0.8,1
0.75,0.2,0.804869,0.427086,1.0,0.439342,0.5,0.083333,1.0,0.6,1
0.833333,1.0,0.335436,0.541697,0.444444,0.175962,0.5,0.083333,0.335436,0.857143,0
1.0,0.2,0.763805,0.972568,1.0,0.223167,0.333333,0.166667,1.0,0.428571,1
0.583333,0.6,0.514738,0.804682,0.444444,0.181773,1.0,0.0,0.857897,0.571429,0
0.916667,0.8,0.089973,0.184711,0.666667,0.138416,0.5,0.083333,0.112466,0.714286,0
0.75,0.2,0.440082,0.237381,0.555556,0.52681,0.25,0.25,1.0,0.571429,1
0.166667,0.4,0.688892,0.970007,0.0,0.20181,1.0,0.0,1.0,0.0,1
0.833333,0.2,0.472905,0.746891,1.0,0.179922,1.0,0.0,1.0,0.428571,1
0.5,0.8,1.0,1.0,0.222222,0.284162,1.0,0.0,1.0,0.428571,1
0.636364,1.0,0.628505,0.984051,0.125,0.138344,0.333333,0.181818,0.628505,0.75,1
0.636364,0.5,0.381682,0.347389,0.625,0.237987,1.0,0.0,0.763365,0.75,0
0.545455,0.75,0.174299,0.110334,0.375,0.342178,1.0,0.0,0.232399,0.75,0
0.727273,0.75,1.0,1.0,0.5,0.216605,0.5,0.090909,1.0,0.75,1
1.0,0.25,0.333569,0.566091,1.0,0.127634,0.333333,0.181818,1.0,0.0,1
0.583333,0.2,0.410137,1.0,0.8,0.125339,0.333333,0.166667,1.0,1.0,1
1.0,0.8,0.272466,0.157451,1.0,0.528837,0.25,0.25,0.340582,1.0,0
0.5,0.2,1.0,0.248627,0.6,1.0,0.333333,0.166667,1.0,1.0,1
0.583333,1.0,0.81584,0.471256,0.0,0.52906,0.333333,0.166667,0.81584,1.0,1
1.0,1.0,0.372873,0.499451,0.0,0.228152,0.125,0.583333,0.372873,1.0,1
0.833333,1.0,0.928276,0.244166,0.857143,0.504177,1.0,0.0,0.928276,1.0,0
0.75,0.5,0.543478,0.561875,0.142857,0.128272,0.142857,0.5,1.0,1.0,1
0.916667,0.75,0.973676,1.0,0.714286,0.129123,0.25,0.25,1.0,1.0,1
1.0,0.5,0.602041,0.049618,0.428571,1.0,0.125,0.583333,1.0,1.0,1
1.0,0.5,1.0,0.599725,1.0,0.221125,0.25,0.25,1.0,1.0,0
1.0,1.0,0.959332,0.980192,0.714286,0.129792,0.25,0.25,0.959332,1.0,1
0.636364,1.0,0.417349,0.033102,0.166667,1.0,0.333333,0.181818,0.417349,1.0,0
0.909091,1.0,0.488741,0.539148,1.0,0.140441,1.0,0.0,0.488741,1.0,0
1.0,0.25,0.230169,0.022597,0.166667,1.0,0.1,0.818182,0.920676,1.0,1
0.818182,0.75,0.929887,1.0,0.5,0.144063,0.25,0.272727,1.0,1.0,1
1.0,0.75,1.0,0.79782,0.166667,0.194186,0.125,0.636364,1.0,1.0,1
0.909091,0.75,0.852738,0.84559,0.833333,0.156235,0.333333,0.181818,1.0,1.0,1
0.818182,1.0,0.593014,0.506046,0.5,0.181551,0.333333,0.181818,0.593014,1.0,0
0.727273,0.5,0.294524,0.281467,0.666667,0.162113,0.333333,0.181818,0.589048,1.0,0
1.0,1.0,0.208264,0.129048,0.833333,0.263498,0.5,0.090909,0.208264,1.0,0
1.0,0.4,1.0,0.529931,0.833333,0.308102,0.2,0.363636,1.0,1.0,1
1.0,0.4,0.337491,0.378803,0.166667,0.145466,0.111111,0.727273,0.843727,1.0,1
1.0,0.6,0.903832,1.0,1.0,0.147571,0.333333,0.181818,1.0,1.0,1
1.0,0.8,0.529939,0.296421,1.0,0.289671,0.333333,0.181818,0.662423,1.0,0
0.818182,0.4,0.558405,0.119483,0.0,0.757238,0.125,0.636364,1.0,1.0,1
0.636364,0.6,0.912515,0.696421,0.2,0.212304,0.25,0.272727,1.0,1.0,1
0.909091,0.2,0.915215,0.361233,0.4,0.410512,0.125,0.636364,1.0,1.0,1
0.909091,1.0,1.0,1.0,0.4,0.162028,0.25,0.272727,1.0,1.0,0
0.636364,0.6,0.956933,0.372565,0.8,0.416169,1.0,0.0,1.0,1.0,1
1.0,0.6,0.434724,0.170577,0.4,0.412937,0.142857,0.545455,0.72454,1.0,1
1.0,0.4,0.455924,0.415012,0.888889,0.234279,0.5,0.090909,1.0,1.0,0
1.0,0.6,0.476716,0.046882,0.555556,1.0,0.25,0.272727,0.794527,1.0,0
0.818182,0.2,0.4282,0.562125,0.555556,0.162449,0.25,0.272727,1.0,0.833333,1
0.909091,1.0,0.7859,0.992379,0.333333,0.168885,0.333333,0.181818,0.7859,1.0,1
1.0,0.4,0.597791,0.64642,0.111111,0.197213,0.111111,0.727273,1.0,1.0,1
1.0,0.2,0.096166,0.062587,1.0,0.327675,0.5,0.090909,0.480832,0.833333,0
1.0,0.6,1.0,1.0,0.666667,0.213256,0.333333,0.181818,1.0,1.0,1
1.0,1.0,0.832733,0.083198,1.0,1.0,0.5,0.1,0.832733,1.0,0
0.6,1.0,1.0,1.0,0.25,0.152703,1.0,0.0,1.0,1.0,1
0.7,0.4,0.611618,0.129492,0.0,0.72125,0.166667,0.5,1.0,1.0,1
0.7,0.2,0.661013,0.579799,0.5,0.174093,0.2,0.4,1.0,1.0,1
1.0,0.8,0.805808,1.0,1.0,0.244505,0.5,0.1,1.0,0.666667,1
0.9,1.0,0.787645,0.524832,0.6,0.455372,0.5,0.1,0.787645,1.0,0
1.0,0.8,0.596199,0.080103,0.8,1.0,0.333333,0.2,0.745248,1.0,0
0.5,0.2,1.0,0.756488,0.2,0.401101,0.25,0.3,1.0,0.666667,1
1.0,0.666667,0.668889,0.054576,0.833333,1.0,0.166667,0.416667,1.0,0.75,1
0.666667,1.0,1.0,1.0,0.0,0.174676,0.166667,0.416667,1.0,1.0,1
0.666667,0.333333,0.153744,0.193677,1.0,0.13866,0.5,0.083333,0.461231,0.5,1
0.25,0.333333,0.300248,0.072879,0.333333,0.719635,1.0,0.0,0.900743,0.25,1
0.5,0.333333,0.356068,0.201331,0.666667,0.308926,0.5,0.083333,1.0,0.5,1
0.818182,0.8,0.350917,0.483425,0.714286,0.187029,1.0,0.0,0.438646,0.714286,0
0.454545,0.2,0.372681,0.488122,0.285714,0.196718,0.333333,0.181818,1.0,0.571429,0
0.272727,0.2,0.680926,0.718232,0.142857,0.244269,0.5,0.090909,1.0,0.428571,1
1.0,0.6,0.140238,0.064088,0.285714,0.563793,0.142857,0.545455,0.23373,1.0,0
0.818182,0.4,0.183875,0.159945,1.0,0.2962,1.0,0.0,0.459687,0.714286,0
0.727273,0.2,0.628069,1.0,0.285714,0.161823,0.166667,0.454545,1.0,1.0,1
1.0,1.0,1.0,0.538674,0.428571,0.478308,0.25,0.272727,1.0,0.857143,1
0.818182,0.4,0.59644,0.858564,1.0,0.17899,1.0,0.0,1.0,0.714286,1
0.181818,0.25,0.141815,0.103706,0.125,0.175451,1.0,0.0,0.56726,0.0,1
0.818182,0.75,0.547272,0.160427,0.625,0.43769,0.5,0.090909,0.729696,0.75,1
0.818182,0.25,1.0,1.0,0.375,0.128304,0.166667,0.454545,1.0,0.75,1
0.909091,0.25,0.457251,0.161176,1.0,0.363995,0.5,0.090909,1.0,0.75,0
1.0,1.0,0.854975,0.398914,0.75,0.274988,0.5,0.090909,0.854975,0.75,1
0.75,0.8,0.489901,1.0,0.5,0.164706,0.5,0.083333,0.612377,1.0,0
0.833333,1.0,0.151597,0.27951,0.625,0.182345,1.0,0.0,0.151597,1.0,0
1.0,0.2,0.802372,0.864193,0.75,0.312152,0.166667,0.416667,1.0,1.0,1
0.833333,0.8,0.264209,0.328464,0.625,0.270433,0.5,0.083333,0.330261,1.0,0
0.833333,0.2,0.724284,0.879589,1.0,0.27684,0.5,0.083333,1.0,1.0,1
0.916667,0.8,0.837365,0.370312,0.375,0.760235,0.2,0.333333,1.0,1.0,1
0.916667,0.6,1.0,0.268062,0.5,1.0,0.2,0.333333,1.0,1.0,1
0.916667,0.8,0.307421,0.385709,0.125,0.267963,0.142857,0.5,0.384277,1.0,0
0.909091,0.6,0.95712,1.0,0.714286,0.181776,0.333333,0.181818,1.0,0.857143,1
0.727273,0.8,1.0,0.851098,0.571429,0.223147,1.0,0.0,1.0,1.0,1
1.0,0.6,0.288071,0.071657,1.0,0.76351,0.5,0.090909,0.480119,0.571429,0
0.909091,0.8,0.274934,0.378443,0.142857,0.137975,0.166667,0.454545,0.343668,1.0,0
0.454545,0.6,0.749553,0.524351,0.0,0.271488,0.333333,0.181818,1.0,0.714286,1
0.545455,1.0,0.771203,0.443713,0.142857,0.330094,1.0,0.0,0.771203,0.857143,0
0.545455,0.8,0.724015,0.684232,0.285714,0.200963,1.0,0.0,0.905018,0.857143,0
0.727273,1.0,0.784235,0.846307,0.428571,0.175991,1.0,0.0,0.784235,1.0,0
0.916667,1.0,0.922953,0.388803,0.333333,0.37926,0.2,0.333333,0.922953,1.0,0
0.916667,0.6,1.0,0.502825,0.5,0.317739,0.166667,0.416667,1.0,1.0,1
0.666667,0.4,0.503322,0.278206,1.0,0.289046,1.0,0.0,1.0,1.0,1
0.75,0.4,0.506858,0.612909,1.0,0.132123,0.5,0.083333,1.0,1.0,1
0.916667,0.2,0.909344,1.0,1.0,0.145283,0.2,0.333333,1.0,1.0,1
0.833333,1.0,0.474604,0.488273,0.5,0.155295,0.333333,0.166667,0.474604,1.0,0
1.0,0.2,0.546185,0.116932,0.833333,0.746266,0.142857,0.5,1.0,1.0,1
0.916667,1.0,0.441277,0.232323,0.666667,0.303464,0.333333,0.166667,0.441277,1.0,0
0.916667,0.5,0.550388,1.0,0.888889,0.16944,0.5,0.083333,1.0,1.0,1
0.833333,1.0,1.0,0.614186,0.666667,0.501241,1.0,0.0,1.0,1.0,1
1.0,0.25,0.421835,0.873384,1.0,0.148691,0.333333,0.166667,1.0,1.0,1
1.0,1.0,0.197567,0.186609,0.444444,0.325933,0.2,0.333333,0.197567,1.0,0
0.5,0.8,1.0,1.0,0.0,0.197107,0.333333,0.166667,1.0,0.833333,1
0.5,0.4,0.957317,0.24349,0.666667,0.774954,1.0,0.0,1.0,0.666667,1
0.833333,0.8,0.530375,0.64211,0.833333,0.162808,0.5,0.083333,0.662969,0.833333,0
0.75,0.2,0.591802,0.764968,1.0,0.152488,0.333333,0.166667,1.0,0.5,1
1.0,1.0,0.092593,0.144002,0.666667,0.126739,0.25,0.25,0.092593,0.833333,0
0.916667,1.0,0.769535,0.596483,0.0,0.254291,0.142857,0.5,0.769535,1.0,1
0.333333,0.4,0.570574,0.824394,0.0,0.13642,0.333333,0.166667,1.0,0.333333,0
0.909091,0.8,1.0,1.0,0.8,0.141894,0.333333,0.181818,1.0,1.0,1
0.636364,0.4,0.105198,0.115641,0.0,0.129081,0.166667,0.454545,0.262996,1.0,1
1.0,1.0,0.767468,0.348985,1.0,0.312045,0.5,0.090909,0.767468,1.0,0
0.727273,1.0,0.920402,0.519036,0.6,0.25162,1.0,0.0,0.920402,1.0,0
0.909091,0.6,0.814757,0.185755,1.0,0.622374,0.333333,0.181818,1.0,1.0,0
1.0,0.4,0.064952,0.073287,0.6,0.125758,0.142857,0.545455,0.162381,1.0,0
0.727273,1.0,0.880492,0.452094,0.4,0.276351,0.5,0.090909,0.880492,1.0,1
1.0,1.0,0.671213,0.509835,1.0,0.186808,0.5,0.090909,0.671213,1.0,0
0.666667,0.8,0.459392,0.147166,0.125,1.0,0.25,0.25,0.57424,0.333333,1
0.833333,0.4,0.079295,0.207038,1.0,0.154967,1.0,0.0,0.198238,0.666667,0
0.916667,1.0,1.0,1.0,0.25,0.404616,0.2,0.333333,1.0,1.0,1
1.0,0.2,0.327686,0.40585,1.0,0.326689,0.25,0.25,1.0,0.666667,1
0.75,0.4,0.622903,0.379744,0.666667,0.325017,0.25,0.25,1.0,1.0,1
0.916667,0.8,0.906749,0.18503,0.166667,0.971004,0.142857,0.5,1.0,1.0,1
0.416667,0.6,0.295998,0.293902,0.0,0.199555,0.333333,0.166667,0.49333,0.75,0
0.833333,0.8,1.0,1.0,1.0,0.198142,1.0,0.0,1.0,0.75,1
1.0,1.0,0.870162,0.13452,0.333333,1.0,0.166667,0.416667,0.870162,1.0,0
0.916667,0.2,0.550206,0.678705,0.25,0.15551,0.111111,0.666667,1.0,1.0,1
0.916667,1.0,0.240329,0.183541,0.5,0.251183,0.333333,0.166667,0.240329,0.857143,0
0.333333,0.4,0.551235,0.541938,0.125,0.19512,0.5,0.083333,1.0,0.571429,0
0.916667,0.2,0.921502,1.0,1.0,0.176771,0.333333,0.166667,1.0,0.428571,1
0.5,0.6,1.0,0.960726,0.375,0.199671,1.0,0.0,1.0,0.714286,1
0.416667,0.8,0.304321,0.336096,0.125,0.173693,1.0,0.0,0.380401,0.714286,0
1.0,0.8,0.147325,0.050326,0.75,0.561569,0.333333,0.166667,0.184156,0.428571,1
0.5,0.6,0.997531,0.920268,0.125,0.207935,0.333333,0.166667,1.0,0.714286,1
0.636364,0.8,0.884229,0.230138,0.111111,0.580283,0.333333,0.181818,1.0,0.714286,0
0.909091,0.2,0.977235,0.37773,1.0,0.390734,1.0,0.0,1.0,0.428571,1
1.0,1.0,1.0,1.0,0.444444,0.15103,0.333333,0.181818,1.0,1.0,0
0.818182,0.4,0.058347,0.048475,0.111111,0.181789,0.142857,0.545455,0.145868,0.714286,1
0.909091,0.2,0.234106,0.017655,1.0,1.0,1.0,0.0,1.0,0.428571,0
0.727273,0.8,0.904737,0.807341,0.333333,0.16925,0.5,0.090909,1.0,0.714286,1
0.909091,1.0,0.496206,0.04739,0.111111,1.0,0.2,0.363636,0.496206,1.0,0
0.818182,0.6,0.826907,0.708533,0.555556,0.176262,0.5,0.090909,1.0,0.714286,1
1.0,1.0,1.0,0.443794,0.555556,0.547757,0.333333,0.166667,1.0,1.0,1
0.75,0.6,0.709377,1.0,0.111111,0.172443,0.166667,0.416667,1.0,0.857143,1
0.75,0.6,0.425016,0.357143,0.666667,0.28929,1.0,0.0,0.70836,0.714286,0
0.916667,0.2,0.37492,0.542545,1.0,0.167986,0.5,0.083333,1.0,0.571429,1
0.916667,0.8,0.178388,0.327479,0.666667,0.13242,0.5,0.083333,0.222985,0.857143,0
0.916667,0.8,0.793353,0.044887,0.555556,1.0,0.333333,0.166667,0.991691,1.0,0
0.833333,0.8,0.967887,0.355972,0.444444,0.660965,0.333333,0.166667,1.0,1.0,0
0.5,0.2,0.641458,0.65808,0.333333,0.236951,0.333333,0.166667,1.0,0.571429,1
1.0,1.0,1.0,1.0,1.0,0.126562,1.0,0.0,1.0,0.4,1
0.888889,0.666667,0.632427,0.377752,0.5,0.211889,0.25,0.333333,0.94864,1.0,1
0.777778,0.666667,0.523637,0.408037,0.833333,0.162419,1.0,0.0,0.785456,0.6,0
0.444444,0.333333,0.519902,0.51529,0.5,0.127695,1.0,0.0,1.0,0.6,1
0.555556,0.666667,0.717404,0.662579,0.166667,0.137035,0.333333,0.222222,1.0,0.6,1
0.666667,1.0,0.341777,0.043138,0.0,1.0,0.25,0.333333,0.341777,0.8,0
1.0,1.0,0.961719,0.939573,0.0,0.14479,0.125,0.583333,0.961719,1.0,1
0.75,0.8,0.168589,0.045186,0.0,0.527778,0.166667,0.416667,0.210736,1.0,1
0.833333,0.6,0.199645,0.119598,1.0,0.236132,0.5,0.083333,0.332742,0.6,0
0.75,0.2,0.62847,0.552448,0.0,0.160922,0.111111,0.666667,1.0,1.0,1
0.5,0.2,0.800482,0.816747,0.5,0.138639,0.333333,0.166667,1.0,0.6,1
0.25,0.2,1.0,1.0,0.166667,0.141456,0.5,0.083333,1.0,0.6,1
1.0,0.8,0.946054,0.147664,1.0,1.0,0.2,0.333333,1.0,1.0,0
0.75,1.0,0.352523,0.54982,0.25,0.161913,0.25,0.25,0.352523,1.0,0
1.0,1.0,0.500517,0.640967,1.0,0.197197,0.25,0.25,0.500517,1.0,0
0.833333,1.0,0.890556,1.0,1.0,0.224894,0.5,0.083333,0.890556,1.0,1
0.666667,1.0,1.0,0.663835,0.25,0.380413,0.333333,0.166667,1.0,1.0,1
0.454545,0.2,0.524701,0.186932,0.428571,0.485639,0.5,0.090909,1.0,0.6,1
0.818182,0.2,0.281917,0.239834,1.0,0.203374,0.5,0.090909,1.0,0.6,0
1.0,1.0,0.54923,0.483024,0.571429,0.196731,0.333333,0.181818,0.54923,1.0,1
0.545455,0.6,1.0,1.0,0.142857,0.173016,0.333333,0.181818,1.0,0.8,1
0.727273,0.4,0.592812,0.534149,0.714286,0.192018,0.5,0.090909,1.0,0.8,1
1.0,1.0,0.211979,0.21516,0.285714,0.170459,0.2,0.363636,0.211979,1.0,0
0.363636,0.75,0.8462,1.0,0.142857,0.145095,1.0,0.0,1.0,0.0,1
0.727273,0.25,1.0,0.07322,1.0,1.0,1.0,0.0,1.0,0.75,1
0.909091,0.75,0.310218,0.060371,0.857143,0.881081,0.5,0.090909,0.413624,0.75,0
0.909091,0.25,0.851552,0.591475,1.0,0.246862,0.333333,0.181818,1.0,0.75,1
1.0,1.0,0.384679,0.124006,0.714286,0.531908,0.333333,0.181818,0.384679,0.75,0
0.666667,0.4,0.136547,0.13737,1.0,0.133717,0.25,0.25,0.341367,1.0,0
0.666667,0.6,0.321633,0.218256,0.666667,0.19824,0.25,0.25,0.536054,1.0,1
0.416667,0.2,1.0,1.0,0.0,0.134523,0.2,0.333333,1.0,1.0,1
0.916667,1.0,0.984548,0.303208,0.0,0.436811,0.142857,0.5,0.984548,1.0,1
1.0,0.8,0.304669,0.298012,0.333333,0.137528,0.125,0.583333,0.380836,1.0,1
1.0,1.0,1.0,1.0,0.375,0.174681,0.166667,0.416667,1.0,1.0,1
0.583333,0.75,0.222478,0.190201,0.25,0.204324,0.333333,0.166667,0.296638,0.75,0
0.833333,0.5,0.399179,0.221347,1.0,0.31502,1.0,0.0,0.798357,0.75,0
0.833333,1.0,0.621757,0.084339,0.0,1.0,0.142857,0.5,0.621757,1.0,1
0.833333,0.75,0.825704,0.292913,0.625,0.492413,0.333333,0.166667,1.0,1.0,1
1.0,1.0,0.802503,0.119779,0.0,1.0,0.166667,0.5,0.802503,1.0,0
0.2,0.4,0.146268,0.237041,0.0,0.13397,1.0,0.0,0.36567,0.666667,1
0.5,0.6,1.0,0.459235,0.333333,0.472767,0.5,0.1,1.0,1.0,1
0.8,0.6,0.890936,1.0,1.0,0.193432,0.333333,0.2,1.0,0.666667,1
0.777778,0.6,1.0,0.890627,1.0,0.168914,1.0,0.0,1.0,1.0,1
1.0,0.2,0.922734,0.918569,0.75,0.151121,0.166667,0.555556,1.0,1.0,1
0.555556,0.8,0.497877,0.490979,0.25,0.152553,1.0,0.0,0.622347,1.0,0
1.0,0.8,0.369242,0.195433,0.5,0.284232,0.25,0.333333,0.461553,1.0,0
0.666667,1.0,0.840904,1.0,0.0,0.126505,0.5,0.111111,0.840904,1.0,1
0.75,1.0,1.0,0.152299,0.0,1.0,0.2,0.333333,1.0,1.0,1
0.75,0.8,0.92154,1.0,0.25,0.201494,0.2,0.333333,1.0,1.0,1
0.5,0.8,0.255093,0.26092,0.5,0.213767,1.0,0.0,0.318866,1.0,0
0.666667,0.8,0.756998,0.604598,0.25,0.273764,0.25,0.25,0.946248,1.0,0
0.916667,0.6,0.735576,0.910057,1.0,0.176729,0.2,0.333333,1.0,1.0,1
1.0,0.8,0.511237,0.43908,0.25,0.254581,0.125,0.583333,0.639046,1.0,0
0.818182,0.8,0.257652,0.218128,0.8,0.189341,0.5,0.090909,0.322065,1.0,0
1.0,1.0,0.590289,0.169852,1.0,0.557077,0.5,0.090909,0.590289,1.0,0
1.0,0.8,0.430486,0.249655,0.2,0.276401,0.142857,0.545455,0.538107,1.0,1
0.818182,1.0,0.259742,0.036847,0.2,1.0,0.25,0.272727,0.259742,1.0,0
0.727273,0.6,1.0,1.0,1.0,0.160296,1.0,0.0,1.0,1.0,1
0.818182,0.6,0.142471,0.17399,0.2,0.131257,0.166667,0.454545,0.237451,1.0,1
0.909091,1.0,0.574923,0.176749,1.0,0.521405,1.0,0.0,0.574923,1.0,0
0.333333,0.2,0.418436,0.080678,0.285714,0.941713,0.5,0.083333,1.0,0.4,0
1.0,0.4,0.754388,1.0,0.142857,0.136973,0.1,0.75,1.0,1.0,1
0.583333,1.0,0.873205,0.57388,0.142857,0.276272,0.5,0.083333,0.873205,0.8,1
0.583333,0.4,0.657052,0.205483,0.571429,0.580586,0.5,0.083333,1.0,0.6,1
1.0,0.6,1.0,0.911968,0.571429,0.199096,0.166667,0.416667,1.0,0.8,1
0.666667,0.2,0.264637,0.074883,1.0,0.641667,1.0,0.0,1.0,0.4,0
0.727273,0.2,0.650077,0.076875,0.285714,1.0,0.166667,0.454545,1.0,1.0,1
0.818182,0.2,0.676244,0.2475,1.0,0.665657,0.5,0.090909,1.0,0.75,1
1.0,1.0,0.784248,0.440625,0.714286,0.433617,0.5,0.090909,0.784248,1.0,0
0.545455,0.2,0.61057,1.0,0.714286,0.14875,1.0,0.0,1.0,0.5,1
0.909091,0.6,1.0,0.54375,1.0,0.448046,1.0,0.0,1.0,0.75,1
0.5,0.2,0.55254,0.260328,0.0,0.623174,0.166667,0.416667,1.0,0.857143,1
0.75,0.6,0.380793,0.23082,0.25,0.484375,0.2,0.333333,0.634655,1.0,0
1.0,1.0,0.606365,0.257705,0.625,0.69084,0.333333,0.166667,0.606365,0.857143,0
0.583333,0.4,1.0,0.842295,0.375,0.348579,0.333333,0.166667,1.0,0.714286,1
0.833333,0.4,0.878504,0.471148,1.0,0.54746,1.0,0.0,1.0,0.571429,1
0.25,0.4,0.59196,1.0,0.0,0.173803,0.5,0.083333,1.0,0.571429,1
0.916667,0.8,0.733445,0.62623,0.125,0.343874,0.142857,0.5,0.916806,1.0,1
1.0,0.8,0.100949,0.139344,0.0,0.212706,0.111111,0.666667,0.126186,1.0,0
0.727273,1.0,1.0,0.296787,0.375,0.653806,1.0,0.0,1.0,0.833333,0
0.727273,0.4,0.855379,0.887244,0.75,0.187072,1.0,0.0,1.0,0.833333,1
1.0,0.2,0.540245,0.450049,1.0,0.232929,0.333333,0.181818,1.0,0.5,1
0.909091,0.8,0.493175,0.074976,0.375,1.0,0.25,0.272727,0.616469,1.0,0
0.727273,1.0,0.957146,0.976826,0.0,0.190132,0.25,0.272727,0.957146,0.833333,1
0.818182,0.4,0.648234,1.0,0.0,0.125784,0.125,0.636364,1.0,1.0,1
0.909091,0.6,0.132577,0.132035,0.875,0.194838,1.0,0.0,0.220962,1.0,0
1.0,0.4,0.624479,0.536777,0.888889,0.178045,0.5,0.090909,1.0,0.833333,1
0.727273,0.8,0.417174,0.340144,0.444444,0.187698,1.0,0.0,0.521467,0.5,0
0.909091,0.2,0.07049,0.017162,1.0,0.628571,1.0,0.0,0.352451,0.833333,1
0.909091,0.8,0.859767,1.0,0.333333,0.131579,0.25,0.272727,1.0,1.0,1
0.909091,0.2,1.0,0.293887,0.888889,0.520745,0.5,0.090909,1.0,0.833333,1
1.0,0.8,0.672861,0.653482,0.333333,0.157579,0.2,0.363636,0.841077,1.0,0
0.909091,1.0,0.124853,0.063746,0.555556,0.299744,1.0,0.0,0.124853,1.0,0
0.909091,1.0,0.567927,0.363189,0.714286,0.256386,1.0,0.0,0.567927,1.0,0
1.0,1.0,0.566102,0.266353,0.285714,0.348475,0.2,0.363636,0.566102,1.0,0
0.909091,0.8,0.876402,0.433519,0.714286,0.33146,0.5,0.090909,1.0,1.0,1
0.727273,0.6,0.340678,0.361907,0.571429,0.154341,0.5,0.090909,0.567797,1.0,0
0.818182,0.4,1.0,1.0,0.428571,0.163959,0.2,0.363636,1.0,1.0,1
0.545455,0.4,0.164276,0.160111,0.428571,0.168224,0.5,0.090909,0.410691,0.857143,0
1.0,1.0,0.296089,0.062847,0.714286,0.772449,0.5,0.090909,0.296089,1.0,0
1.0,0.4,0.813299,0.316161,1.0,0.421771,0.333333,0.181818,1.0,0.857143,1
0.916667,0.8,0.096376,0.039309,1.0,0.406897,0.333333,0.166667,0.12047,1.0,0
1.0,1.0,0.121184,0.0388,0.2,0.518341,0.142857,0.5,0.121184,1.0,1
0.666667,0.4,0.728535,0.772281,0.0,0.15656,0.142857,0.5,1.0,1.0,1
0.583333,1.0,1.0,1.0,0.4,0.165961,1.0,0.0,1.0,1.0,1
0.75,0.2,0.249617,0.085903,1.0,0.482249,0.25,0.25,1.0,1.0,1
0.416667,0.4,1.0,0.867853,0.0,0.390305,0.25,0.25,1.0,1.0,1
0.916667,1.0,0.144108,0.384574,0.333333,0.126928,0.166667,0.416667,0.144108,1.0,1
0.416667,0.4,0.389172,1.0,1.0,0.131823,1.0,0.0,0.97293,1.0,1
1.0,0.4,0.947452,0.895361,0.666667,0.358434,0.111111,0.666667,1.0,1.0,1
1.0,1.0,0.287033,0.154587,1.0,0.375824,0.333333,0.166667,0.287033,1.0,0
0.833333,0.4,0.520772,0.607022,1.0,0.173647,0.25,0.25,1.0,1.0,1
0.833333,0.6,1.0,0.495753,0.8,0.408281,0.25,0.25,1.0,1.0,1
0.916667,0.6,0.858162,1.0,1.0,0.173698,0.25,0.25,1.0,1.0,1
0.909091,0.4,0.958422,0.62276,0.857143,0.454388,0.333333,0.181818,1.0,1.0,1
1.0,0.6,0.860395,1.0,1.0,0.254032,0.5,0.090909,1.0,1.0,1
0.818182,0.8,1.0,0.648746,0.285714,0.45511,0.25,0.272727,1.0,1.0,1
0.727273,0.8,0.596358,0.860215,0.142857,0.204687,0.25,0.272727,0.745448,1.0,0
0.727273,1.0,0.952656,0.609319,0.428571,0.461618,1.0,0.0,0.952656,1.0,0
0.5,0.8,0.250223,0.257235,0.0,0.129715,0.5,0.1,0.312779,0.666667,0
0.9,0.8,0.392059,0.102656,1.0,0.509287,1.0,0.0,0.490074,0.666667,1
1.0,1.0,0.094983,0.096016,0.6,0.131915,0.333333,0.2,0.094983,1.0,0
0.7,0.6,1.0,1.0,0.6,0.13335,0.5,0.1,1.0,1.0,1
0.909091,0.2,0.611697,0.382989,1.0,0.201157,0.333333,0.181818,1.0,1.0,1
0.818182,0.8,0.512612,0.318694,0.571429,0.202581,0.5,0.090909,0.640765,1.0,1
0.727273,0.2,0.677319,0.205037,1.0,0.416049,1.0,0.0,1.0,1.0,1
0.909091,0.2,1.0,1.0,1.0,0.125946,0.333333,0.181818,1.0,1.0,1
1.0,0.6,0.821124,0.399696,0.142857,0.25874,0.125,0.636364,1.0,1.0,1
0.727273,1.0,0.399357,0.02987,0.285714,1.0,0.5,0.090909,0.399357,1.0,0
0.818182,0.2,0.833084,0.732297,1.0,0.225168,0.333333,0.181818,1.0,0.714286,1
0.727273,1.0,0.14186,0.10338,0.5,0.271599,1.0,0.0,0.14186,1.0,0
1.0,0.8,0.644852,1.0,0.333333,0.127634,0.166667,0.454545,0.806065,1.0,1
0.545455,0.6,0.515707,0.550456,0.5,0.185433,1.0,0.0,0.859511,0.857143,1
1.0,0.8,0.112939,0.139403,0.666667,0.160354,0.25,0.272727,0.141174,1.0,0
1.0,1.0,0.47806,0.271651,0.666667,0.34832,0.333333,0.181818,0.47806,1.0,0
0.545455,0.6,1.0,0.260301,0.0,0.760379,0.25,0.272727,1.0,0.857143,1
0.818182,1.0,0.239716,0.185788,0.166667,0.255378,0.25,0.272727,0.239716,1.0,0
1.0,0.4,0.709326,0.552294,1.0,0.217992,0.25,0.272727,1.0,1.0,1
0.727273,0.8,0.205867,0.154816,0.0,0.225702,0.2,0.363636,0.257334,1.0,0
0.909091,0.4,0.368691,0.131115,0.833333,0.47728,0.25,0.272727,0.921727,1.0,1
1.0,0.8,0.279272,0.297456,1.0,0.159357,0.5,0.090909,0.34909,1.0,0
0.818182,1.0,1.0,0.553599,0.5,0.306599,0.5,0.090909,1.0,1.0,1
1.0,0.2,0.876761,1.0,0.0,0.148815,0.090909,0.909091,1.0,1.0,1
1.0,1.0,0.083238,0.092142,0.666667,0.2025,0.25,0.25,0.083238,1.0,0
0.5,0.8,0.237726,0.039672,0.166667,1.0,0.5,0.083333,0.297157,0.8,0
0.833333,0.8,1.0,1.0,0.833333,0.224162,0.5,0.083333,1.0,1.0,1
0.75,0.6,0.912765,0.166368,0.5,1.0,0.25,0.25,1.0,1.0,1
1.0,0.2,0.128454,0.15741,1.0,0.182927,0.166667,0.416667,0.64227,0.6,1
0.5,0.6,0.99098,0.599693,0.0,0.370423,0.25,0.25,1.0,0.8,1
0.909091,1.0,0.114522,0.143166,1.0,0.185313,1.0,0.0,0.114522,0.857143,0
1.0,1.0,0.235051,0.241497,0.857143,0.22548,0.333333,0.181818,0.235051,0.857143,0
1.0,1.0,0.174987,0.29128,0.428571,0.139172,0.166667,0.454545,0.174987,1.0,0
0.818182,1.0,0.459423,0.222325,0.0,0.47872,0.142857,0.545455,0.459423,1.0,0
1.0,1.0,0.8126,0.255411,0.714286,0.737046,0.25,0.272727,0.8126,0.857143,1
0.363636,1.0,0.352643,0.62987,0.0,0.129701,0.5,0.090909,0.352643,0.428571,1
1.0,1.0,0.599573,1.0,0.857143,0.138899,0.333333,0.181818,0.599573,0.857143,1
1.0,1.0,1.0,0.684601,0.0,0.338392,0.111111,0.727273,1.0,1.0,1
0.272727,0.2,0.950075,0.801584,0.4,0.297868,1.0,0.0,1.0,0.5,1
0.727273,0.6,1.0,0.068779,1.0,1.0,1.0,0.0,1.0,0.75,1
1.0,0.2,0.559131,0.045852,0.2,1.0,0.1,0.818182,1.0,1.0,1
0.909091,1.0,0.215293,0.125052,0.4,0.432667,0.25,0.272727,0.215293,1.0,0
0.636364,0.6,0.58484,1.0,0.8,0.146978,1.0,0.0,0.974733,0.75,0
0.583333,0.25,0.899935,0.280308,0.285714,0.583122,0.2,0.333333,1.0,0.833333,1
0.333333,0.25,0.538528,0.663316,0.142857,0.147459,0.333333,0.166667,1.0,0.666667,0
0.75,0.5,0.670827,0.117682,1.0,1.0,1.0,0.0,1.0,0.166667,1
0.5,1.0,1.0,1.0,0.0,0.181628,0.333333,0.166667,1.0,0.666667,1
0.416667,0.75,0.764163,0.277351,0.0,0.500426,0.333333,0.166667,1.0,0.666667,1
1.0,0.75,0.663447,0.765031,0.857143,0.157511,0.25,0.25,0.884596,0.333333,1
0.5,0.75,0.088235,0.108614,0.285714,0.14755,0.5,0.083333,0.117647,0.666667,0
1.0,1.0,0.729101,1.0,0.0,0.283021,0.142857,0.545455,0.729101,1.0,0
0.909091,0.2,0.217402,0.19078,1.0,0.442344,0.5,0.090909,1.0,0.5,1
0.818182,0.8,1.0,0.06618,0.5,1.0,0.5,0.090909,1.0,1.0,1
0.545455,0.4,0.923692,0.178914,0.5,1.0,1.0,0.0,1.0,0.75,1
0.727273,0.8,0.559436,0.531264,0.0,0.408763,0.2,0.363636,0.699295,0.75,1
1.0,0.4,0.429476,0.175515,1.0,0.31633,1.0,0.0,1.0,0.666667,0
1.0,0.4,0.144637,0.03917,0.25,0.477352,0.142857,0.6,0.361592,1.0,0
0.7,0.6,1.0,1.0,0.375,0.129275,0.5,0.1,1.0,0.666667,1
1.0,1.0,0.560494,0.466903,0.25,0.155189,0.25,0.3,0.560494,1.0,1
0.75,1.0,0.883969,1.0,0.142857,0.130621,0.25,0.25,0.883969,1.0,1
0.833333,0.6,0.479695,0.488344,1.0,0.145149,1.0,0.0,0.799491,0.833333,0
0.833333,0.6,1.0,0.741014,0.857143,0.199411,0.5,0.083333,1.0,0.833333,1
1.0,1.0,0.551247,0.28681,0.428571,0.284006,0.2,0.333333,0.551247,1.0,0
0.416667,0.8,0.376692,0.299444,0.142857,0.185886,1.0,0.0,0.470865,0.5,0
0.833333,0.2,0.18626,0.041961,0.857143,0.655914,0.25,0.25,0.931298,0.833333,0
1.0,0.8,0.279186,0.121221,0.0,0.340323,0.111111,0.666667,0.348982,1.0,1
0.5,0.4,0.670595,0.527136,0.375,0.204118,0.5,0.083333,1.0,0.75,1
0.75,1.0,1.0,0.842437,0.375,0.190461,0.5,0.083333,1.0,1.0,1
1.0,0.8,0.863612,1.0,0.625,0.138568,0.25,0.25,1.0,1.0,0
0.916667,0.4,0.318494,0.375175,1.0,0.136211,0.5,0.083333,0.796236,0.75,1
0.833333,1.0,0.613202,0.160889,0.5,0.611534,0.5,0.083333,0.613202,1.0,0
1.0,0.4,1.0,1.0,0.166667,0.142433,0.1,0.75,1.0,1.0,1
0.833333,1.0,0.198136,0.028737,0.833333,0.982065,1.0,0.0,0.198136,1.0,0
0.75,0.6,0.260636,0.045291,0.833333,0.819655,0.5,0.083333,0.434393,1.0,1
0.916667,0.6,0.920175,0.575355,1.0,0.227796,0.333333,0.166667,1.0,1.0,1
0.727273,1.0,0.505659,0.083093,0.0,0.984694,0.2,0.363636,0.505659,1.0,0
0.636364,0.5,0.708971,0.818043,0.714286,0.140236,1.0,0.0,1.0,0.833333,1
0.818182,0.25,0.317648,0.018654,1.0,1.0,0.5,0.090909,1.0,0.666667,0
0.818182,0.5,0.500734,0.419196,0.571429,0.193285,0.25,0.272727,1.0,1.0,1
0.636364,0.25,0.995494,1.0,0.428571,0.161082,0.25,0.272727,1.0,0.833333,1
0.727273,1.0,1.0,0.387146,0.0,0.417959,0.2,0.363636,1.0,1.0,1
1.0,0.75,0.582477,0.685094,0.857143,0.137574,0.333333,0.181818,0.776637,1.0,1
1.0,0.666667,1.0,1.0,0.444444,0.17431,0.142857,0.5,1.0,1.0,1
0.833333,0.333333,0.472052,0.150914,1.0,0.545232,1.0,0.0,1.0,0.75,1
0.916667,0.666667,0.096843,0.069428,0.0,0.243137,0.1,0.75,0.145264,1.0,1
0.583333,1.0,0.650898,0.781991,0.222222,0.145088,0.333333,0.166667,0.650898,0.75,1
0.833333,0.333333,0.904496,0.498833,0.0,0.316062,0.1,0.75,1.0,1.0,1
0.916667,1.0,1.0,0.69995,0.0,0.340244,0.142857,0.5,1.0,1.0,1
1.0,1.0,0.47608,0.794014,0.625,0.142794,0.333333,0.166667,0.47608,1.0,0
0.75,0.8,0.31978,0.470322,0.625,0.161925,1.0,0.0,0.399725,1.0,0
0.833333,0.2,0.116063,0.190141,1.0,0.14537,0.5,0.083333,0.580315,1.0,1
0.833333,0.4,0.759848,1.0,0.0,0.180961,0.111111,0.666667,1.0,1.0,1
0.75,0.4,0.711057,0.532696,0.75,0.317894,0.5,0.083333,1.0,1.0,1
0.916667,0.8,0.45167,0.304586,0.625,0.311744,0.333333,0.166667,0.564588,0.833333,0
0.416667,0.6,0.639666,1.0,0.25,0.134474,1.0,0.0,1.0,0.666667,1
0.583333,1.0,0.498225,0.746544,0.125,0.1403,0.5,0.083333,0.498225,0.833333,0
0.75,0.2,0.470355,0.269037,0.5,0.367537,0.2,0.333333,1.0,1.0,1
0.583333,0.8,0.163048,0.127277,0.375,0.26931,1.0,0.0,0.20381,0.833333,0
1.0,0.4,0.755219,0.910906,1.0,0.174295,0.333333,0.166667,1.0,0.5,1
0.916667,0.6,1.0,0.14154,0.5,1.0,0.2,0.333333,1.0,1.0,1
0.833333,0.6,1.0,1.0,1.0,0.323827,1.0,0.0,1.0,0.75,1
0.833333,0.8,0.793191,0.164465,0.714286,1.0,0.5,0.083333,0.991488,1.0,0
0.833333,0.8,0.464406,0.993166,0.428571,0.151422,0.25,0.25,0.580508,1.0,1
0.583333,1.0,0.54713,0.562187,0.142857,0.315154,0.5,0.083333,0.54713,0.75,0
1.0,1.0,0.413759,0.552164,0.571429,0.242657,0.25,0.25,0.413759,1.0,0
1.0,0.2,1.0,1.0,1.0,0.153719,0.25,0.25,1.0,1.0,1
0.916667,1.0,0.719527,0.506947,0.5,0.218178,0.333333,0.166667,0.719527,1.0,1
0.916667,1.0,0.615313,0.283408,0.0,0.333742,0.142857,0.5,0.615313,1.0,1
0.833333,0.4,0.776552,0.357376,0.5,0.334019,0.2,0.333333,1.0,1.0,1
0.666667,0.25,0.581909,0.996811,0.5,0.145905,0.2,0.333333,1.0,1.0,1
0.416667,1.0,0.370758,0.662946,0.166667,0.139779,1.0,0.0,0.370758,0.75,0
0.833333,0.25,0.513524,0.405293,0.0,0.31668,0.1,0.75,1.0,1.0,1
0.666667,1.0,0.6679,0.819515,0.5,0.203696,0.5,0.083333,0.6679,1.0,1
1.0,0.5,1.0,1.0,1.0,0.249936,0.2,0.333333,1.0,0.75,1
1.0,0.4,0.458483,0.099057,1.0,0.856863,0.333333,0.166667,1.0,0.666667,1
0.666667,0.4,1.0,0.63818,0.625,0.290087,0.5,0.083333,1.0,0.333333,1
0.916667,0.4,0.932704,1.0,1.0,0.172669,0.5,0.083333,1.0,0.666667,1
0.916667,1.0,0.52518,0.648169,0.375,0.15,0.25,0.25,0.52518,1.0,0
0.75,1.0,0.954113,0.639558,0.375,0.208662,0.5,0.083333,0.954113,1.0,0
0.833333,0.6,0.833063,0.908331,0.5,0.12828,0.25,0.25,1.0,1.0,1
1.0,0.4,0.406807,0.115755,1.0,0.491554,0.333333,0.166667,1.0,0.833333,0
1.0,0.8,0.788088,0.149617,0.25,0.736742,0.142857,0.5,0.985109,1.0,1
0.833333,0.2,0.378951,0.215075,0.75,0.246443,0.25,0.25,1.0,0.833333,1
0.916667,0.6,0.393436,0.240011,0.75,0.22928,0.333333,0.166667,0.655727,0.833333,0
0.416667,1.0,1.0,1.0,0.0,0.13987,1.0,0.0,1.0,0.5,1
0.916667,0.4,1.0,0.965549,0.333333,0.227481,0.125,0.583333,1.0,1.0,1
1.0,0.8,0.840241,1.0,0.666667,0.184554,0.2,0.333333,1.0,0.857143,1
1.0,0.8,0.479589,0.798312,1.0,0.131952,0.333333,0.166667,0.599486,0.714286,0
0.333333,0.2,0.677366,0.385581,0.5,0.385858,1.0,0.0,1.0,0.428571,1
1.0,0.2,0.889893,0.703628,0.333333,0.277789,0.1,0.75,1.0,1.0,1
1.0,1.0,0.152592,0.241159,0.833333,0.138978,0.333333,0.166667,0.152592,0.714286,0
1.0,0.8,0.143658,0.040155,0.833333,0.785795,0.25,0.25,0.179573,0.714286,0
0.416667,0.8,0.548873,0.93201,0.0,0.129351,0.5,0.083333,0.686091,0.571429,1
1.0,0.8,0.922182,0.305547,0.833333,0.902453,0.25,0.25,1.0,1.0,1
0.833333,0.6,1.0,0.267466,1.0,1.0,0.5,0.083333,1.0,1.0,1
1.0,1.0,0.927497,1.0,0.833333,0.277331,0.333333,0.166667,0.927497,1.0,0
1.0,0.4,0.447553,0.107946,0.833333,1.0,0.166667,0.416667,1.0,1.0,0
0.833333,0.4,0.368231,0.277961,0.0,0.396117,0.111111,0.666667,0.920578,1.0,1
0.666667,1.0,0.460724,0.435202,0.333333,0.530471,0.5,0.083333,0.460724,1.0,0
0.666667,0.8,1.0,0.531043,0.5,0.943587,0.5,0.083333,1.0,1.0,1
0.833333,0.8,0.817515,1.0,0.0,0.409644,0.142857,0.5,1.0,1.0,1
1.0,0.8,0.363527,0.382158,1.0,0.476656,0.333333,0.166667,0.454409,1.0,1
0.5,0.8,0.302458,0.124015,0.5,0.46225,1.0,0.0,0.378073,0.857143,0
0.75,0.4,0.518941,0.480081,0.75,0.204876,0.2,0.333333,1.0,0.857143,1
1.0,1.0,1.0,0.360117,0.75,0.526312,0.2,0.333333,1.0,0.857143,0
0.333333,0.2,0.375371,0.290344,0.25,0.245039,0.333333,0.166667,1.0,0.857143,1
0.166667,0.2,0.113051,0.056043,0.0,0.382329,0.5,0.083333,0.565254,0.142857,1
0.666667,0.4,0.153663,0.055593,0.75,0.523887,0.25,0.25,0.384159,0.857143,0
0.916667,0.8,0.787792,1.0,1.0,0.149314,0.25,0.25,0.984741,0.714286,1
1.0,0.6,0.985156,0.958587,0.5,0.194788,0.125,0.583333,1.0,0.857143,1
0.833333,1.0,1.0,1.0,0.714286,0.14221,1.0,0.0,1.0,1.0,1
0.583333,1.0,0.328805,0.189023,0.142857,0.247373,0.5,0.083333,0.328805,0.833333,0
0.833333,0.8,0.584613,0.208882,0.857143,0.398012,1.0,0.0,0.730767,1.0,0
0.833333,1.0,0.316999,0.258891,0.714286,0.174128,1.0,0.0,0.316999,1.0,0
0.75,0.6,0.634252,0.525546,0.857143,0.171625,1.0,0.0,1.0,1.0,0
1.0,0.6,0.448902,0.263585,1.0,0.242192,0.333333,0.166667,0.74817,0.833333,1
0.916667,1.0,0.519106,0.392851,0.0,0.187914,0.142857,0.5,0.519106,1.0,1
1.0,0.2,0.905142,0.589548,1.0,0.222078,0.5,0.090909,1.0,0.833333,1
0.909091,0.6,0.544249,0.594441,0.0,0.132433,0.125,0.636364,0.907082,1.0,1
1.0,0.8,1.0,0.276766,0.111111,0.522631,0.142857,0.545455,1.0,1.0,1
1.0,1.0,0.165494,0.168135,0.444444,0.142375,0.333333,0.181818,0.165494,1.0,0
0.818182,0.2,0.801759,0.335486,0.111111,0.345683,0.125,0.636364,1.0,0.833333,1
0.909091,0.2,0.601488,0.302603,0.444444,0.287516,0.166667,0.454545,1.0,1.0,1
0.909091,0.4,0.969418,1.0,0.555556,0.140223,0.25,0.272727,1.0,1.0,1
0.666667,0.2,0.791127,0.524172,0.222222,0.327462,0.166667,0.416667,1.0,0.857143,1
1.0,1.0,0.614273,0.952744,0.0,0.139886,0.125,0.583333,0.614273,1.0,1
0.75,0.4,0.161799,0.094077,0.222222,0.373148,0.166667,0.416667,0.404497,0.857143,0
0.75,0.8,0.483991,0.066638,0.333333,1.0,0.333333,0.166667,0.604988,0.857143,0
1.0,0.4,0.397069,0.622387,0.333333,0.138418,0.125,0.583333,0.992673,1.0,1
0.833333,0.2,1.0,0.336672,1.0,0.644437,1.0,0.0,1.0,0.571429,1
0.833333,0.6,0.755796,1.0,0.666667,0.163981,0.5,0.083333,1.0,1.0,1
1.0,0.2,0.670682,0.332535,0.666667,0.43759,0.166667,0.416667,1.0,1.0,1
0.75,0.8,1.0,0.898081,0.2,0.260323,0.2,0.333333,1.0,1.0,1
0.916667,0.8,0.800998,0.037344,1.0,1.0,0.333333,0.166667,1.0,1.0,0
1.0,0.4,0.682862,0.627334,0.8,0.254485,0.142857,0.5,1.0,1.0,1
0.666667,0.8,0.400333,0.065612,0.4,1.0,0.333333,0.166667,0.500416,1.0,0
0.75,0.6,0.435829,0.224326,0.8,0.45422,0.333333,0.166667,0.726382,1.0,0
0.666667,0.8,0.239933,0.055239,0.2,1.0,0.25,0.25,0.299917,1.0,0
0.75,1.0,0.784581,1.0,0.0,0.183428,0.2,0.333333,0.784581,1.0,1
0.833333,0.2,0.737438,0.374222,0.2,0.460707,0.111111,0.666667,1.0,1.0,1
1.0,0.2,0.70011,0.493859,1.0,0.204769,0.333333,0.166667,1.0,0.6,1
0.5,0.6,0.86706,0.589366,0.111111,0.212503,0.333333,0.166667,1.0,0.6,1
0.833333,0.6,0.280884,0.209507,0.777778,0.193655,1.0,0.0,0.46814,0.8,0
0.833333,1.0,1.0,1.0,0.444444,0.144444,0.5,0.083333,1.0,1.0,1
0.75,1.0,0.709313,0.510909,0.111111,0.200537,0.25,0.25,0.709313,0.8,0
0.833333,1.0,0.575673,0.387227,0.555556,0.214739,1.0,0.0,0.575673,1.0,0
0.833333,0.4,0.336481,0.130629,0.2,0.394802,0.125,0.583333,0.841203,1.0,1
1.0,0.6,0.771132,0.914939,1.0,0.12918,0.2,0.333333,1.0,0.714286,1
0.666667,0.8,1.0,0.169049,0.6,0.90666,0.5,0.083333,1.0,0.857143,0
0.333333,0.2,0.179783,0.097212,0.2,0.283456,0.333333,0.166667,0.898916,0.857143,1
0.75,1.0,0.88236,1.0,0.6,0.135239,0.5,0.083333,0.88236,0.857143,1
0.166667,0.2,0.073219,0.060936,0.0,0.184164,0.5,0.083333,0.366095,0.571429,1
1.0,0.8,0.20998,0.248213,0.0,0.129662,0.111111,0.666667,0.262475,1.0,0
0.75,1.0,0.350472,0.325947,0.0,0.164803,0.2,0.333333,0.350472,1.0,0
1.0,0.25,1.0,0.773517,0.0,0.240318,0.083333,0.916667,1.0,1.0,1
0.916667,1.0,0.494356,0.681621,0.0,0.13482,0.125,0.583333,0.494356,1.0,1
0.833333,1.0,0.789153,0.614568,0.25,0.238697,0.2,0.333333,0.789153,1.0,1
0.916667,1.0,0.755417,1.0,0.625,0.140425,0.333333,0.166667,0.755417,1.0,1
0.833333,0.5,0.703387,0.623975,1.0,0.209548,1.0,0.0,1.0,1.0,0
0.833333,0.8,1.0,0.30634,0.857143,1.0,1.0,0.0,1.0,1.0,1
0.916667,0.6,0.806434,0.640593,0.0,0.387036,0.111111,0.666667,1.0,1.0,1
0.916667,0.4,0.114885,0.24397,0.714286,0.144774,0.2,0.333333,0.287211,1.0,1
1.0,0.6,0.137301,0.09683,1.0,0.435943,0.333333,0.166667,0.228835,1.0,0
0.916667,1.0,0.732235,1.0,0.142857,0.225121,0.166667,0.416667,0.732235,1.0,0
0.75,1.0,0.134947,0.149897,0.571429,0.276782,1.0,0.0,0.134947,1.0,0
0.833333,0.6,0.079018,0.178153,0.428571,0.136364,0.2,0.333333,0.131697,1.0,1
0.75,0.2,0.927331,1.0,1.0,0.172143,1.0,0.0,1.0,1.0,1
0.916667,1.0,0.470626,0.161214,0.625,0.541912,0.5,0.083333,0.470626,1.0,0
1.0,0.2,1.0,0.577525,0.75,0.321429,0.166667,0.416667,1.0,1.0,1
0.916667,0.6,0.475862,0.402323,0.625,0.219564,0.25,0.25,0.793103,1.0,1
0.5,0.5,0.40638,0.03995,0.75,1.0,0.5,0.083333,0.81276,1.0,1
0.833333,1.0,0.333175,0.427466,0.75,0.163493,0.25,0.25,0.333175,1.0,0
0.75,0.5,0.673729,0.979775,0.5,0.144241,0.166667,0.416667,1.0,1.0,1
0.416667,0.25,0.293775,0.24819,0.5,0.24829,0.333333,0.166667,1.0,1.0,0
1.0,1.0,0.358172,0.583021,1.0,0.128865,0.2,0.333333,0.358172,1.0,1
1.0,0.75,1.0,1.0,1.0,0.209763,0.166667,0.416667,1.0,1.0,1
0.666667,0.4,0.670839,0.545442,0.5,0.16701,0.2,0.333333,1.0,1.0,1
1.0,1.0,1.0,1.0,1.0,0.135792,0.25,0.25,1.0,0.75,1
0.583333,0.6,0.062998,0.051271,0.5,0.166849,0.333333,0.166667,0.104996,1.0,0
1.0,0.6,0.513293,0.448097,0.5,0.155549,0.125,0.583333,0.855488,1.0,1
0.333333,0.2,0.68408,0.498385,0.75,0.186387,1.0,0.0,1.0,0.75,1
0.916667,0.5,0.837976,0.174916,0.333333,0.697222,0.125,0.583333,1.0,1.0,1
0.416667,0.25,0.822744,0.644701,0.666667,0.185728,1.0,0.0,1.0,0.333333,1
1.0,1.0,0.083255,0.025053,1.0,0.483636,0.333333,0.166667,0.083255,0.833333,0
0.833333,1.0,1.0,0.384756,0.833333,0.378256,0.5,0.083333,1.0,0.833333,1
1.0,0.25,0.922796,1.0,1.0,0.1343,0.166667,0.416667,1.0,0.833333,1
0.916667,1.0,0.332916,0.317492,0.833333,0.152606,0.333333,0.166667,0.332916,0.833333,0
0.666667,1.0,0.291914,0.228515,0.666667,0.185914,1.0,0.0,0.291914,1.0,0
0.75,0.25,0.699751,0.194955,0.714286,0.909283,0.25,0.25,1.0,1.0,1
0.916667,0.5,0.723563,1.0,0.285714,0.183301,0.125,0.583333,1.0,1.0,1
0.833333,0.5,1.0,0.355635,0.714286,0.712336,0.25,0.25,1.0,1.0,1
1.0,0.75,0.272324,0.414587,1.0,0.166402,0.333333,0.166667,0.363098,0.833333,0
0.833333,1.0,0.34376,0.563751,0.571429,0.154475,0.333333,0.166667,0.34376,1.0,1
0.666667,1.0,0.214309,0.341651,0.285714,0.158909,0.333333,0.166667,0.214309,1.0,0
0.583333,0.5,0.056283,0.06992,0.428571,0.203922,0.333333,0.166667,0.112566,0.833333,0
0.666667,0.8,0.174497,0.157252,0.0,0.159567,0.2,0.333333,0.218121,1.0,0
0.5,0.8,1.0,1.0,0.0,0.143798,0.333333,0.166667,1.0,1.0,1
0.416667,0.8,0.206869,0.118081,0.0,0.251923,0.5,0.083333,0.258587,1.0,0
1.0,0.8,0.364587,0.409878,0.0,0.127909,0.111111,0.666667,0.455734,1.0,1
1.0,1.0,0.308133,0.284417,1.0,0.155788,0.142857,0.5,0.308133,1.0,1
0.916667,0.8,0.473801,0.516528,0.142857,0.151237,0.142857,0.5,0.592251,1.0,1
0.75,0.6,0.77417,0.660515,0.714286,0.193245,0.5,0.083333,1.0,0.75,0
1.0,0.4,0.638868,0.18982,1.0,0.554915,0.25,0.25,1.0,0.75,1
0.416667,0.2,0.724969,0.786656,0.285714,0.151946,0.333333,0.166667,1.0,0.5,1
0.916667,1.0,1.0,1.0,0.285714,0.164875,0.2,0.333333,1.0,1.0,1
0.583333,0.25,1.0,1.0,1.0,0.168157,1.0,0.0,1.0,1.0,1
0.833333,1.0,0.806099,0.140506,0.833333,0.964735,0.5,0.083333,0.806099,1.0,1
0.666667,0.75,0.070369,0.084719,0.666667,0.139673,0.5,0.083333,0.093825,1.0,0
1.0,1.0,0.120853,0.117464,1.0,0.173009,0.333333,0.166667,0.120853,1.0,0
0.75,0.6,0.342834,1.0,0.333333,0.140165,0.2,0.333333,0.57139,1.0,1
0.5,0.6,0.530119,0.345455,0.5,0.627392,1.0,0.0,0.883532,0.5,1
1.0,1.0,0.128361,0.285537,0.166667,0.183792,0.142857,0.5,0.128361,1.0,0
1.0,0.6,1.0,0.324793,1.0,1.0,0.25,0.25,1.0,0.5,1
0.25,0.4,0.224884,0.38843,0.0,0.236702,0.5,0.083333,0.562209,0.5,1
0.916667,0.6,0.128497,0.229816,0.111111,0.180882,0.125,0.583333,0.214161,1.0,1
0.666667,0.6,1.0,1.0,0.444444,0.323507,0.5,0.083333,1.0,0.8,1
0.75,1.0,0.59733,0.860308,0.444444,0.224618,1.0,0.0,0.59733,0.8,0
0.583333,0.2,0.320836,0.484792,0.555556,0.214098,0.5,0.083333,1.0,0.6,1
0.833333,0.4,0.512594,0.811491,0.777778,0.20435,0.5,0.083333,1.0,0.8,1
1.0,0.2,0.982008,0.340969,1.0,0.931718,0.333333,0.166667,1.0,0.4,1
0.583333,0.4,0.552058,0.238319,0.0,0.539113,0.166667,0.416667,1.0,1.0,1
1.0,0.8,1.0,1.0,0.333333,0.232731,0.142857,0.5,1.0,1.0,1
0.75,1.0,0.552361,0.783752,0.0,0.16402,0.2,0.333333,0.552361,1.0,1
1.0,0.8,0.325262,0.571026,0.5,0.132566,0.166667,0.416667,0.406578,1.0,0
1.0,0.4,0.247276,0.025123,1.0,1.0,0.2,0.333333,0.61819,1.0,1
1.0,0.25,0.285974,0.038957,0.444444,1.0,0.125,0.583333,1.0,1.0,1
0.833333,0.25,0.233979,0.234731,1.0,0.253165,1.0,0.0,0.935916,0.571429,0
0.833333,1.0,0.212141,0.164411,0.555556,0.327711,0.5,0.083333,0.212141,0.857143,0
0.833333,1.0,0.325621,0.355893,0.555556,0.232375,0.5,0.083333,0.325621,0.857143,0
0.833333,0.25,0.474847,0.366458,0.666667,0.329099,0.25,0.25,1.0,0.857143,1
0.75,1.0,0.987651,0.76791,0.0,0.326655,0.166667,0.416667,0.987651,0.857143,1
0.583333,0.5,0.452489,0.354242,0.444444,0.324418,0.5,0.083333,0.904979,0.857143,1
0.416667,0.75,1.0,1.0,0.0,0.253978,0.333333,0.166667,1.0,0.428571,1
1.0,0.6,0.317562,0.19621,0.833333,0.294808,0.2,0.333333,0.529269,1.0,0
0.666667,0.8,0.997092,0.482885,0.333333,0.376118,0.333333,0.166667,1.0,1.0,1
0.916667,0.4,0.782438,0.935208,0.166667,0.152397,0.111111,0.666667,1.0,1.0,1
0.916667,1.0,1.0,0.507946,0.833333,0.358604,0.5,0.083333,1.0,1.0,1
0.833333,0.6,0.372595,0.273024,1.0,0.248582,0.5,0.083333,0.620992,1.0,0
0.583333,1.0,0.686465,1.0,0.166667,0.125041,0.5,0.083333,0.686465,1.0,0
1.0,0.2,0.083221,0.074165,1.0,0.204396,0.166667,0.416667,0.416107,1.0,1
0.833333,0.2,0.676957,0.321108,0.0,0.38401,0.1,0.75,1.0,1.0,1
0.666667,1.0,0.641773,0.680666,0.142857,0.152715,0.333333,0.166667,0.641773,1.0,0
0.666667,1.0,0.426574,0.526224,0.142857,0.131298,0.333333,0.166667,0.426574,1.0,0
0.916667,0.6,1.0,1.0,0.428571,0.16197,0.166667,0.416667,1.0,1.0,1
1.0,0.4,0.234556,0.288175,0.571429,0.131833,0.142857,0.5,0.58639,1.0,1
0.916667,1.0,0.868563,0.682021,0.142857,0.206271,0.166667,0.416667,0.868563,1.0,1
0.916667,0.8,0.236707,0.021095,0.714286,1.0,0.333333,0.166667,0.295884,1.0,0
0.916667,0.2,0.138009,0.102961,1.0,0.217105,0.25,0.25,0.690047,1.0,1
0.916667,1.0,0.932422,0.780377,0.285714,0.174807,0.2,0.333333,0.932422,1.0,0
0.833333,0.4,0.507609,0.101132,1.0,0.734328,0.5,0.083333,1.0,0.8,1
1.0,0.6,0.178875,0.082075,0.714286,0.318851,0.2,0.333333,0.298126,1.0,1
0.666667,0.6,0.815321,0.853208,0.428571,0.139805,0.333333,0.166667,1.0,1.0,1
0.916667,0.8,0.34537,0.253019,0.0,0.199702,0.125,0.583333,0.431713,1.0,0
0.5,1.0,1.0,1.0,0.0,0.146302,0.5,0.083333,1.0,0.8,1
0.545455,1.0,0.079953,0.07563,0.0,0.194872,0.5,0.090909,0.079953,0.75,0
0.454545,0.2,1.0,1.0,0.142857,0.184335,0.25,0.272727,1.0,0.5,1
1.0,0.2,0.216365,0.145227,0.714286,0.274629,0.166667,0.454545,1.0,0.75,1
0.909091,0.6,0.791233,0.333333,1.0,0.437557,1.0,0.0,1.0,0.25,1
0.636364,0.6,0.339334,0.358543,0.571429,0.174459,1.0,0.0,0.565556,0.75,1
0.583333,1.0,0.900962,0.984744,0.0,0.273026,0.333333,0.166667,0.900962,0.714286,1
0.416667,0.8,0.485565,1.0,0.125,0.1449,1.0,0.0,0.606957,0.714286,0
0.583333,0.8,0.501504,0.794795,0.125,0.188295,0.333333,0.166667,0.62688,0.714286,0
0.333333,0.4,0.5,0.223452,0.125,0.667738,0.5,0.083333,1.0,0.714286,1
0.916667,0.4,0.164094,0.373018,0.875,0.131275,0.333333,0.166667,0.410235,0.428571,0
0.916667,0.4,0.057638,0.125636,1.0,0.136905,0.5,0.083333,0.144096,0.428571,0
0.916667,1.0,0.380714,0.204906,0.25,0.554453,0.2,0.333333,0.380714,1.0,0
1.0,1.0,1.0,0.38618,0.375,0.772734,0.2,0.333333,1.0,1.0,1
0.833333,0.6,1.0,0.69775,0.333333,0.303358,0.2,0.333333,1.0,1.0,1
1.0,1.0,0.711233,0.380886,0.444444,0.39525,0.25,0.25,0.711233,1.0,0
0.5,0.4,0.78674,0.433542,0.333333,0.384109,0.5,0.083333,1.0,0.714286,1
0.916667,0.8,0.451068,0.431918,0.555556,0.221053,0.333333,0.166667,0.563836,1.0,0
1.0,0.2,0.288438,0.241939,0.777778,0.252349,0.2,0.333333,1.0,0.714286,1
0.666667,0.4,0.182685,0.284389,0.222222,0.135971,0.2,0.333333,0.456712,0.857143,1
1.0,0.2,0.802411,1.0,1.0,0.169845,0.333333,0.166667,1.0,0.571429,1
0.583333,0.4,0.568438,0.526096,0.555556,0.228704,1.0,0.0,1.0,0.714286,1
0.416667,0.2,0.075382,0.028298,0.125,0.384127,0.25,0.25,0.376908,0.571429,1
1.0,1.0,0.939882,1.0,0.375,0.135529,0.2,0.333333,0.939882,1.0,1
0.666667,0.4,0.863254,0.651145,0.0,0.19117,0.142857,0.5,1.0,0.857143,1
0.75,0.8,0.355207,0.359186,0.625,0.142601,1.0,0.0,0.444009,0.714286,0
0.75,0.8,1.0,0.885162,0.625,0.162906,1.0,0.0,1.0,0.714286,0
0.916667,0.4,0.80895,0.75161,1.0,0.155199,0.5,0.083333,1.0,0.571429,1
0.416667,0.4,0.327899,0.19479,0.25,0.242736,0.5,0.083333,0.819749,0.571429,1
0.833333,0.6,0.230921,0.143734,0.25,0.231667,0.166667,0.416667,0.384868,1.0,0
0.833333,0.5,0.573743,0.603429,0.75,0.199964,0.333333,0.166667,1.0,0.8,1
1.0,0.5,0.842479,0.994944,1.0,0.178082,0.333333,0.166667,1.0,0.6,1
0.416667,1.0,1.0,1.0,0.0,0.21031,0.5,0.083333,1.0,0.4,1
0.666667,0.75,0.336992,0.198945,0.5,0.356243,0.5,0.083333,0.449322,0.8,0
1.0,0.25,0.235602,0.375687,0.75,0.13189,0.166667,0.416667,0.942406,0.8,1
0.916667,0.75,0.90854,0.129919,0.0,1.0,0.111111,0.666667,1.0,1.0,1
1.0,1.0,0.519833,1.0,0.333333,0.137245,0.2,0.333333,0.519833,1.0,0
1.0,0.4,0.989321,0.967777,0.888889,0.269895,0.333333,0.166667,1.0,0.666667,1
0.666667,0.4,0.402563,0.662191,0.666667,0.160503,1.0,0.0,1.0,0.5,1
0.75,0.2,1.0,0.770677,0.333333,0.342578,0.166667,0.416667,1.0,0.666667,1
0.666667,0.4,0.363202,0.072234,0.555556,1.0,0.5,0.083333,0.908004,0.5,1
0.916667,0.2,0.237795,0.277121,1.0,0.22655,0.5,0.083333,1.0,0.5,1
1.0,0.2,0.749898,0.656284,1.0,0.301678,0.333333,0.166667,1.0,0.5,1
0.75,1.0,1.0,1.0,0.166667,0.52644,0.5,0.125,1.0,0.666667,1
0.75,0.25,0.071996,0.277138,0.666667,0.136761,0.5,0.125,0.287985,0.666667,1
1.0,0.25,0.294897,0.392359,1.0,0.395672,0.5,0.125,1.0,0.333333,1
1.0,1.0,0.079023,0.257126,0.5,0.161792,0.5,0.125,0.079023,1.0,0
0.75,1.0,0.137445,0.110299,0.25,0.190536,0.25,0.25,0.137445,1.0,1
0.833333,0.25,0.806918,0.222686,0.625,0.554062,0.2,0.333333,1.0,1.0,1
1.0,0.25,1.0,1.0,1.0,0.152905,0.25,0.25,1.0,1.0,1
0.833333,0.75,0.140744,0.164405,0.75,0.130899,0.5,0.083333,0.187659,1.0,1
0.75,0.6,0.882096,0.746988,0.833333,0.180187,0.5,0.083333,1.0,1.0,1
0.5,0.8,0.669227,0.168838,0.166667,0.604822,0.5,0.083333,0.836534,0.857143,0
0.833333,0.8,1.0,0.339954,0.0,0.448851,0.142857,0.5,1.0,1.0,1
0.75,1.0,0.175309,0.144253,0.333333,0.18544,0.333333,0.166667,0.175309,1.0,0
0.583333,0.8,0.706679,0.563986,0.166667,0.191195,0.333333,0.166667,0.883349,1.0,0
1.0,0.4,0.6879,0.648486,0.5,0.161863,0.125,0.583333,1.0,1.0,1
0.75,0.8,0.38455,0.271573,0.166667,0.216067,0.2,0.333333,0.480687,1.0,0
0.75,0.4,0.959667,1.0,1.0,0.146434,0.5,0.083333,1.0,0.857143,1
1.0,0.4,0.907953,0.421241,1.0,0.593186,0.333333,0.166667,1.0,0.666667,1
0.833333,1.0,0.726728,0.095084,0.25,1.0,0.25,0.25,0.726728,1.0,1
1.0,0.2,1.0,0.053463,0.625,1.0,0.142857,0.5,1.0,1.0,1
0.5,0.4,0.873403,1.0,0.375,0.240366,0.5,0.083333,1.0,0.666667,1
0.75,0.8,0.874394,0.285435,0.6,0.40523,0.333333,0.166667,1.0,1.0,0
0.916667,0.8,0.741721,0.560826,0.4,0.17495,0.166667,0.416667,0.927151,1.0,1
0.666667,0.8,1.0,1.0,0.6,0.132282,0.5,0.083333,1.0,1.0,1
0.583333,1.0,0.598924,0.111328,0.0,0.711654,0.333333,0.166667,0.598924,1.0,0
0.833333,0.8,0.620333,0.043387,1.0,1.0,0.5,0.083333,0.775417,0.857143,0
0.916667,1.0,0.278739,0.142718,0.8,0.258358,0.333333,0.166667,0.278739,0.857143,0
1.0,0.8,0.678022,0.031948,1.0,1.0,0.25,0.25,0.847527,0.857143,0
0.333333,0.6,0.76545,0.440709,0.2,0.229756,1.0,0.0,1.0,0.571429,1
0.333333,0.6,0.059042,0.018735,0.25,0.432353,1.0,0.0,0.098403,0.8,0
1.0,1.0,1.0,0.097121,1.0,1.0,0.25,0.25,1.0,0.8,1
0.583333,0.4,0.557184,0.085411,0.5,0.895,0.25,0.25,1.0,1.0,1
0.666667,0.6,0.976805,0.681912,0.25,0.196525,0.2,0.333333,1.0,1.0,1
0.666667,0.4,0.966262,1.0,0.5,0.132566,0.2,0.333333,1.0,1.0,1
0.833333,1.0,0.709107,0.248244,0.25,0.391898,0.2,0.333333,0.709107,1.0,0
0.727273,0.8,0.438985,0.294211,0.285714,0.219767,0.333333,0.181818,0.548731,1.0,0
0.818182,0.6,0.851885,0.967105,0.285714,0.129741,0.2,0.363636,1.0,1.0,1
1.0,1.0,0.270681,0.162105,0.714286,0.245942,0.5,0.090909,0.270681,1.0,0
0.909091,0.6,1.0,1.0,1.0,0.147289,1.0,0.0,1.0,1.0,1
0.666667,1.0,0.491794,0.193532,0.222222,0.701028,0.5,0.083333,0.491794,0.75,0
0.916667,0.2,0.300631,0.10995,1.0,0.754299,0.5,0.083333,1.0,0.25,1
1.0,0.6,1.0,1.0,0.444444,0.275871,0.166667,0.416667,1.0,1.0,1
0.666667,1.0,0.988819,0.71393,0.333333,0.382091,1.0,0.0,0.988819,0.75,1
0.75,0.8,0.191704,0.281095,0.333333,0.188142,0.333333,0.166667,0.23963,0.75,0
0.727273,0.333333,0.395761,0.429443,0.8,0.160862,0.25,0.272727,1.0,0.666667,1
0.272727,0.666667,0.631977,0.222988,0.2,0.494704,1.0,0.0,0.947965,0.333333,1
0.272727,0.333333,1.0,0.04074,0.2,1.0,0.5,0.090909,1.0,0.333333,1
1.0,0.666667,0.749915,0.544381,0.8,0.240456,0.166667,0.454545,1.0,0.666667,1
0.545455,0.333333,0.140377,0.058059,0.2,0.422034,0.2,0.363636,0.42113,1.0,1
1.0,1.0,0.596009,0.240307,1.0,0.432924,0.25,0.272727,0.596009,0.666667,1
0.909091,0.333333,0.927951,1.0,0.8,0.161976,0.166667,0.454545,1.0,0.666667,1
0.909091,0.75,0.654053,0.756875,1.0,0.217301,1.0,0.0,0.872071,0.833333,1
0.909091,1.0,0.909044,0.899171,0.571429,0.254223,0.333333,0.181818,0.909044,1.0,0
0.727273,0.25,0.587051,1.0,0.857143,0.147621,0.5,0.090909,1.0,1.0,1
1.0,1.0,1.0,0.506329,0.428571,0.496638,0.2,0.363636,1.0,1.0,1
1.0,0.25,0.812533,0.592754,0.142857,0.344698,0.1,0.818182,1.0,1.0,1
0.636364,1.0,0.18955,0.263204,0.285714,0.181095,0.5,0.090909,0.18955,0.833333,0
0.818182,0.75,0.856275,0.13182,0.714286,1.0,0.5,0.090909,1.0,1.0,0
0.833333,0.6,0.458,0.15702,1.0,0.429863,1.0,0.0,0.763333,0.833333,0
1.0,0.4,0.351455,0.185691,0.857143,0.278932,0.2,0.333333,0.878636,0.833333,1
0.833333,1.0,1.0,0.913987,0.714286,0.161243,1.0,0.0,1.0,1.0,1
0.833333,0.8,0.156,0.131565,0.714286,0.174745,0.5,0.083333,0.195,1.0,0
1.0,0.2,0.667091,0.576635,0.571429,0.170493,0.125,0.583333,1.0,1.0,1
0.916667,1.0,0.617636,0.591372,0.714286,0.153919,0.5,0.083333,0.617636,1.0,0
0.5,0.2,0.946182,1.0,0.571429,0.139443,0.5,0.083333,1.0,0.666667,1
1.0,0.2,1.0,1.0,0.111111,0.206617,0.090909,0.833333,1.0,1.0,1
0.5,1.0,0.874421,0.550146,0.111111,0.328404,1.0,0.0,0.874421,0.666667,1
1.0,0.2,0.474824,0.644195,1.0,0.152293,0.333333,0.166667,1.0,0.333333,1
0.666667,0.8,0.805337,0.606742,0.222222,0.274246,0.333333,0.166667,1.0,0.666667,0
0.916667,1.0,0.791667,1.0,0.5,0.133948,0.333333,0.166667,0.791667,0.8,1
0.916667,1.0,0.212179,0.040492,0.375,0.886607,0.25,0.25,0.212179,1.0,0
1.0,0.2,0.958654,0.725958,1.0,0.223431,0.25,0.25,1.0,0.4,1
0.666667,0.6,0.098291,0.10141,0.5,0.163993,0.5,0.083333,0.163818,0.6,0
0.583333,0.6,1.0,0.782357,0.125,0.216266,0.25,0.25,1.0,0.8,1
0.333333,0.6,0.338889,0.214027,0.125,0.267905,1.0,0.0,0.564815,0.4,1
1.0,0.8,0.270025,0.163644,1.0,0.229697,0.25,0.25,0.337532,0.857143,1
0.916667,0.8,0.22402,0.15911,0.2,0.195993,0.142857,0.5,0.280025,1.0,0
0.5,0.4,0.963053,0.107821,0.8,1.0,1.0,0.0,1.0,0.857143,1
0.333333,0.6,0.498422,0.342165,0.0,0.202774,0.5,0.083333,0.830704,0.714286,1
0.583333,0.8,0.667583,0.32998,0.0,0.281623,0.25,0.25,0.834478,1.0,0
0.666667,0.2,1.0,1.0,0.4,0.139204,0.166667,0.416667,1.0,1.0,1
1.0,0.6,0.62117,0.245537,0.2,0.352164,0.111111,0.666667,1.0,1.0,1
0.916667,1.0,0.312265,0.17427,0.0,0.249431,0.142857,0.5,0.312265,1.0,0
0.666667,0.25,0.845576,0.541336,1.0,0.502077,1.0,0.0,1.0,0.666667,1
1.0,1.0,0.241255,0.336971,0.0,0.230128,0.111111,0.666667,0.241255,1.0,1
0.75,0.5,0.469753,0.214616,0.142857,0.703544,0.142857,0.5,0.939506,1.0,1
0.5,0.5,1.0,1.0,0.571429,0.321429,1.0,0.0,1.0,0.666667,1
1.0,1.0,0.601631,0.027559,0.142857,1.0,0.142857,0.545455,0.601631,1.0,0
0.363636,1.0,1.0,0.240694,0.0,0.711078,1.0,0.0,1.0,0.666667,1
1.0,1.0,0.468319,0.284001,0.714286,0.282231,0.333333,0.181818,0.468319,0.666667,0
0.727273,0.5,0.823818,0.261274,0.428571,0.539658,0.25,0.272727,1.0,1.0,0
0.454545,0.5,0.356336,0.214567,0.142857,0.284237,0.333333,0.181818,0.712673,0.666667,0
0.909091,1.0,0.993622,1.0,0.428571,0.170061,0.25,0.272727,0.993622,1.0,1
0.818182,0.5,0.834588,0.766285,1.0,0.186408,1.0,0.0,1.0,0.666667,1
0.833333,0.6,1.0,0.598213,0.6,0.220284,0.2,0.333333,1.0,1.0,1
0.916667,0.2,0.687227,0.436374,1.0,0.20753,0.166667,0.416667,1.0,0.857143,1
0.666667,1.0,0.937117,0.176827,0.0,0.69837,0.25,0.25,0.937117,1.0,1
0.583333,0.2,0.645997,0.197002,0.4,0.432114,0.2,0.333333,1.0,1.0,1
0.416667,0.4,0.213255,0.059375,0.0,0.473301,0.25,0.25,0.533136,0.714286,0
0.75,0.2,0.285761,0.164433,0.8,0.22901,0.2,0.333333,1.0,1.0,1
0.5,0.2,0.994313,1.0,1.0,0.131028,1.0,0.0,1.0,0.857143,1
1.0,1.0,0.818898,0.395014,0.4,0.273185,0.166667,0.416667,0.818898,1.0,0
0.916667,1.0,1.0,0.091556,0.571429,1.0,0.333333,0.166667,1.0,1.0,0
1.0,0.6,0.545903,0.138,1.0,0.712399,0.333333,0.166667,0.909839,0.666667,0
0.833333,0.4,0.680775,0.931111,0.714286,0.131671,0.25,0.25,1.0,1.0,1
0.583333,0.8,0.811821,0.762667,0.428571,0.191696,1.0,0.0,1.0,0.833333,0
1.0,0.4,0.779862,1.0,0.857143,0.140444,0.2,0.333333,1.0,1.0,1
0.583333,1.0,0.699654,0.025333,0.0,1.0,0.333333,0.166667,0.699654,0.833333,1
0.833333,0.8,0.633761,0.375778,0.857143,0.303726,1.0,0.0,0.792201,1.0,1
0.666667,0.4,0.460134,0.859482,0.142857,0.147523,0.166667,0.416667,1.0,1.0,1
1.0,1.0,0.618842,0.239059,0.571429,0.713325,0.25,0.25,0.618842,1.0,1
0.75,0.8,0.539542,0.152724,0.142857,0.973489,0.2,0.333333,0.674427,1.0,0
0.416667,0.6,0.730229,0.653766,0.142857,0.307787,0.5,0.083333,1.0,0.714286,0
0.916667,0.2,0.498055,1.0,1.0,0.137243,0.25,0.25,1.0,0.714286,1
0.416667,0.8,1.0,0.530515,0.0,0.519416,0.5,0.083333,1.0,0.714286,1
1.0,0.8,0.337187,0.118488,0.857143,0.784171,0.333333,0.166667,0.421483,0.714286,0
1.0,0.8,0.548185,0.111045,0.0,1.0,0.111111,0.666667,0.685231,1.0,0
1.0,0.8,0.507179,0.251362,0.0,0.314396,0.111111,0.666667,0.633974,1.0,1
0.916667,1.0,0.270571,0.117315,1.0,0.35937,0.5,0.083333,0.270571,1.0,0
1.0,0.8,1.0,1.0,0.8,0.155817,0.2,0.333333,1.0,1.0,1
0.666667,0.6,0.139343,0.022374,0.2,0.970435,0.2,0.333333,0.232239,1.0,1
0.833333,0.5,0.202541,0.284707,0.857143,0.127166,0.333333,0.166667,0.405083,1.0,1
0.916667,1.0,1.0,0.616605,0.285714,0.289902,0.166667,0.416667,1.0,1.0,0
1.0,0.25,0.755285,0.229881,1.0,0.587308,0.2,0.333333,1.0,1.0,1
1.0,0.75,0.939095,0.721167,0.571429,0.232772,0.166667,0.416667,1.0,1.0,1
1.0,0.25,0.275167,0.023889,0.571429,1.0,0.125,0.583333,1.0,1.0,0
0.916667,1.0,0.695805,0.530253,0.0,0.234564,0.125,0.583333,0.695805,1.0,1
0.916667,0.75,0.816628,1.0,1.0,0.145976,0.5,0.083333,1.0,1.0,1
0.833333,0.75,0.353379,0.050519,0.857143,1.0,0.5,0.083333,0.471172,1.0,0
1.0,0.8,0.966957,0.974754,1.0,0.204895,0.2,0.333333,1.0,1.0,1
0.583333,0.4,0.355397,0.545785,0.25,0.134496,0.2,0.333333,0.888492,1.0,0
0.833333,1.0,1.0,1.0,0.5,0.206547,0.25,0.25,1.0,1.0,1
0.75,0.4,0.779055,0.252033,0.5,0.638455,0.166667,0.416667,1.0,1.0,1
0.916667,1.0,1.0,0.927724,0.444444,0.198366,0.2,0.333333,1.0,1.0,1
0.583333,1.0,0.65835,0.239016,0.222222,0.506893,0.333333,0.166667,0.65835,0.666667,1
1.0,0.333333,0.687716,1.0,1.0,0.12656,0.333333,0.166667,1.0,0.666667,1
1.0,0.666667,0.32637,0.190246,0.555556,0.315704,0.166667,0.416667,0.489555,1.0,1
1.0,0.6,0.98608,0.960411,0.8,0.185315,0.25,0.3,1.0,1.0,1
0.8,0.4,0.63482,0.452798,0.8,0.253047,0.333333,0.2,1.0,1.0,0
0.9,1.0,0.486133,0.263609,0.6,0.332852,0.5,0.1,0.486133,1.0,0
0.8,0.6,1.0,1.0,1.0,0.180491,1.0,0.0,1.0,1.0,1
0.8,1.0,0.949699,0.424248,0.4,0.404038,0.5,0.1,0.949699,1.0,0
0.583333,0.4,0.341819,0.198164,0.8,0.424387,0.5,0.083333,0.854548,1.0,0
0.583333,0.6,0.096017,0.12608,0.4,0.187366,0.333333,0.166667,0.160028,1.0,0
0.833333,1.0,1.0,0.509989,0.0,0.482425,0.166667,0.416667,1.0,1.0,1
0.916667,0.4,0.445078,0.861231,0.2,0.127147,0.111111,0.666667,1.0,1.0,1
0.75,0.8,0.925052,0.789147,0.8,0.288402,0.5,0.083333,1.0,1.0,1
1.0,0.4,0.643367,1.0,1.0,0.158288,0.166667,0.416667,1.0,1.0,1
1.0,0.4,0.769222,0.450995,1.0,0.361275,0.333333,0.166667,1.0,0.428571,1
0.583333,0.4,0.723182,0.573078,0.125,0.267295,0.2,0.333333,1.0,0.857143,1
0.833333,1.0,1.0,0.84844,0.25,0.249653,0.25,0.25,1.0,1.0,0
0.583333,0.2,0.368201,0.534758,0.25,0.145843,0.2,0.333333,1.0,0.857143,1
0.5,0.2,0.271715,0.355441,0.125,0.161921,0.2,0.333333,1.0,0.857143,0
0.916667,0.6,0.624029,1.0,0.5,0.132179,0.2,0.333333,1.0,1.0,1
0.5,0.8,0.600139,0.575043,0.125,0.221059,0.5,0.083333,0.750174,0.857143,1
0.833333,0.8,0.385365,0.494227,0.5,0.165159,0.333333,0.166667,0.481706,1.0,0
0.363636,0.2,0.558442,0.586524,0.285714,0.159051,0.5,0.090909,1.0,0.75,0
0.727273,0.6,0.847517,0.698315,0.285714,0.202741,0.25,0.272727,1.0,1.0,1
1.0,0.6,0.859435,0.952782,1.0,0.150683,0.5,0.090909,1.0,0.5,1
0.545455,0.8,0.258518,0.18147,0.285714,0.237975,1.0,0.0,0.323147,0.75,0
1.0,1.0,1.0,1.0,0.0,0.16705,0.142857,0.545455,1.0,1.0,1
0.636364,1.0,0.630941,0.120525,0.25,1.0,0.5,0.090909,0.630941,1.0,1
1.0,1.0,1.0,1.0,1.0,0.19127,0.333333,0.181818,1.0,1.0,1
0.727273,0.6,0.13599,0.090136,0.5,0.288571,0.25,0.272727,0.226651,1.0,0
0.636364,0.2,0.450653,0.405614,1.0,0.212508,0.333333,0.181818,1.0,1.0,1
0.333333,0.8,0.721908,0.819644,0.0,0.210477,1.0,0.0,0.902386,0.75,0
0.833333,1.0,0.97308,0.336014,0.333333,0.692051,0.333333,0.166667,0.97308,1.0,0
0.833333,1.0,0.961783,1.0,0.222222,0.229839,0.25,0.25,0.961783,1.0,1
0.833333,0.2,0.200457,0.304997,1.0,0.157062,1.0,0.0,1.0,0.75,1
1.0,1.0,1.0,0.530442,0.0,0.450514,0.125,0.583333,1.0,1.0,1
1.0,0.8,0.186193,0.053213,0.571429,0.871038,0.333333,0.2,0.232742,1.0,0
0.9,0.2,0.289102,0.167781,1.0,0.428943,0.5,0.1,1.0,0.5,1
0.7,0.8,0.317253,0.032858,0.428571,1.0,1.0,0.0,0.396566,0.75,0
0.5,0.2,1.0,1.0,0.142857,0.248939,0.25,0.3,1.0,0.75,1
0.8,1.0,0.647354,0.320151,0.428571,0.503361,1.0,0.0,0.647354,1.0,1
0.666667,0.2,0.66213,0.154273,0.375,0.713772,0.2,0.333333,1.0,0.75,0
0.666667,1.0,1.0,1.0,0.0,0.166305,0.25,0.25,1.0,0.75,1
1.0,0.8,0.21872,0.250346,0.75,0.145295,0.333333,0.166667,0.2734,1.0,0
0.916667,0.2,0.582836,0.309007,1.0,0.313677,0.333333,0.166667,1.0,0.25,1
0.666667,0.8,0.771698,0.662587,0.0,0.193691,0.2,0.333333,0.964623,0.75,1
0.833333,1.0,1.0,1.0,0.0,0.176569,0.166667,0.416667,1.0,1.0,1
0.25,0.4,0.085545,0.067002,0.0,0.225434,0.5,0.083333,0.213863,0.285714,1
0.75,0.4,0.59059,0.730829,0.625,0.142687,0.333333,0.166667,1.0,0.857143,1
0.583333,0.2,0.211231,0.04299,0.0,0.867568,0.142857,0.5,1.0,0.714286,1
0.75,1.0,0.484865,0.412858,0.5,0.207364,1.0,0.0,0.484865,0.857143,0
0.916667,0.2,0.30522,0.189582,0.5,0.28427,0.142857,0.5,1.0,0.857143,1
0.833333,0.2,0.70136,0.220372,1.0,0.561951,0.5,0.083333,1.0,0.714286,1
1.0,0.2,0.064378,0.076878,1.0,0.147859,0.25,0.25,0.321891,0.714286,1
0.916667,0.333333,0.67047,1.0,1.0,0.157057,0.5,0.083333,1.0,0.666667,1
0.916667,0.666667,1.0,0.616038,0.333333,0.380251,0.142857,0.5,1.0,1.0,1
0.583333,1.0,0.071131,0.108668,0.0,0.153333,0.2,0.333333,0.071131,0.666667,1
1.0,0.666667,0.261278,0.420934,0.333333,0.145401,0.125,0.583333,0.391916,1.0,1
1.0,0.8,0.88615,0.028818,0.0,1.0,0.111111,0.666667,1.0,1.0,1
0.916667,0.4,1.0,1.0,1.0,0.161726,0.5,0.083333,1.0,1.0,1
0.916667,1.0,0.461268,0.411907,0.5,0.181106,0.333333,0.166667,0.461268,1.0,1
1.0,0.6,0.426376,0.378257,0.75,0.182299,0.25,0.25,0.710627,1.0,0
0.833333,0.8,0.113743,0.107334,0.625,0.171383,0.5,0.083333,0.142179,1.0,0
1.0,0.4,0.508886,0.066229,1.0,1.0,0.2,0.333333,1.0,0.5,1
0.5,0.2,0.601185,0.930334,0.666667,0.146541,0.5,0.083333,1.0,0.833333,1
1.0,1.0,0.473619,0.809435,0.833333,0.13269,0.333333,0.166667,0.473619,0.833333,0
0.416667,0.6,0.636176,1.0,0.166667,0.144267,0.5,0.083333,1.0,0.666667,1
0.5,0.4,0.806447,0.382693,0.5,0.477878,0.5,0.083333,1.0,0.833333,0
1.0,0.4,1.0,0.934708,0.0,0.242614,0.090909,0.833333,1.0,1.0,1
0.833333,1.0,0.88497,0.80756,0.666667,0.248511,0.5,0.083333,0.88497,1.0,1
0.833333,0.75,0.839438,0.848119,0.222222,0.136377,0.166667,0.416667,1.0,1.0,1
1.0,0.25,0.432043,0.284717,1.0,0.209086,0.333333,0.166667,1.0,0.666667,1
0.666667,0.5,1.0,1.0,0.0,0.137788,0.142857,0.5,1.0,0.666667,1
0.833333,1.0,0.821124,0.549437,0.444444,0.205921,0.333333,0.166667,0.821124,1.0,1
1.0,0.2,1.0,1.0,0.666667,0.233484,0.166667,0.5,1.0,1.0,1
1.0,0.4,0.154716,0.122711,1.0,0.29438,0.333333,0.2,0.38679,0.8,0
0.9,1.0,0.931351,0.524376,0.333333,0.414694,0.333333,0.2,0.931351,1.0,1
0.6,1.0,0.199837,0.273484,0.166667,0.170609,1.0,0.0,0.199837,0.8,0
0.8,0.2,0.89947,0.275624,0.5,0.76195,0.2,0.4,1.0,1.0,1
0.9,0.4,0.261968,0.256837,0.666667,0.238148,0.25,0.3,0.65492,1.0,1
1.0,0.5,0.262161,0.224663,1.0,0.192281,1.0,0.0,0.524322,0.75,0
0.8,0.5,0.787301,0.279961,0.625,0.463386,0.5,0.1,1.0,0.75,1
0.9,0.25,0.905285,1.0,0.875,0.149171,0.5,0.1,1.0,1.0,1
1.0,1.0,0.459659,0.306936,0.5,0.246767,0.333333,0.2,0.459659,1.0,0
1.0,0.75,1.0,0.741618,0.75,0.222188,0.5,0.1,1.0,1.0,1
0.583333,0.6,0.189506,0.041529,0.428571,0.659624,0.5,0.083333,0.315844,0.833333,0
1.0,0.6,0.826679,0.909924,1.0,0.131326,0.333333,0.166667,1.0,0.666667,1
0.583333,0.2,0.991772,1.0,0.714286,0.143361,0.5,0.083333,1.0,0.833333,1
0.916667,0.8,0.311033,0.100214,0.285714,0.448638,0.166667,0.416667,0.388791,1.0,1
0.75,1.0,0.85905,0.474361,0.571429,0.261776,1.0,0.0,0.85905,1.0,0
0.666667,0.2,1.0,0.129655,0.571429,1.0,0.25,0.25,1.0,1.0,1
1.0,1.0,0.075128,0.046793,0.571429,0.232083,0.25,0.25,0.075128,1.0,0
0.833333,0.25,0.293715,0.073328,0.833333,0.505986,0.2,0.333333,1.0,1.0,1
1.0,1.0,0.775268,0.551123,0.666667,0.1777,0.2,0.333333,0.775268,1.0,1
1.0,0.25,1.0,1.0,0.166667,0.126323,0.090909,0.833333,1.0,1.0,1
0.75,1.0,0.964435,0.281952,0.833333,0.432097,1.0,0.0,0.964435,1.0,0
0.916667,1.0,0.546346,0.056804,1.0,1.0,0.5,0.083333,0.546346,0.857143,0
1.0,0.5,0.753909,0.732765,0.833333,0.129968,0.166667,0.416667,1.0,1.0,1
0.5,1.0,0.982422,0.569455,0.166667,0.217932,0.5,0.083333,0.982422,0.714286,1
1.0,1.0,0.216249,0.209786,1.0,0.130215,0.333333,0.166667,0.216249,0.857143,0
1.0,1.0,0.550597,0.591377,0.857143,0.14129,0.5,0.090909,0.550597,0.666667,0
0.272727,0.75,0.593463,0.040633,0.0,1.0,1.0,0.0,0.791284,0.333333,1
0.818182,0.5,1.0,1.0,0.285714,0.151755,0.166667,0.454545,1.0,1.0,1
0.909091,0.75,0.914645,0.190195,1.0,0.729789,1.0,0.0,1.0,0.666667,1
0.666667,1.0,0.369055,0.285787,0.5,0.326643,1.0,0.0,0.369055,1.0,0
0.75,1.0,0.197271,0.156853,0.333333,0.318123,0.333333,0.166667,0.197271,1.0,0
0.666667,0.8,0.654224,0.835533,0.666667,0.198056,1.0,0.0,0.81778,1.0,0
1.0,0.8,0.749348,0.942132,1.0,0.201185,0.333333,0.166667,0.936685,0.8,1
0.5,0.6,0.835039,1.0,0.333333,0.211218,0.5,0.083333,1.0,0.8,1
0.833333,0.4,1.0,0.811675,0.166667,0.311632,0.125,0.583333,1.0,1.0,1
0.583333,0.8,0.94272,0.55974,0.5,0.369764,1.0,0.0,1.0,0.857143,1
1.0,0.4,0.078007,0.036091,0.0,0.474534,0.090909,0.833333,0.195017,1.0,1
0.916667,0.8,0.677762,1.0,0.5,0.148801,0.2,0.333333,0.847202,0.857143,1
0.75,0.6,0.90096,0.158485,0.666667,1.0,0.333333,0.166667,1.0,0.857143,0
0.833333,0.8,0.264039,0.111858,1.0,0.518236,1.0,0.0,0.330049,0.714286,0
0.75,1.0,1.0,0.446985,0.5,0.491174,0.5,0.083333,1.0,0.857143,0
0.5,1.0,0.373596,0.517149,0.0,0.158604,0.5,0.083333,0.373596,0.857143,0
0.25,0.4,0.274964,0.051334,0.0,1.0,0.5,0.083333,0.687411,0.285714,1
0.833333,1.0,0.361173,0.165231,0.4,0.342278,0.25,0.25,0.361173,1.0,0
0.833333,1.0,0.826339,0.401595,0.6,0.3222,0.333333,0.166667,0.826339,1.0,0
0.5,0.6,0.797617,0.283573,0.0,0.440439,0.25,0.25,1.0,1.0,1
0.75,0.6,0.888674,0.038596,0.0,1.0,0.142857,0.5,1.0,1.0,1
0.75,0.4,0.590344,0.689314,0.4,0.134105,0.166667,0.416667,1.0,1.0,1
0.833333,1.0,1.0,1.0,0.6,0.156587,0.333333,0.166667,1.0,1.0,0
0.666667,1.0,0.20768,0.017703,0.6,1.0,1.0,0.0,0.20768,1.0,0
1.0,1.0,0.857405,0.40622,1.0,0.330506,0.333333,0.166667,0.857405,1.0,1
1.0,0.2,0.705516,0.469045,0.142857,0.505332,0.090909,0.833333,1.0,1.0,1
0.666667,0.6,0.237613,0.163182,0.714286,0.489196,1.0,0.0,0.396021,1.0,0
0.5,1.0,0.649622,0.424354,0.142857,0.5143,1.0,0.0,0.649622,0.8,1
0.75,0.4,0.561875,0.294793,0.428571,0.640334,0.2,0.333333,1.0,1.0,1
0.75,0.6,0.073468,0.04633,0.285714,0.532743,0.2,0.333333,0.122447,1.0,0
0.833333,0.2,1.0,1.0,1.0,0.335957,0.333333,0.166667,1.0,0.8,1
0.833333,0.6,0.396762,0.122602,0.8,0.528435,0.25,0.25,0.66127,1.0,0
0.916667,0.4,0.719157,0.060131,0.6,1.0,0.142857,0.5,1.0,1.0,1
0.416667,0.8,1.0,1.0,0.2,0.16329,1.0,0.0,1.0,0.666667,1
1.0,1.0,0.543344,0.303229,1.0,0.292593,0.333333,0.166667,0.543344,0.666667,1
0.916667,0.4,0.348337,0.299981,0.571429,0.216552,0.166667,0.416667,0.870843,0.8,0
0.916667,0.6,0.955792,1.0,1.0,0.178246,0.5,0.083333,1.0,0.6,1
0.25,0.2,0.474631,0.5267,0.0,0.168054,0.333333,0.166667,1.0,0.2,1
1.0,1.0,0.930574,0.678284,0.571429,0.255856,0.25,0.25,0.930574,0.8,1
0.666667,0.8,1.0,0.196365,0.571429,0.949714,1.0,0.0,1.0,0.8,0
0.416667,0.6,0.962926,0.451565,0.0,0.397676,0.333333,0.166667,1.0,0.8,1
1.0,0.4,0.469126,0.206369,1.0,0.315568,0.333333,0.166667,1.0,0.571429,1
0.916667,0.4,0.924709,1.0,0.75,0.128367,0.25,0.25,1.0,0.714286,1
0.416667,0.8,0.479131,0.383838,0.125,0.173282,1.0,0.0,0.598914,0.571429,0
1.0,0.8,0.77716,0.315797,0.125,0.341626,0.125,0.583333,0.97145,1.0,1
0.833333,0.8,0.152804,0.16358,0.625,0.129674,0.5,0.083333,0.191006,0.857143,0
0.5,0.4,0.121779,0.041105,0.125,0.411263,0.25,0.25,0.304447,0.714286,0
0.666667,1.0,0.481657,0.09596,0.375,0.696784,1.0,0.0,0.481657,0.857143,0
0.75,0.8,1.0,0.974747,0.25,0.142415,0.25,0.25,1.0,1.0,1
0.916667,1.0,0.849466,1.0,0.444444,0.168624,0.25,0.25,0.849466,1.0,1
0.916667,0.25,0.736041,0.860667,1.0,0.169762,0.5,0.083333,1.0,0.666667,0
0.583333,0.5,1.0,0.276928,0.111111,0.716813,0.2,0.333333,1.0,0.666667,1
1.0,1.0,0.707684,0.929812,0.666667,0.151084,0.333333,0.166667,0.707684,1.0,1
0.5,0.6,1.0,1.0,0.0,0.30856,0.333333,0.2,1.0,1.0,1
0.9,0.6,0.564124,0.225608,0.5,0.771543,0.166667,0.5,0.940206,1.0,1
0.7,0.2,0.781121,0.250635,1.0,0.96165,0.2,0.4,1.0,1.0,1
1.0,1.0,0.29846,0.141821,0.0,0.649361,0.166667,0.5,0.29846,1.0,0
0.75,1.0,0.875453,1.0,0.333333,0.169561,0.5,0.083333,0.875453,0.75,1
0.833333,1.0,1.0,0.603216,0.0,0.321086,0.166667,0.416667,1.0,1.0,1
1.0,0.6,0.605827,0.503801,0.666667,0.232908,0.25,0.25,1.0,1.0,1
0.833333,0.2,0.231884,0.242105,1.0,0.185507,1.0,0.0,1.0,0.75,0
0.916667,0.8,0.838164,0.188596,0.0,0.860775,0.125,0.583333,1.0,1.0,0
0.916667,0.2,0.43811,0.795066,1.0,0.184785,0.25,0.25,1.0,1.0,1
1.0,1.0,0.114585,0.169355,0.571429,0.226891,0.25,0.25,0.114585,1.0,0
0.75,0.4,1.0,1.0,0.571429,0.335342,0.25,0.25,1.0,1.0,1
1.0,0.8,0.164946,0.291271,0.857143,0.189902,0.333333,0.166667,0.206182,1.0,1
0.833333,0.6,0.29303,0.29986,0.875,0.187433,1.0,0.0,0.488383,0.75,1
0.916667,0.4,0.403281,0.614352,1.0,0.125905,0.5,0.083333,1.0,0.75,1
0.75,1.0,0.074929,0.057527,0.5,0.249826,1.0,0.0,0.074929,1.0,0
1.0,0.6,1.0,1.0,0.125,0.191802,0.111111,0.666667,1.0,1.0,1
0.5,0.6,0.377155,0.175586,0.375,0.411986,1.0,0.0,0.628592,0.5,1
0.833333,0.4,0.912468,0.922779,0.166667,0.143373,0.125,0.583333,1.0,1.0,1
0.75,0.2,0.434787,0.173337,0.0,0.363691,0.111111,0.666667,1.0,1.0,1
0.916667,0.8,0.614058,0.561226,0.666667,0.158643,0.25,0.25,0.767573,1.0,0
0.75,0.6,0.512981,0.563755,0.166667,0.131935,0.166667,0.416667,0.854968,1.0,1
0.916667,1.0,1.0,0.18405,0.666667,0.787793,0.333333,0.166667,1.0,1.0,0
1.0,0.6,0.931965,0.587413,1.0,0.230041,0.25,0.25,1.0,1.0,1
1.0,1.0,0.522627,0.045083,0.166667,1.0,0.142857,0.5,0.522627,1.0,0
0.666667,0.8,0.91842,1.0,0.166667,0.133165,0.25,0.25,1.0,1.0,1
0.909091,0.2,0.820547,0.618157,0.333333,0.222965,0.142857,0.545455,1.0,1.0,1
0.818182,1.0,0.322065,0.385923,0.222222,0.140176,0.333333,0.181818,0.322065,0.8,0
0.818182,0.8,0.56164,0.458348,0.444444,0.205823,0.5,0.090909,0.70205,0.8,0
0.909091,0.2,1.0,1.0,1.0,0.16797,1.0,0.0,1.0,0.4,1
0.818182,1.0,0.188158,0.038252,0.444444,0.826222,1.0,0.0,0.188158,0.8,0
1.0,1.0,0.882591,0.406494,0.222222,0.364701,0.2,0.363636,0.882591,1.0,1
1.0,1.0,1.0,1.0,0.833333,0.159365,0.333333,0.166667,1.0,0.75,1
0.833333,1.0,0.760931,0.919455,0.333333,0.131889,0.25,0.25,0.760931,1.0,1
1.0,0.8,0.410714,0.026216,1.0,1.0,0.333333,0.166667,0.513393,0.75,0
1.0,1.0,0.718398,0.30407,0.333333,0.376517,0.166667,0.416667,0.718398,1.0,0
0.416667,0.8,0.930628,0.023456,0.166667,1.0,1.0,0.0,1.0,0.5,0
1.0,0.25,1.0,0.123083,0.375,1.0,0.111111,0.666667,1.0,1.0,1
0.5,1.0,0.219256,0.479901,0.25,0.185838,1.0,0.0,0.219256,0.666667,1
0.833333,0.25,0.137545,0.132201,0.0,0.423197,0.1,0.75,0.550178,1.0,1
0.833333,0.5,0.482832,1.0,1.0,0.196395,1.0,0.0,0.965665,0.666667,1
0.916667,1.0,0.857878,1.0,0.833333,0.170484,0.5,0.083333,0.857878,1.0,1
0.75,0.8,1.0,0.274301,0.333333,0.724487,0.25,0.25,1.0,1.0,1
1.0,0.4,0.438123,0.044639,1.0,1.0,0.2,0.333333,1.0,1.0,0
0.916667,0.8,0.274798,0.057363,0.166667,0.952,0.142857,0.5,0.343497,1.0,0
0.833333,0.8,0.307022,0.356696,1.0,0.171053,1.0,0.0,0.383778,1.0,0
0.833333,0.6,0.064553,0.094285,0.666667,0.136062,0.25,0.25,0.107589,1.0,0
0.666667,0.8,0.41755,0.02378,0.666667,1.0,1.0,0.0,0.521938,1.0,0
1.0,0.2,0.972079,0.963913,0.333333,0.200411,0.1,0.75,1.0,1.0,1
1.0,1.0,0.138484,0.361518,1.0,0.137318,0.5,0.1,0.138484,0.8,0
1.0,1.0,0.606143,1.0,1.0,0.217287,0.5,0.1,0.606143,0.8,0
1.0,0.75,0.062061,0.095453,1.0,0.233071,0.333333,0.2,0.082748,0.8,0
0.5,0.75,0.185659,0.170237,0.4,0.390949,1.0,0.0,0.247545,0.4,1
1.0,0.75,0.630674,0.692597,0.4,0.326424,0.166667,0.5,0.840899,1.0,1
0.7,0.75,1.0,0.847426,0.4,0.423016,0.333333,0.2,1.0,1.0,1
0.909091,0.25,0.373364,0.971823,1.0,0.184878,1.0,0.0,1.0,0.5,1
0.727273,0.75,0.249483,0.598343,0.444444,0.200646,0.5,0.090909,0.332644,0.75,0
1.0,0.25,1.0,0.19779,0.333333,1.0,0.125,0.636364,1.0,1.0,1
0.636364,1.0,0.357635,0.199448,0.111111,0.862881,0.333333,0.181818,0.357635,0.75,1
0.909091,0.75,0.262572,1.0,0.666667,0.126354,0.5,0.090909,0.350096,1.0,1
1.0,1.0,0.814902,0.353923,0.833333,0.377123,0.333333,0.166667,0.814902,1.0,0
0.5,1.0,0.367649,0.219866,0.166667,0.27388,1.0,0.0,0.367649,0.857143,0
1.0,1.0,0.413414,0.393155,0.666667,0.172229,0.25,0.25,0.413414,1.0,0
0.833333,0.4,0.980634,0.362437,0.833333,0.44316,0.25,0.25,1.0,1.0,1
1.0,1.0,0.410865,0.510851,0.166667,0.131732,0.142857,0.5,0.410865,1.0,0
0.75,0.8,1.0,1.0,0.5,0.16379,0.333333,0.166667,1.0,1.0,1
0.916667,0.2,0.46295,0.274124,1.0,0.276614,0.2,0.333333,1.0,0.857143,1
0.666667,0.2,0.336051,0.298497,0.166667,0.184396,0.142857,0.5,1.0,1.0,1
1.0,0.333333,0.918764,0.190679,1.0,0.680609,0.5,0.090909,1.0,0.0,1
0.636364,0.333333,0.982048,0.12693,0.444444,1.0,0.333333,0.181818,1.0,0.666667,1
0.727273,0.666667,1.0,1.0,0.555556,0.141252,0.5,0.090909,1.0,0.666667,1
0.818182,1.0,0.652392,0.01445,0.444444,1.0,0.333333,0.181818,0.652392,0.666667,1
0.333333,0.5,1.0,1.0,0.142857,0.169152,0.5,0.083333,1.0,0.5,1
0.916667,0.5,0.477379,0.509862,0.714286,0.158375,0.2,0.333333,0.954757,0.5,1
1.0,1.0,0.91966,0.452071,0.857143,0.34411,0.333333,0.166667,0.91966,0.5,1
0.416667,0.25,0.734608,0.716174,0.142857,0.173506,0.25,0.25,1.0,0.5,1
0.25,0.5,0.703125,0.753452,0.0,0.157853,0.5,0.083333,1.0,0.333333,1
0.833333,0.5,0.713386,0.907495,0.428571,0.132971,0.166667,0.416667,1.0,0.833333,1
0.916667,0.75,0.616371,0.630572,1.0,0.165343,0.5,0.083333,0.821828,0.5,0
0.545455,0.8,0.495532,0.683766,0.0,0.140343,0.333333,0.181818,0.619415,0.666667,0
0.545455,0.8,1.0,0.413061,0.333333,0.468828,1.0,0.0,1.0,0.5,1
0.727273,1.0,0.790106,1.0,0.166667,0.153008,0.333333,0.181818,0.790106,0.833333,0
0.090909,0.2,0.863723,0.560363,0.0,0.298493,1.0,0.0,1.0,0.333333,1
0.454545,0.2,0.138936,0.210136,0.0,0.128039,0.2,0.363636,0.694681,0.666667,1
1.0,0.4,0.932872,0.070663,1.0,1.0,0.25,0.272727,1.0,0.333333,1
1.0,0.8,0.14117,0.188298,1.0,0.145186,0.5,0.090909,0.176463,0.333333,1
0.75,0.2,0.311857,0.061603,0.2,0.838211,0.125,0.583333,1.0,1.0,1
1.0,1.0,1.0,1.0,1.0,0.165576,0.333333,0.166667,1.0,0.666667,1
0.75,0.4,0.489514,0.061269,0.8,1.0,0.25,0.25,1.0,0.666667,1
0.166667,0.2,0.439302,0.018364,0.2,1.0,1.0,0.0,1.0,0.333333,1
1.0,1.0,0.544444,0.55568,1.0,0.252297,0.2,0.363636,0.544444,1.0,0
0.545455,0.8,0.92244,0.641515,0.0,0.370267,0.333333,0.181818,1.0,1.0,1
0.818182,0.6,1.0,0.479663,0.5,0.536842,0.166667,0.454545,1.0,1.0,1
0.545455,0.4,0.490632,1.0,1.0,0.126339,0.333333,0.181818,1.0,1.0,1
1.0,0.2,0.126312,0.094864,1.0,0.22071,0.333333,0.166667,0.631561,0.4,1
0.75,0.2,1.0,1.0,0.555556,0.165759,0.25,0.25,1.0,0.8,1
1.0,1.0,0.14426,0.081392,0.555556,0.293793,0.333333,0.166667,0.14426,1.0,0
0.916667,1.0,0.875889,0.320797,0.444444,0.452581,0.333333,0.166667,0.875889,1.0,1
0.583333,0.4,0.366746,0.049397,0.555556,1.0,1.0,0.0,0.916864,0.8,0
0.75,0.6,0.902641,0.896155,0.111111,0.166959,0.166667,0.416667,1.0,0.8,1
0.833333,0.5,0.557189,0.802588,1.0,0.240406,0.333333,0.166667,1.0,0.8,1
1.0,0.75,1.0,0.742487,1.0,0.466386,0.25,0.25,1.0,0.8,1
0.333333,0.5,0.576835,1.0,0.0,0.19975,0.333333,0.166667,1.0,0.4,1
0.75,0.25,0.891527,0.789649,0.166667,0.390962,0.125,0.583333,1.0,1.0,1
1.0,1.0,0.440521,0.23581,0.0,0.646903,0.111111,0.666667,0.440521,1.0,1
0.583333,0.75,0.367362,0.234975,0.666667,0.541385,1.0,0.0,0.489816,0.8,0
0.916667,0.6,1.0,1.0,1.0,0.164648,0.5,0.083333,1.0,0.8,1
0.75,0.4,0.121899,0.127993,0.714286,0.156809,0.333333,0.166667,0.304748,1.0,0
0.583333,0.4,0.746471,0.051585,0.142857,1.0,0.2,0.333333,1.0,0.8,1
0.916667,0.8,0.91296,0.107746,0.428571,1.0,0.2,0.333333,1.0,1.0,1
0.916667,1.0,0.259944,0.21338,0.714286,0.200578,0.5,0.083333,0.259944,1.0,0
1.0,0.4,0.501283,0.369542,0.714286,0.223344,0.166667,0.416667,1.0,1.0,1
0.818182,1.0,0.056863,0.035313,0.428571,0.267692,0.333333,0.181818,0.056863,1.0,0
0.818182,1.0,0.88366,0.772727,0.428571,0.19011,0.333333,0.181818,0.88366,1.0,1
0.545455,0.5,1.0,0.674212,0.142857,0.246575,0.25,0.272727,1.0,0.8,1
1.0,1.0,0.184967,0.115357,0.428571,0.266562,0.2,0.363636,0.184967,1.0,0
1.0,1.0,0.807298,1.0,0.714286,0.134209,0.333333,0.181818,0.807298,1.0,1
1.0,0.5,0.095643,0.086925,1.0,0.182917,0.333333,0.181818,0.191285,0.8,0
0.909091,0.333333,0.845167,0.691772,0.875,0.189075,0.333333,0.181818,1.0,0.666667,1
0.545455,0.666667,0.960667,0.529791,0.25,0.280623,0.333333,0.181818,1.0,0.5,1
0.909091,0.666667,0.571833,0.036626,1.0,1.0,1.0,0.0,0.85775,0.5,0
1.0,0.333333,0.847833,1.0,0.25,0.13121,0.111111,0.727273,1.0,1.0,1
0.545455,1.0,0.73,0.450348,0.0,0.250859,0.25,0.272727,0.73,0.5,1
0.909091,1.0,1.0,0.209182,0.75,0.739827,0.5,0.090909,1.0,0.666667,1
0.727273,1.0,0.312833,0.191643,0.25,0.252624,0.25,0.272727,0.312833,0.833333,0
0.909091,0.4,0.287225,0.238141,0.0,0.178463,0.111111,0.727273,0.718063,1.0,1
0.909091,0.2,1.0,1.0,1.0,0.147965,0.333333,0.181818,1.0,1.0,1
0.909091,1.0,0.770708,0.603901,0.714286,0.188836,1.0,0.0,0.770708,1.0,1
0.727273,0.2,0.120911,0.03347,0.142857,0.534532,0.142857,0.545455,0.604557,1.0,1
1.0,0.4,0.103499,0.04262,0.571429,0.359322,0.166667,0.454545,0.258747,1.0,0
0.909091,0.2,0.093735,0.036359,0.428571,0.381457,0.142857,0.545455,0.468674,1.0,1
1.0,0.2,0.855861,0.970903,1.0,0.173819,0.142857,0.5,1.0,1.0,1
0.916667,1.0,0.688821,0.402933,0.4,0.337088,0.2,0.333333,0.688821,1.0,1
0.5,0.6,0.956676,1.0,0.4,0.188641,0.5,0.083333,1.0,1.0,1
0.5,1.0,0.748672,0.782588,0.2,0.188638,1.0,0.0,0.748672,1.0,0
1.0,1.0,0.31295,0.198091,0.8,0.311516,0.25,0.25,0.31295,1.0,0
0.5,0.4,0.329359,0.503492,0.2,0.128988,0.25,0.25,0.823397,1.0,0
0.916667,1.0,0.256404,0.21648,1.0,0.233548,0.5,0.083333,0.256404,1.0,0
0.5,0.6,1.0,0.532588,0.0,0.370236,0.25,0.25,1.0,1.0,1
0.909091,0.8,0.447899,0.746425,1.0,0.181776,0.25,0.272727,0.559873,1.0,1
0.727273,1.0,0.329419,0.153122,0.333333,0.651708,0.333333,0.181818,0.329419,1.0,0
0.909091,0.6,1.0,0.673875,0.666667,0.449534,0.166667,0.454545,1.0,1.0,1
0.909091,0.8,0.411284,0.40879,0.666667,0.304778,0.2,0.363636,0.514105,1.0,0
1.0,0.6,0.777893,1.0,0.666667,0.235647,0.142857,0.545455,1.0,1.0,1
0.583333,0.6,0.64206,0.362208,0.333333,0.272957,0.333333,0.166667,1.0,1.0,0
0.75,0.4,0.362212,0.250731,1.0,0.222449,0.5,0.083333,0.905531,1.0,0
0.666667,0.4,0.987895,0.289656,0.333333,0.525174,0.2,0.333333,1.0,1.0,1
0.916667,0.8,0.20686,0.148209,1.0,0.21492,0.5,0.083333,0.258575,1.0,0
0.916667,1.0,0.836577,1.0,0.666667,0.128819,0.333333,0.166667,0.836577,1.0,1
0.75,0.2,0.519345,0.56652,0.0,0.141161,0.111111,0.666667,1.0,1.0,1
1.0,0.8,1.0,0.75731,1.0,0.20333,0.333333,0.166667,1.0,1.0,1
0.75,0.75,0.975043,0.740759,0.0,0.19841,0.142857,0.5,1.0,1.0,1
0.833333,0.75,0.973416,1.0,0.25,0.146729,0.166667,0.416667,1.0,1.0,1
0.833333,0.75,0.651476,0.758914,0.75,0.129397,0.5,0.083333,0.868634,0.857143,0
0.583333,0.75,0.625977,0.101734,0.375,0.927492,0.5,0.083333,0.834635,0.857143,0
0.5,1.0,1.0,0.623978,0.125,0.241573,0.5,0.083333,1.0,0.714286,1
0.666667,0.25,0.703668,0.624632,0.625,0.169809,0.333333,0.166667,1.0,0.857143,1
1.0,0.5,0.351237,0.192182,1.0,0.275489,0.333333,0.166667,0.702474,0.571429,1
1.0,1.0,0.741211,0.474648,0.25,0.235389,0.142857,0.5,0.741211,1.0,0
1.0,0.4,1.0,0.443116,1.0,0.347869,0.333333,0.166667,1.0,1.0,1
1.0,1.0,0.959473,1.0,0.5,0.147899,0.25,0.25,0.959473,1.0,1
1.0,0.8,0.462842,0.168843,0.625,0.422554,0.25,0.25,0.578552,1.0,0
0.833333,0.2,0.239281,0.151377,0.75,0.243659,0.25,0.25,1.0,1.0,1
0.833333,0.2,0.868314,0.591975,0.25,0.226103,0.125,0.583333,1.0,1.0,1
0.75,0.4,0.791037,0.107002,0.75,1.0,0.5,0.083333,1.0,1.0,0
0.916667,0.6,0.495406,0.525728,0.125,0.145256,0.125,0.583333,0.825677,1.0,1
1.0,0.6,0.333095,0.236821,0.625,0.216811,0.2,0.333333,0.555159,1.0,0
1.0,1.0,0.289534,1.0,1.0,0.135806,0.5,0.1,0.289534,1.0,1
0.8,0.2,0.771708,0.459879,0.0,0.787097,0.125,0.7,1.0,1.0,1
0.6,1.0,1.0,0.695212,0.25,0.674685,1.0,0.0,1.0,1.0,1
0.5,0.6,0.153105,0.093729,0.25,0.766187,0.5,0.1,0.255175,1.0,0
1.0,0.4,0.929774,1.0,1.0,0.292996,0.2,0.363636,1.0,0.5,1
0.727273,0.4,0.3293,0.793618,0.8,0.130757,0.333333,0.181818,0.823251,0.5,1
0.272727,0.4,0.533009,0.746788,0.2,0.224917,1.0,0.0,1.0,0.25,1
0.545455,1.0,0.829563,0.520928,0.0,0.50183,0.5,0.090909,0.829563,1.0,0
0.363636,0.2,1.0,0.926233,0.6,0.340224,1.0,0.0,1.0,0.25,1
0.666667,0.25,0.405342,0.064948,0.428571,1.0,0.2,0.333333,1.0,1.0,0
0.583333,0.75,1.0,0.327268,0.571429,0.557992,1.0,0.0,1.0,0.833333,1
0.833333,0.25,0.54124,0.234268,1.0,0.421899,0.333333,0.166667,1.0,0.833333,1
1.0,0.25,0.897454,1.0,0.714286,0.163887,0.142857,0.5,1.0,1.0,1
1.0,0.75,0.56269,0.26788,0.714286,0.383585,0.2,0.333333,0.750254,1.0,1
0.916667,0.75,0.444368,0.252969,0.285714,0.320779,0.142857,0.5,0.59249,1.0,1
0.666667,1.0,0.188901,0.192823,0.142857,0.178899,0.25,0.25,0.188901,1.0,0
0.909091,0.2,0.714134,0.49862,1.0,0.74474,1.0,0.0,1.0,0.6,1
1.0,1.0,0.329617,0.344561,0.444444,0.497436,0.333333,0.181818,0.329617,1.0,0
1.0,0.8,0.275035,0.127002,0.666667,1.0,0.5,0.090909,0.343793,1.0,0
1.0,0.6,0.152065,0.612369,0.0,0.129125,0.111111,0.727273,0.253442,1.0,1
0.727273,0.8,1.0,1.0,0.111111,0.519989,0.25,0.272727,1.0,0.8,1
0.727273,0.4,0.651588,0.701822,0.666667,0.482769,1.0,0.0,1.0,0.8,1
0.3,0.2,0.552457,0.026087,0.285714,1.0,1.0,0.0,1.0,0.333333,0
1.0,0.6,1.0,1.0,1.0,0.169348,1.0,0.0,1.0,0.333333,1
0.5,1.0,0.875948,0.890514,0.0,0.166578,1.0,0.0,0.875948,0.333333,1
1.0,0.2,0.396662,0.399012,1.0,0.168351,0.333333,0.2,1.0,0.333333,1
0.75,0.2,1.0,1.0,1.0,0.139969,0.5,0.083333,1.0,1.0,1
0.916667,1.0,0.589646,0.299199,0.571429,0.275844,0.333333,0.166667,0.589646,1.0,0
0.75,1.0,0.828338,0.558734,0.571429,0.207509,1.0,0.0,0.828338,1.0,0
0.833333,1.0,0.515804,0.376621,0.571429,0.191696,0.5,0.083333,0.515804,1.0,0
0.666667,0.6,0.88842,0.963005,0.428571,0.129129,0.333333,0.166667,1.0,1.0,1
0.916667,0.8,0.148638,0.08238,0.857143,0.252546,0.5,0.083333,0.185797,1.0,1
1.0,0.4,0.347003,0.147788,0.142857,0.328645,0.1,0.75,0.867507,1.0,1
0.75,0.4,0.78061,0.093958,1.0,1.0,1.0,0.0,1.0,1.0,0
0.916667,1.0,1.0,1.0,0.571429,0.156199,0.333333,0.166667,1.0,1.0,1
1.0,0.8,0.223911,0.184386,0.285714,0.189681,0.142857,0.5,0.279888,1.0,1
0.833333,1.0,0.571518,0.112985,0.571429,0.790104,0.5,0.083333,0.571518,1.0,0
0.5,0.4,0.091192,0.153209,0.0,0.140185,0.2,0.333333,0.227981,1.0,1
1.0,0.4,0.695455,0.748994,1.0,0.218685,0.166667,0.416667,1.0,0.8,1
0.666667,0.8,0.063945,0.059436,0.8,0.253386,1.0,0.0,0.079932,0.8,0
0.75,0.6,0.320933,0.287237,0.2,0.263149,0.166667,0.416667,0.534888,1.0,1
0.916667,1.0,0.118037,0.13166,0.4,0.211151,0.2,0.333333,0.118037,1.0,1
0.333333,0.2,1.0,1.0,0.2,0.23552,0.333333,0.166667,1.0,0.6,1
0.5,1.0,0.958005,0.833115,0.166667,0.298898,1.0,0.0,0.958005,0.714286,1
0.75,0.4,0.065314,0.039097,0.666667,0.434228,0.25,0.25,0.163285,1.0,0
0.916667,0.8,0.291339,0.329835,1.0,0.229594,0.5,0.083333,0.364173,0.714286,0
0.666667,1.0,0.638098,0.908948,0.333333,0.182477,0.5,0.083333,0.638098,1.0,0
0.833333,0.8,1.0,1.0,1.0,0.259932,1.0,0.0,1.0,0.714286,1
0.75,0.8,0.595195,0.289688,0.833333,0.534058,1.0,0.0,0.743994,1.0,0
0.5,0.2,0.140723,0.268696,0.666667,0.136133,0.5,0.083333,0.703614,0.714286,1
1.0,1.0,0.912982,0.966938,0.333333,0.245427,0.166667,0.416667,0.912982,1.0,0
0.833333,1.0,0.640451,0.628381,0.8,0.137718,0.5,0.083333,0.640451,1.0,0
0.916667,0.6,0.592628,0.096179,0.8,0.832589,0.2,0.333333,0.987713,1.0,1
1.0,0.4,0.174611,0.165736,0.8,0.142358,0.142857,0.5,0.436527,1.0,0
0.833333,0.6,0.520178,0.433448,0.2,0.162159,0.142857,0.5,0.866963,1.0,1
1.0,1.0,1.0,1.0,1.0,0.135122,0.333333,0.166667,1.0,1.0,1
0.75,0.8,0.507309,0.389867,1.0,0.175826,1.0,0.0,0.634136,1.0,0
0.2,0.2,0.792662,0.350822,0.0,0.435212,0.5,0.1,1.0,0.4,1
0.8,1.0,0.291696,0.041112,0.0,1.0,0.25,0.3,0.291696,1.0,0
1.0,0.6,1.0,0.231597,1.0,0.831699,1.0,0.0,1.0,0.8,1
1.0,0.8,0.116069,0.094166,0.857143,0.237422,1.0,0.0,0.145086,0.8,0
0.9,0.8,0.497002,0.763508,0.0,0.125385,0.166667,0.5,0.621252,1.0,1
0.9,0.4,0.670698,1.0,0.714286,0.12919,0.333333,0.2,1.0,0.8,1
0.916667,0.75,0.094023,0.032193,0.5,0.458741,0.166667,0.416667,0.125364,1.0,0
1.0,1.0,1.0,0.947771,1.0,0.165724,0.333333,0.166667,1.0,0.833333,1
0.916667,0.5,0.953562,0.385637,1.0,0.388383,0.25,0.25,1.0,0.833333,1
0.916667,0.5,0.739286,0.80842,0.666667,0.143637,0.166667,0.416667,1.0,1.0,1
0.583333,0.25,0.684248,0.105583,0.666667,1.0,0.333333,0.166667,1.0,1.0,1
0.75,0.25,0.911567,1.0,0.333333,0.143179,0.142857,0.5,1.0,1.0,1
0.416667,0.75,0.603125,0.756641,0.333333,0.125201,1.0,0.0,0.804166,0.666667,0
0.833333,0.75,1.0,1.0,1.0,0.28265,0.5,0.083333,1.0,0.666667,1
0.5,0.5,0.367951,0.525219,0.0,0.198015,0.2,0.333333,0.735903,0.333333,1
1.0,1.0,0.545206,0.815736,1.0,0.188912,0.333333,0.166667,0.545206,0.666667,0
1.0,1.0,0.985606,0.240081,0.5,1.0,0.166667,0.416667,0.985606,1.0,1
0.583333,0.8,0.467351,1.0,0.6,0.15702,1.0,0.0,0.584188,1.0,1
1.0,0.2,1.0,0.497666,0.0,0.675108,0.083333,0.916667,1.0,1.0,1
0.416667,1.0,0.198995,0.133573,0.0,0.500538,1.0,0.0,0.198995,0.8,0
0.416667,1.0,0.068825,0.111311,0.0,0.207742,1.0,0.0,0.068825,0.8,0
1.0,0.4,0.956076,0.584201,1.0,0.549846,0.166667,0.416667,1.0,0.6,1
0.75,0.6,0.397456,0.933932,0.6,0.142983,0.25,0.25,0.662427,1.0,1
0.833333,0.75,0.245117,0.054199,1.0,0.722368,1.0,0.0,0.326822,0.857143,0
0.666667,1.0,0.462663,0.496523,0.142857,0.148833,0.25,0.25,0.462663,1.0,0
1.0,0.75,0.795959,0.590658,0.857143,0.215243,0.25,0.25,1.0,1.0,1
0.666667,1.0,0.807456,0.894812,0.0,0.144132,0.2,0.333333,0.807456,1.0,1
0.833333,1.0,0.532202,0.543412,0.571429,0.15643,0.333333,0.166667,0.532202,1.0,0
0.75,0.75,0.605425,0.750758,0.714286,0.128806,0.5,0.083333,0.807233,1.0,1
0.583333,0.5,1.0,1.0,0.714286,0.159725,1.0,0.0,1.0,0.857143,1
0.916667,0.5,0.54928,0.046354,0.428571,1.0,0.142857,0.5,1.0,1.0,0
0.9,0.8,0.971515,0.506092,0.0,0.314581,0.166667,0.5,1.0,1.0,1
1.0,0.4,0.825846,1.0,1.0,0.135336,1.0,0.0,1.0,0.5,1
0.3,0.6,0.803749,0.206624,0.0,0.637458,1.0,0.0,1.0,0.666667,0
0.9,1.0,0.542779,0.149648,0.5,0.594381,1.0,0.0,0.542779,0.833333,0
0.6,0.4,0.100534,0.073623,0.0,0.223776,0.2,0.4,0.251335,0.833333,1
1.0,0.6,1.0,0.216578,0.125,0.756656,0.142857,0.6,1.0,1.0,1
0.7,0.8,0.589276,0.16681,0.25,0.578909,0.5,0.1,0.736595,0.833333,0
0.833333,0.4,0.519358,0.630863,0.6,0.166656,0.166667,0.416667,1.0,1.0,1
0.75,0.6,0.842427,0.236954,0.8,0.719709,0.333333,0.166667,1.0,1.0,1
0.583333,0.8,0.262889,0.341117,0.4,0.156012,0.5,0.083333,0.328611,1.0,0
0.5,0.4,0.93661,0.873299,0.0,0.217112,0.2,0.333333,1.0,1.0,1
0.75,0.6,0.065396,0.072893,1.0,0.181616,0.5,0.083333,0.108994,1.0,0
0.666667,0.6,0.422367,0.376853,0.2,0.226886,0.2,0.333333,0.703945,1.0,1
0.666667,1.0,0.994082,1.0,0.6,0.201239,1.0,0.0,0.994082,1.0,0
1.0,0.2,1.0,0.448731,0.6,0.451131,0.111111,0.666667,1.0,1.0,1
0.833333,1.0,0.784558,0.75929,0.8,0.178833,0.5,0.083333,0.784558,1.0,0
0.916667,0.6,0.8,0.091891,0.8,1.0,0.2,0.333333,1.0,1.0,0
1.0,1.0,0.861872,1.0,1.0,0.149167,0.333333,0.166667,0.861872,1.0,1
0.5,0.2,0.804654,0.577888,0.4,0.240988,0.25,0.25,1.0,1.0,1
0.666667,0.8,1.0,0.64946,0.6,0.266488,0.5,0.083333,1.0,1.0,1
0.818182,0.25,0.656535,0.019964,0.0,1.0,0.111111,0.727273,1.0,1.0,1
0.727273,1.0,0.478414,0.308164,0.666667,0.20898,1.0,0.0,0.478414,1.0,1
0.636364,0.25,0.300587,0.242538,0.5,0.16683,0.25,0.272727,1.0,1.0,0
0.545455,1.0,0.32232,0.310931,0.166667,0.139542,0.5,0.090909,0.32232,0.833333,0
1.0,0.75,0.684141,0.447717,0.166667,0.205695,0.125,0.636364,0.912188,1.0,1
1.0,0.5,1.0,1.0,1.0,0.134612,0.25,0.272727,1.0,0.833333,1
0.909091,0.5,0.848458,0.78474,0.0,0.145542,0.111111,0.727273,1.0,1.0,1
0.9,1.0,0.229739,0.052294,0.25,1.0,0.333333,0.2,0.229739,1.0,0
1.0,0.4,0.596429,0.142445,1.0,1.0,1.0,0.0,1.0,0.333333,1
0.6,0.6,1.0,0.801732,0.25,0.340696,0.5,0.1,1.0,0.666667,1
0.8,1.0,0.511158,1.0,0.375,0.139621,1.0,0.0,0.511158,0.666667,0
0.666667,0.4,1.0,0.360223,1.0,0.760784,0.333333,0.166667,1.0,1.0,1
0.75,1.0,0.448182,0.147955,1.0,0.830151,1.0,0.0,0.448182,1.0,0
0.916667,0.6,0.131308,0.128996,1.0,0.278963,0.2,0.333333,0.218846,1.0,1
1.0,0.2,0.864759,1.0,0.0,0.236989,0.083333,0.916667,1.0,1.0,1
1.0,0.8,0.064929,0.146432,0.666667,0.408228,0.333333,0.2,0.081161,1.0,0
0.8,1.0,1.0,1.0,0.166667,0.920667,0.333333,0.2,1.0,1.0,1
1.0,0.8,0.477552,0.60519,1.0,0.726493,1.0,0.0,0.59694,1.0,1
1.0,1.0,0.22418,0.78962,0.666667,0.261385,0.5,0.1,0.22418,1.0,0
1.0,0.75,0.30059,0.025488,0.666667,1.0,0.166667,0.416667,0.400787,1.0,0
1.0,0.5,0.342615,0.149946,0.666667,0.299277,0.142857,0.5,0.685229,1.0,1
0.5,0.25,0.33775,0.179908,0.333333,0.245893,0.25,0.25,1.0,0.833333,1
0.916667,0.5,1.0,1.0,1.0,0.130979,0.25,0.25,1.0,0.666667,1
0.416667,1.0,0.54632,0.558297,0.0,0.128169,0.5,0.083333,0.54632,0.833333,1
1.0,0.25,0.889866,0.120662,0.5,0.965955,0.111111,0.666667,1.0,1.0,1
1.0,0.75,0.944105,0.026166,0.0,1.0,0.1,0.75,1.0,1.0,1
0.916667,0.5,1.0,1.0,0.571429,0.179516,0.166667,0.416667,1.0,1.0,1
0.75,0.75,0.166388,0.047139,0.571429,0.633636,0.333333,0.166667,0.221851,1.0,0
0.916667,0.75,0.76868,0.66231,0.857143,0.208347,0.333333,0.166667,1.0,1.0,1
1.0,0.75,0.106469,0.076066,1.0,0.251268,0.333333,0.166667,0.141959,1.0,0
0.916667,0.75,0.354022,0.322691,0.857143,0.196946,0.333333,0.166667,0.47203,1.0,0
0.916667,0.25,0.817259,0.605314,0.0,0.242372,0.090909,0.833333,1.0,1.0,1
0.833333,1.0,0.110766,0.034069,0.142857,0.583648,0.166667,0.416667,0.110766,1.0,1
0.833333,0.5,0.381714,0.328262,0.571429,0.208747,0.2,0.333333,0.763428,1.0,1
0.916667,0.6,0.749509,0.094014,0.833333,1.0,0.25,0.25,1.0,1.0,0
0.916667,0.2,0.130355,0.098128,1.0,0.208595,0.2,0.333333,0.651775,1.0,1
1.0,0.2,0.681252,0.287184,0.5,0.372493,0.111111,0.666667,1.0,1.0,1
1.0,0.6,0.255077,0.224234,1.0,0.178624,0.25,0.25,0.425128,1.0,0
1.0,0.6,1.0,1.0,1.0,0.157025,0.25,0.25,1.0,1.0,1
1.0,0.6,0.737718,0.420078,0.5,0.275759,0.142857,0.5,1.0,1.0,0
0.916667,1.0,0.771518,0.469862,0.166667,0.257837,0.166667,0.416667,0.771518,1.0,1
0.75,0.2,0.790384,0.910307,0.833333,0.136339,0.25,0.25,1.0,1.0,1
0.916667,0.4,0.947414,1.0,0.625,0.129538,0.2,0.333333,1.0,0.75,1
0.916667,0.4,0.288966,0.231495,1.0,0.170672,0.5,0.083333,0.722414,0.5,1
1.0,1.0,0.989828,0.349128,0.375,0.387643,0.2,0.333333,0.989828,1.0,1
0.333333,0.6,1.0,0.541254,0.0,0.252613,0.5,0.083333,1.0,0.5,1
0.666667,1.0,0.118103,0.102782,0.0,0.15711,0.25,0.25,0.118103,0.75,0
1.0,0.5,0.742066,0.52838,1.0,0.452148,0.25,0.3,1.0,1.0,1
0.8,0.75,1.0,0.333333,0.4,0.965841,0.25,0.3,1.0,1.0,1
1.0,1.0,0.850091,1.0,0.6,0.273684,0.25,0.3,0.850091,1.0,1
0.6,1.0,0.279196,0.181287,0.2,0.495825,0.5,0.1,0.279196,1.0,0
0.666667,0.2,0.658426,0.444965,1.0,0.248816,1.0,0.0,1.0,1.0,0
1.0,1.0,1.0,1.0,0.714286,0.16815,0.333333,0.166667,1.0,1.0,1
0.75,1.0,0.685933,0.65281,0.428571,0.176682,0.5,0.083333,0.685933,1.0,1
0.916667,0.8,0.387883,0.361241,0.571429,0.180551,0.25,0.25,0.484854,1.0,0
0.583333,0.2,0.564977,0.36254,0.333333,0.205104,0.2,0.333333,1.0,1.0,1
0.25,0.2,0.892416,0.634656,0.333333,0.185067,1.0,0.0,1.0,0.6,1
1.0,0.6,0.576161,0.454928,0.833333,0.166687,0.2,0.333333,0.960268,0.8,1
0.75,1.0,0.795164,0.398009,0.166667,0.262945,0.25,0.25,0.795164,1.0,0
0.583333,0.6,1.0,0.911538,0.333333,0.144386,0.333333,0.166667,1.0,1.0,1
0.916667,0.6,0.968044,1.0,1.0,0.127408,0.333333,0.166667,1.0,0.8,1
0.666667,0.6,1.0,0.461736,0.333333,0.361165,0.333333,0.222222,1.0,1.0,1
0.444444,0.6,0.865015,0.431636,0.333333,0.334199,1.0,0.0,1.0,1.0,0
0.888889,0.6,0.789747,1.0,1.0,0.1317,0.333333,0.222222,1.0,1.0,1
1.0,1.0,0.301843,0.316042,0.0,0.159271,0.2,0.444444,0.301843,1.0,0
0.8,0.333333,1.0,1.0,0.125,0.219817,0.142857,0.6,1.0,0.666667,1
1.0,0.666667,0.41013,0.439136,1.0,0.205298,1.0,0.0,0.615196,0.333333,1
1.0,1.0,0.184086,0.218529,0.25,0.185171,0.166667,0.5,0.184086,1.0,1
0.8,1.0,0.856549,0.224761,0.5,0.837708,0.5,0.1,0.856549,0.666667,1
0.8,0.8,0.948707,1.0,0.0,0.218918,0.2,0.4,1.0,0.8,1
0.9,0.2,0.321679,0.356854,1.0,0.208009,1.0,0.0,1.0,0.4,1
1.0,0.8,0.264029,0.133536,0.5,0.45625,0.333333,0.2,0.330036,1.0,0
0.8,0.4,0.464489,0.361912,0.0,0.296157,0.142857,0.6,1.0,0.8,1
0.9,0.6,0.838229,0.376834,0.625,0.513289,0.5,0.1,1.0,1.0,1
0.7,1.0,1.0,0.319423,0.125,0.722407,0.5,0.1,1.0,0.8,0
0.5,0.2,0.227065,0.250123,0.833333,0.14675,1.0,0.0,1.0,0.75,1
0.583333,1.0,1.0,1.0,0.0,0.161652,0.333333,0.166667,1.0,1.0,1
0.833333,0.6,0.917098,0.945147,1.0,0.156855,0.5,0.083333,1.0,0.75,1
0.75,0.6,0.847404,0.591887,0.5,0.231437,0.25,0.25,1.0,1.0,0
1.0,0.6,0.55796,0.58154,0.0,0.155097,0.1,0.75,0.929933,1.0,1
0.916667,1.0,0.353485,0.460027,0.0,0.230781,0.142857,0.5,0.353485,1.0,1
0.916667,0.8,0.767426,0.819444,0.666667,0.281273,0.5,0.083333,0.959283,1.0,0
0.666667,1.0,0.228513,0.161924,0.111111,0.423849,0.333333,0.166667,0.228513,0.833333,0
1.0,0.6,0.163321,0.092141,0.777778,0.532353,0.333333,0.166667,0.272201,1.0,0
0.916667,0.4,1.0,0.312669,0.222222,0.960563,0.125,0.583333,1.0,1.0,1
0.833333,0.2,0.748928,0.431572,1.0,0.521193,1.0,0.0,1.0,0.833333,1
0.833333,0.6,0.576359,1.0,0.777778,0.173103,1.0,0.0,0.960599,1.0,1
0.583333,1.0,0.446775,0.643975,0.111111,0.181062,0.5,0.083333,0.446775,0.5,1
0.833333,0.2,0.221778,0.31518,1.0,0.18364,1.0,0.0,1.0,0.5,1
0.916667,0.2,1.0,1.0,1.0,0.260979,0.5,0.083333,1.0,0.5,1
0.416667,0.2,0.068598,0.119061,0.333333,0.150365,0.5,0.083333,0.34299,0.5,0
1.0,0.8,0.09213,0.125724,0.0,0.191244,0.111111,0.666667,0.115163,1.0,1
1.0,0.2,1.0,1.0,1.0,0.188946,0.142857,0.5,1.0,1.0,1
1.0,0.8,0.374126,0.061111,1.0,1.0,0.25,0.25,0.467657,1.0,1
0.833333,1.0,0.759302,0.304598,0.4,0.471006,0.25,0.25,0.759302,1.0,0
0.666667,0.4,0.77228,0.182184,0.2,0.800946,0.166667,0.416667,1.0,1.0,1
0.75,0.8,0.712055,0.79387,0.6,0.169474,0.333333,0.166667,0.890069,1.0,1
0.833333,0.2,0.242434,0.050175,0.875,0.98913,0.333333,0.166667,1.0,1.0,0
1.0,1.0,0.787937,0.056501,0.375,1.0,0.2,0.333333,0.787937,1.0,1
0.916667,0.6,0.226769,0.138962,0.875,0.334066,0.5,0.083333,0.377948,1.0,0
0.75,0.6,1.0,1.0,0.375,0.204712,0.25,0.25,1.0,1.0,1
1.0,0.4,0.665921,0.446117,1.0,0.305575,0.333333,0.166667,1.0,1.0,1
1.0,0.8,0.13214,0.187609,0.75,0.144186,0.333333,0.166667,0.165175,1.0,0
0.666667,0.333333,0.946298,0.779078,0.0,0.182493,0.125,0.583333,1.0,0.5,1
0.916667,0.666667,1.0,0.91687,0.125,0.163867,0.111111,0.666667,1.0,1.0,1
0.916667,1.0,0.972451,1.0,0.375,0.146105,0.166667,0.416667,0.972451,1.0,1
0.833333,0.666667,0.185517,0.123821,1.0,0.225106,1.0,0.0,0.278275,0.75,1
1.0,0.333333,0.896315,0.321167,1.0,0.419304,0.25,0.25,1.0,0.75,1
1.0,1.0,1.0,0.260064,0.285714,0.668059,0.166667,0.416667,1.0,1.0,0
0.916667,0.6,0.735074,1.0,1.0,0.12771,0.5,0.083333,1.0,1.0,1
0.916667,0.6,0.417801,0.023642,0.571429,1.0,0.2,0.333333,0.696334,1.0,0
0.916667,0.8,0.662498,0.44345,0.714286,0.259558,0.333333,0.166667,0.828123,1.0,0
1.0,0.8,0.825058,0.613419,0.714286,0.233681,0.25,0.25,1.0,1.0,1
0.666667,1.0,0.584145,0.72305,0.75,0.139525,1.0,0.0,0.584145,1.0,1
0.833333,1.0,0.399799,0.392028,1.0,0.176127,0.5,0.083333,0.399799,1.0,0
0.666667,0.8,0.624084,0.087695,0.75,1.0,0.5,0.083333,0.780105,1.0,0
0.916667,0.8,0.476267,0.100693,0.0,0.816867,0.125,0.583333,0.595334,1.0,1
1.0,0.4,1.0,1.0,0.0,0.172704,0.090909,0.833333,1.0,1.0,1
0.916667,0.8,0.330256,0.203986,0.75,0.279609,0.2,0.333333,0.41282,1.0,0
0.416667,0.4,0.15725,0.188388,0.0,0.144158,0.25,0.25,0.393126,1.0,0
0.833333,1.0,0.179804,0.792479,1.0,0.131898,1.0,0.0,0.179804,0.333333,1
0.583333,0.666667,0.75024,0.461003,0.0,0.946073,0.166667,0.416667,1.0,0.666667,1
0.5,0.333333,0.471131,0.126741,0.714286,1.0,1.0,0.0,1.0,0.666667,1
1.0,1.0,1.0,1.0,0.142857,0.581337,0.111111,0.666667,1.0,1.0,1
0.666667,0.8,0.887681,0.055825,0.0,1.0,0.2,0.333333,1.0,1.0,1
0.583333,1.0,0.266693,0.091142,0.0,0.644062,0.333333,0.166667,0.266693,1.0,0
1.0,0.4,0.843297,1.0,0.333333,0.185617,0.111111,0.666667,1.0,1.0,1
0.75,0.2,0.495859,0.282541,1.0,0.38629,0.333333,0.166667,1.0,1.0,1
1.0,0.6,0.149327,0.134719,0.833333,0.243975,0.2,0.333333,0.248879,1.0,0
0.666667,0.4,1.0,0.532042,1.0,0.413704,1.0,0.0,1.0,1.0,1
0.833333,0.4,0.189053,0.161777,0.333333,0.257218,0.142857,0.5,0.472632,1.0,1
0.916667,0.4,0.118401,0.063515,1.0,0.410314,0.25,0.25,0.296002,1.0,1
0.75,0.8,0.096898,0.041539,0.125,0.348918,0.2,0.333333,0.121123,1.0,0
0.916667,0.2,0.100264,0.027693,1.0,0.541558,0.333333,0.166667,0.501322,0.8,1
1.0,1.0,0.421976,0.452976,0.625,0.139341,0.333333,0.166667,0.421976,0.8,0
0.833333,0.8,1.0,0.62291,0.75,0.240127,1.0,0.0,1.0,0.8,1
0.916667,0.2,0.518514,0.208955,1.0,0.37117,0.333333,0.166667,1.0,0.8,1
0.333333,0.4,0.917168,1.0,0.25,0.137188,1.0,0.0,1.0,0.2,1
0.666667,0.4,0.452092,0.543119,0.75,0.148869,1.0,0.0,1.0,0.833333,0
0.916667,0.6,0.351655,0.334004,0.375,0.188294,0.166667,0.416667,0.586092,1.0,0
0.916667,0.8,0.913054,1.0,0.375,0.163293,0.2,0.333333,1.0,1.0,1
1.0,0.4,0.334791,0.271895,1.0,0.220214,0.333333,0.166667,0.836977,0.666667,1
0.833333,0.8,0.874578,0.11059,0.625,1.0,0.5,0.083333,1.0,1.0,1
0.75,1.0,0.457339,0.458445,0.25,0.178411,0.333333,0.166667,0.457339,1.0,0
0.666667,0.2,1.0,0.813896,0.25,0.219736,0.166667,0.416667,1.0,0.833333,1
1.0,0.333333,0.405253,0.153716,0.285714,0.491697,0.1,0.75,1.0,1.0,1
0.416667,0.666667,0.407266,0.474474,0.0,0.160087,0.25,0.25,0.610899,0.5,1
0.833333,1.0,0.66026,0.210961,1.0,0.583719,1.0,0.0,0.66026,0.5,1
0.583333,0.333333,1.0,0.290916,0.0,0.641097,0.142857,0.5,1.0,0.75,1
0.666667,0.666667,0.853879,1.0,0.714286,0.159253,0.5,0.083333,1.0,0.75,1
0.666667,0.4,0.716564,1.0,0.75,0.162372,0.25,0.25,1.0,1.0,1
0.5,0.2,0.503724,0.45353,0.75,0.251677,0.333333,0.166667,1.0,1.0,1
0.5,0.6,1.0,0.801284,0.5,0.282794,0.5,0.083333,1.0,1.0,1
1.0,1.0,0.926886,0.108391,0.75,1.0,0.2,0.333333,0.926886,1.0,1
0.916667,1.0,0.415924,0.628476,1.0,0.149962,0.333333,0.166667,0.415924,1.0,0
0.583333,0.4,0.623623,0.555503,0.0,0.254386,0.166667,0.416667,1.0,1.0,1
1.0,1.0,1.0,1.0,1.0,0.185365,0.333333,0.166667,1.0,1.0,1
0.833333,0.6,0.211718,0.159638,1.0,0.245838,0.333333,0.166667,0.352864,1.0,0
0.583333,0.4,0.562539,0.354323,0.0,0.294293,0.166667,0.416667,1.0,1.0,1
0.833333,0.4,0.991066,0.943963,0.0,0.194614,0.111111,0.666667,1.0,1.0,1
1.0,0.4,0.168086,0.150972,0.4,0.206378,0.111111,0.666667,0.420216,1.0,0
0.916667,0.8,0.493144,0.324475,0.2,0.281721,0.142857,0.5,0.616429,1.0,1
1.0,1.0,0.594016,0.419603,0.6,0.262414,0.2,0.333333,0.594016,1.0,0
0.833333,0.2,0.141596,0.045061,1.0,0.582479,0.2,0.333333,0.707978,1.0,0
1.0,0.5,0.492304,1.0,0.857143,0.218155,0.2,0.333333,0.984609,0.666667,1
0.833333,0.75,0.338501,0.7684,0.571429,0.195211,0.25,0.25,0.451334,0.833333,1
0.916667,0.75,0.651201,0.614328,1.0,0.469728,0.5,0.083333,0.868269,0.5,1
0.583333,0.75,0.275938,0.357213,0.571429,0.342308,1.0,0.0,0.367918,0.5,0
0.5,1.0,1.0,0.247792,0.142857,1.0,0.5,0.083333,1.0,0.333333,1
1.0,0.25,0.37781,0.359666,1.0,0.465484,0.2,0.333333,1.0,0.5,0
0.083333,0.25,0.944192,0.357704,0.0,1.0,1.0,0.0,1.0,0.0,1
0.416667,0.4,0.118085,0.394124,0.333333,0.147117,0.333333,0.166667,0.295213,1.0,0
0.916667,0.6,0.102958,0.125277,0.0,0.40354,0.111111,0.666667,0.171596,1.0,0
0.666667,0.8,0.132423,0.289911,1.0,0.224283,0.5,0.083333,0.165528,1.0,0
0.75,1.0,1.0,0.373614,0.0,1.0,0.2,0.333333,1.0,1.0,1
0.5,0.4,0.997516,1.0,1.0,0.4898,0.5,0.083333,1.0,1.0,1
1.0,0.8,0.788666,0.922395,0.0,0.419832,0.111111,0.666667,0.985832,1.0,1
1.0,0.5,1.0,0.973161,1.0,0.257201,0.25,0.25,1.0,1.0,1
0.75,0.5,0.691289,0.878728,0.25,0.196908,0.142857,0.5,1.0,1.0,1
1.0,0.5,0.403098,0.247184,0.875,0.408177,0.2,0.333333,0.806195,1.0,1
0.833333,1.0,0.391713,0.435056,1.0,0.225362,1.0,0.0,0.391713,1.0,1
0.75,0.5,0.923219,1.0,0.5,0.23108,0.2,0.333333,1.0,1.0,1
0.333333,0.75,0.940302,0.823294,0.0,0.226452,0.5,0.083333,1.0,0.0,1
0.833333,1.0,1.0,0.818871,0.571429,0.24213,0.333333,0.166667,1.0,0.666667,1
0.75,0.25,0.678351,0.257582,0.857143,0.522159,0.333333,0.166667,1.0,0.666667,1
1.0,0.75,0.906416,1.0,1.0,0.179718,0.333333,0.166667,1.0,0.666667,1
0.7,0.75,0.756315,0.084901,0.166667,1.0,0.25,0.3,1.0,1.0,1
0.6,0.5,0.20688,0.033044,0.166667,1.0,0.25,0.3,0.41376,0.833333,0
0.6,0.25,0.382728,0.102991,0.5,0.745199,0.333333,0.2,1.0,0.833333,1
0.9,1.0,0.966562,1.0,0.833333,0.193825,1.0,0.0,0.966562,1.0,0
1.0,0.75,1.0,0.957308,1.0,0.209473,0.5,0.1,1.0,0.666667,1
0.7,0.75,0.699783,0.6452,0.666667,0.217495,1.0,0.0,0.933045,1.0,1
0.9,1.0,0.419654,0.118669,0.666667,0.709146,0.5,0.1,0.419654,1.0,0
0.545455,0.2,0.593047,0.65782,0.166667,0.201302,0.2,0.363636,1.0,0.6,1
0.909091,0.8,0.490542,0.609589,1.0,0.179682,1.0,0.0,0.613177,0.6,0
1.0,1.0,0.587296,1.0,0.5,0.131136,0.25,0.272727,0.587296,1.0,1
0.727273,1.0,0.602505,0.070205,0.5,1.0,1.0,0.0,0.602505,1.0,0
1.0,0.8,1.0,0.642694,1.0,0.347425,0.5,0.090909,1.0,0.6,1
0.545455,1.0,0.088446,0.11758,0.0,0.167961,0.5,0.090909,0.088446,0.6,0
0.666667,1.0,0.162264,0.213737,0.166667,0.169775,0.333333,0.166667,0.162264,1.0,1
0.583333,0.8,0.160975,0.086936,0.5,0.414088,1.0,0.0,0.201219,1.0,0
0.75,0.8,1.0,0.674352,0.5,0.331624,0.333333,0.166667,1.0,1.0,1
0.916667,0.8,0.654317,1.0,0.833333,0.146326,0.333333,0.166667,0.817896,1.0,0
1.0,0.6,0.763101,0.304515,1.0,0.56041,0.25,0.25,1.0,1.0,1
1.0,1.0,0.739369,0.26513,0.833333,0.623641,0.333333,0.166667,0.739369,1.0,0
0.916667,0.333333,0.852542,0.916744,1.0,0.153406,0.5,0.083333,1.0,0.5,1
0.833333,1.0,0.248964,0.256291,0.0,0.160242,0.125,0.583333,0.248964,1.0,1
0.75,0.333333,0.692279,0.661075,0.666667,0.172744,0.333333,0.166667,1.0,0.75,1
0.583333,0.333333,0.803955,1.0,0.222222,0.132619,0.2,0.333333,1.0,0.75,1
1.0,1.0,1.0,0.063063,0.666667,1.0,0.25,0.25,1.0,1.0,1
0.916667,0.2,0.507776,0.377622,1.0,0.37284,0.5,0.083333,1.0,0.666667,1
0.916667,1.0,1.0,1.0,0.555556,0.277273,0.5,0.083333,1.0,1.0,1
1.0,0.8,0.17129,0.087704,0.555556,0.541528,0.25,0.25,0.214113,1.0,0
0.666667,1.0,0.124947,0.200175,0.222222,0.173071,0.5,0.083333,0.124947,0.666667,0
0.375,0.25,0.31478,0.363759,0.0,0.251766,0.333333,0.25,1.0,0.666667,1
1.0,1.0,0.537183,0.482082,1.0,0.324194,0.5,0.125,0.537183,0.666667,0
0.875,1.0,1.0,0.684584,0.0,0.424988,0.25,0.375,1.0,1.0,1
1.0,0.75,0.526958,1.0,0.666667,0.153313,0.25,0.375,0.702611,1.0,1
0.916667,0.8,0.131127,0.073416,0.625,0.34086,0.333333,0.166667,0.163909,1.0,0
0.666667,0.2,0.392244,0.203079,0.25,0.36861,0.166667,0.416667,1.0,0.857143,0
0.75,0.8,0.94726,0.371226,0.5,0.486975,0.5,0.083333,1.0,1.0,1
1.0,1.0,0.162461,0.182751,0.125,0.169654,0.142857,0.5,0.162461,1.0,0
0.833333,0.6,0.427818,0.141109,0.25,0.578601,0.166667,0.416667,0.71303,1.0,1
0.833333,0.2,0.515512,0.702388,1.0,0.140067,0.5,0.083333,1.0,0.714286,1
0.916667,0.4,1.0,1.0,0.125,0.190843,0.111111,0.666667,1.0,1.0,1
0.666667,1.0,0.928542,0.115058,0.375,1.0,1.0,0.0,0.928542,0.857143,0
0.833333,1.0,0.695238,0.088061,1.0,1.0,1.0,0.0,0.695238,1.0,0
0.75,1.0,0.173635,0.083113,0.6,0.296627,0.5,0.083333,0.173635,1.0,0
0.666667,1.0,0.434727,0.3844,0.0,0.160575,0.25,0.25,0.434727,1.0,0
0.916667,1.0,0.257259,0.060026,0.0,0.608516,0.142857,0.5,0.257259,1.0,0
0.666667,1.0,1.0,1.0,0.0,0.141985,0.25,0.25,1.0,1.0,1
0.583333,0.4,0.917654,0.77688,0.8,0.167714,0.5,0.083333,1.0,1.0,1
1.0,0.8,0.518815,0.056234,0.2,1.0,0.125,0.583333,0.648519,1.0,1
0.454545,0.75,1.0,0.224514,0.0,1.0,0.333333,0.181818,1.0,0.666667,1
0.818182,0.25,0.190426,0.076016,1.0,1.0,0.5,0.090909,0.761703,0.333333,1
1.0,0.75,0.597335,1.0,0.285714,0.298527,0.142857,0.545455,0.796447,1.0,1
0.545455,1.0,0.577998,0.222157,0.142857,1.0,0.5,0.090909,0.577998,0.666667,1
0.916667,0.4,0.916233,0.113723,0.8,1.0,0.166667,0.416667,1.0,1.0,1
0.916667,0.8,0.756131,1.0,0.2,0.24618,0.142857,0.5,0.945164,1.0,1
0.583333,1.0,0.139505,0.361217,0.2,0.125742,0.5,0.083333,0.139505,1.0,0
0.416667,0.8,0.32031,0.619426,0.0,0.168359,0.5,0.083333,0.400388,0.8,1
0.833333,1.0,0.360866,0.267542,0.8,0.439147,0.5,0.083333,0.360866,1.0,0
1.0,0.2,1.0,0.750778,1.0,0.433656,0.142857,0.5,1.0,0.8,1
0.833333,0.6,0.711692,0.692167,0.375,0.201646,0.2,0.333333,1.0,1.0,1
0.75,0.6,0.16371,0.037843,0.125,0.848387,0.166667,0.416667,0.27285,1.0,0
0.416667,0.2,0.882042,1.0,0.375,0.172981,0.5,0.083333,1.0,0.833333,1
0.666667,1.0,0.957049,0.867141,0.375,0.216448,1.0,0.0,0.957049,0.833333,0
0.666667,0.6,0.427845,0.181078,0.125,0.463371,0.2,0.333333,0.713075,0.833333,1
1.0,0.2,1.0,0.783723,0.125,0.250234,0.090909,0.833333,1.0,1.0,1
0.833333,0.2,0.197738,0.155849,1.0,0.248825,0.5,0.083333,0.988692,0.5,1
0.916667,0.75,0.703142,0.321674,0.285714,0.470766,0.142857,0.5,0.937522,1.0,1
0.916667,1.0,0.983759,0.542144,0.857143,0.390799,0.5,0.083333,0.983759,1.0,0
0.666667,0.25,0.573882,0.667718,0.571429,0.185101,0.25,0.25,1.0,1.0,1
0.75,0.75,0.271299,0.305333,0.857143,0.191362,1.0,0.0,0.361732,1.0,0
1.0,1.0,0.419462,0.275229,0.428571,0.328229,0.166667,0.416667,0.419462,1.0,1
0.75,0.5,1.0,1.0,1.0,0.215367,1.0,0.0,1.0,1.0,1
1.0,0.5,0.395767,0.599771,0.142857,0.142113,0.1,0.75,0.791534,1.0,1
0.8,0.4,1.0,1.0,1.0,0.46814,0.5,0.1,1.0,1.0,1
1.0,1.0,0.546945,0.24187,1.0,1.0,1.0,0.0,0.546945,1.0,0
0.6,0.8,0.367524,0.803862,0.2,0.214033,0.5,0.1,0.459405,1.0,1
0.7,1.0,0.455878,0.688516,0.4,0.309963,1.0,0.0,0.455878,1.0,0
0.7,0.2,0.290025,0.105691,0.4,1.0,0.2,0.4,1.0,1.0,1
0.833333,0.2,0.794658,0.661626,0.555556,0.191555,0.2,0.333333,1.0,1.0,1
0.833333,0.4,0.78934,1.0,0.444444,0.12589,0.2,0.333333,1.0,1.0,1
1.0,0.4,0.149844,0.120597,0.111111,0.198165,0.1,0.75,0.37461,1.0,1
0.916667,0.6,0.657648,0.251337,0.222222,0.417315,0.142857,0.5,1.0,1.0,1
1.0,0.8,0.243149,0.242117,0.111111,0.160168,0.125,0.583333,0.303937,1.0,0
0.666667,0.2,0.626662,0.658123,0.777778,0.151863,1.0,0.0,1.0,0.714286,1
0.916667,0.2,1.0,0.188641,1.0,0.845455,0.5,0.083333,1.0,0.714286,1
0.583333,1.0,0.818823,0.220358,0.222222,0.592636,1.0,0.0,0.818823,0.714286,0
1.0,0.6,0.319349,0.989915,1.0,0.154692,0.333333,0.181818,0.532249,1.0,1
0.636364,0.4,1.0,0.780786,0.333333,0.61414,0.25,0.272727,1.0,1.0,1
1.0,1.0,0.290569,1.0,0.333333,0.139331,0.2,0.363636,0.290569,1.0,0
0.727273,1.0,0.433252,0.738854,0.5,0.281178,1.0,0.0,0.433252,1.0,1
0.727273,0.8,0.219725,0.067941,0.666667,1.0,1.0,0.0,0.274657,1.0,0
1.0,0.8,0.904879,0.489374,1.0,0.489988,0.5,0.1,1.0,0.6,0
0.5,0.2,0.519938,0.618064,0.4,0.222923,0.333333,0.2,1.0,0.4,1
0.5,1.0,0.648474,0.708973,0.0,0.242381,1.0,0.0,0.648474,0.4,0
0.9,0.8,0.267209,0.177686,1.0,0.398505,1.0,0.0,0.334011,0.6,0
1.0,1.0,1.0,1.0,1.0,0.264994,1.0,0.0,1.0,0.6,1
0.8,0.8,0.93562,0.711334,0.2,0.348548,0.25,0.3,1.0,1.0,1
0.727273,0.6,0.763752,0.524237,0.5,0.222898,0.333333,0.181818,1.0,1.0,1
0.909091,0.6,0.706124,0.50458,1.0,0.214107,0.5,0.090909,1.0,0.666667,0
0.727273,0.6,0.247848,0.132443,0.0,0.286311,0.166667,0.454545,0.413081,1.0,1
1.0,1.0,1.0,0.478244,0.5,0.319912,0.25,0.272727,1.0,1.0,1
0.545455,0.8,0.535487,0.026145,0.333333,1.0,1.0,0.0,0.669359,0.833333,0
0.545455,1.0,0.353499,0.147137,0.166667,0.367575,1.0,0.0,0.353499,0.833333,0
1.0,0.2,0.928901,1.0,0.0,0.142118,0.090909,0.909091,1.0,1.0,1
1.0,0.2,0.556563,0.145582,0.75,0.581897,0.125,0.636364,1.0,1.0,1
0.727273,1.0,0.237302,0.256777,0.75,0.140665,1.0,0.0,0.237302,1.0,0
0.636364,0.2,0.348615,0.204066,1.0,0.260025,0.333333,0.181818,1.0,0.666667,1
0.363636,0.6,1.0,1.0,0.25,0.152209,1.0,0.0,1.0,0.666667,1
0.916667,0.6,1.0,0.401338,1.0,0.407738,0.333333,0.166667,1.0,1.0,1
0.833333,0.2,0.492817,0.085278,1.0,0.945674,0.25,0.25,1.0,1.0,1
0.75,0.6,0.285834,0.198868,0.666667,0.235203,0.333333,0.166667,0.47639,1.0,0
0.666667,0.6,0.07969,0.08442,0.666667,0.154472,0.5,0.083333,0.132816,1.0,0
1.0,1.0,0.937507,1.0,0.666667,0.153415,0.25,0.25,0.937507,1.0,0
0.833333,0.8,0.748349,0.506349,0.666667,0.24185,0.333333,0.166667,0.935436,1.0,1
0.833333,1.0,0.624725,0.569835,0.666667,0.179404,0.5,0.083333,0.624725,1.0,0
0.833333,1.0,1.0,0.275589,0.0,0.833798,0.166667,0.416667,1.0,1.0,1
1.0,0.6,0.887639,1.0,0.875,0.203966,0.333333,0.166667,1.0,1.0,1
0.916667,0.4,0.678396,0.702661,1.0,0.22185,0.5,0.083333,1.0,1.0,0
1.0,0.2,0.445991,0.674258,0.375,0.151992,0.111111,0.666667,1.0,1.0,1
0.833333,0.8,0.602895,0.928608,0.625,0.149187,0.5,0.083333,0.753619,1.0,1
0.5,0.6,0.18936,0.064364,0.25,0.385321,0.5,0.083333,0.3156,0.714286,0
0.916667,0.6,0.184964,0.101565,0.625,0.238517,0.25,0.25,0.308273,1.0,1
0.75,1.0,1.0,0.851786,0.0,0.153761,0.2,0.333333,1.0,1.0,1
0.833333,1.0,0.898219,0.560526,0.625,0.209876,1.0,0.0,0.898219,1.0,0
1.0,0.2,0.098174,0.061116,0.25,0.210386,0.1,0.75,0.49087,1.0,1
0.75,0.2,0.970807,1.0,1.0,0.127148,1.0,0.0,1.0,0.714286,1
0.75,0.2,0.664225,0.391497,0.875,0.22221,0.5,0.083333,1.0,0.714286,1
0.5,1.0,0.617674,0.01742,0.125,1.0,1.0,0.0,0.617674,0.714286,0
0.916667,0.2,1.0,1.0,0.714286,0.15409,0.166667,0.416667,1.0,0.833333,1
1.0,0.4,0.324881,0.09454,1.0,0.52952,0.25,0.25,0.812203,0.666667,0
0.666667,1.0,0.357482,0.034537,0.428571,1.0,1.0,0.0,0.357482,1.0,0
1.0,0.8,0.365406,0.347985,0.0,0.161805,0.111111,0.666667,0.456758,1.0,1
0.333333,0.4,0.269866,0.30368,0.285714,0.136933,1.0,0.0,0.674666,0.333333,0
0.583333,0.6,0.64014,0.110762,0.571429,0.890551,1.0,0.0,1.0,0.666667,1
0.833333,0.8,0.819561,0.720042,0.857143,0.175388,1.0,0.0,1.0,0.833333,1
0.333333,0.5,0.734222,0.081858,0.166667,1.0,0.5,0.083333,1.0,0.833333,1
0.916667,0.5,0.41636,0.461652,1.0,0.158347,0.25,0.25,0.832721,0.5,1
0.666667,0.5,0.524205,0.568031,0.0,0.162025,0.142857,0.5,1.0,1.0,1
0.75,0.5,1.0,1.0,0.5,0.175572,0.2,0.333333,1.0,1.0,1
0.5,1.0,0.573139,0.243178,0.166667,0.413798,0.5,0.083333,0.573139,0.833333,0
0.5,1.0,0.361651,0.20944,0.0,0.303169,0.333333,0.166667,0.361651,0.833333,0
1.0,0.5,0.556862,0.466445,0.5,0.209605,0.125,0.583333,1.0,1.0,1
1.0,0.2,0.72429,0.429911,0.5,0.249686,0.125,0.583333,1.0,1.0,1
0.75,0.8,0.953566,1.0,0.5,0.141322,0.5,0.083333,1.0,1.0,1
0.833333,0.2,0.606863,0.230292,1.0,0.390545,0.5,0.083333,1.0,0.8,1
1.0,1.0,1.0,0.340273,0.625,0.435544,0.333333,0.166667,1.0,1.0,0
0.833333,0.8,0.61126,0.487921,0.5,0.185668,0.333333,0.166667,0.764075,1.0,0
0.583333,0.8,0.988847,0.482676,0.0,0.303622,0.25,0.25,1.0,0.8,1
1.0,0.8,1.0,1.0,0.4,0.29523,0.142857,0.5,1.0,1.0,1
0.916667,0.2,0.173628,0.074707,0.4,0.686145,0.111111,0.666667,0.86814,1.0,0
0.25,0.4,0.536738,0.878488,0.2,0.180379,1.0,0.0,1.0,0.428571,1
0.75,0.2,0.340549,0.744374,1.0,0.135067,0.25,0.25,1.0,0.571429,1
0.416667,0.4,0.404878,0.29613,0.2,0.403647,0.333333,0.166667,1.0,0.714286,0
1.0,1.0,0.95747,0.89604,1.0,0.31547,0.333333,0.166667,0.95747,0.571429,0
1.0,0.8,0.955335,0.753825,0.6,0.374149,0.166667,0.416667,1.0,0.857143,1
0.333333,0.2,0.169665,0.232223,0.6,0.215698,1.0,0.0,0.848323,0.571429,1
0.833333,0.8,1.0,0.914094,1.0,0.240578,1.0,0.0,1.0,0.75,1
0.416667,0.6,0.116073,0.153691,0.0,0.166084,0.333333,0.166667,0.193455,0.75,1
1.0,0.8,0.090641,0.075615,0.0,0.263609,0.111111,0.666667,0.113301,1.0,0
1.0,1.0,0.664293,0.862192,0.166667,0.169434,0.142857,0.5,0.664293,1.0,0
0.916667,0.8,0.705799,1.0,0.333333,0.155213,0.166667,0.416667,0.882248,1.0,1
0.909091,0.6,1.0,1.0,0.125,0.220653,0.142857,0.545455,1.0,1.0,1
1.0,1.0,0.449365,0.681739,0.125,0.145443,0.166667,0.454545,0.449365,1.0,0
1.0,0.6,0.294553,0.212077,0.25,0.306465,0.142857,0.545455,0.490922,1.0,1
0.545455,0.2,0.222501,0.381855,0.5,0.128571,0.5,0.090909,1.0,0.6,1
1.0,0.6,0.66605,0.144982,0.75,1.0,0.333333,0.181818,1.0,0.8,1
0.909091,0.2,0.719989,0.671529,1.0,0.236577,0.5,0.090909,1.0,0.8,1
0.666667,0.8,0.674368,0.377501,0.666667,0.321462,1.0,0.0,0.84296,1.0,0
0.75,1.0,0.311488,0.444531,0.333333,0.126093,0.333333,0.166667,0.311488,1.0,1
0.833333,0.8,0.892788,0.424519,0.833333,0.378444,0.5,0.083333,1.0,1.0,1
0.916667,0.6,0.131289,0.11735,0.333333,0.201325,0.142857,0.5,0.218815,1.0,0
1.0,0.4,1.0,1.0,1.0,0.179949,0.2,0.333333,1.0,1.0,1
0.833333,0.6,0.403585,0.259957,1.0,0.279372,0.5,0.083333,0.672641,1.0,0
0.833333,0.2,0.948667,0.258858,0.333333,0.695665,0.142857,0.5,1.0,1.0,1
0.833333,0.6,0.2773,0.278346,0.111111,0.189109,0.142857,0.5,0.462166,1.0,1
0.583333,0.8,0.259152,0.129134,0.111111,0.380945,0.333333,0.166667,0.32394,0.857143,0
0.416667,1.0,0.05434,0.063189,0.0,0.16324,1.0,0.0,0.05434,0.714286,0
0.833333,0.8,1.0,1.0,0.333333,0.189823,0.25,0.25,1.0,1.0,1
0.916667,0.6,0.547962,0.46122,0.222222,0.225523,0.142857,0.5,0.91327,1.0,1
0.833333,0.8,0.092399,0.106496,0.666667,0.164695,1.0,0.0,0.115498,0.857143,0
1.0,0.2,0.373224,0.137598,1.0,0.514878,0.333333,0.166667,1.0,0.714286,1
0.818182,0.5,0.666395,0.653017,0.333333,0.539109,0.166667,0.454545,1.0,1.0,1
1.0,0.75,0.451096,0.078664,1.0,1.0,0.333333,0.181818,0.601462,1.0,0
0.818182,0.75,1.0,0.424569,1.0,1.0,1.0,0.0,1.0,1.0,1
1.0,0.25,0.541662,0.947198,0.666667,0.302105,0.142857,0.545455,1.0,1.0,1
0.727273,1.0,0.457318,1.0,0.0,0.241595,0.2,0.363636,0.457318,1.0,1
1.0,0.4,0.43847,0.028269,1.0,1.0,0.333333,0.166667,1.0,0.5,1
0.333333,0.2,0.626709,0.611851,0.25,0.270813,0.5,0.083333,1.0,0.5,1
0.75,0.4,1.0,0.330253,0.875,0.800576,1.0,0.0,1.0,0.5,1
1.0,0.8,0.925876,0.874151,0.125,0.280037,0.125,0.583333,1.0,1.0,1
0.416667,0.8,0.844659,0.207937,0.125,1.0,1.0,0.0,1.0,0.5,0
0.916667,0.2,0.079264,0.096765,1.0,0.216573,0.333333,0.166667,0.39632,0.5,1
0.583333,1.0,0.496659,1.0,0.25,0.131313,1.0,0.0,0.496659,0.5,0
0.583333,0.2,0.106486,0.134921,0.666667,0.126073,1.0,0.0,0.532429,0.6,0
1.0,0.8,0.805694,0.585586,0.555556,0.21978,0.25,0.25,1.0,1.0,1
0.666667,1.0,0.347522,0.271128,0.222222,0.204747,0.5,0.083333,0.347522,0.8,0
0.833333,0.2,0.94105,0.6287,1.0,0.239099,1.0,0.0,1.0,0.6,1
1.0,0.2,1.0,1.0,0.777778,0.159738,0.2,0.333333,1.0,0.8,1
0.916667,0.4,0.838727,0.756971,0.666667,0.176991,0.25,0.25,1.0,1.0,1
1.0,0.4,1.0,0.94657,0.0,0.331559,0.090909,0.833333,1.0,1.0,1
0.583333,0.8,0.388663,0.30844,0.0,0.395472,0.25,0.25,0.485829,1.0,1
0.75,1.0,0.517315,1.0,0.0,0.162356,0.2,0.333333,0.517315,1.0,1
0.75,0.8,0.269298,0.500911,1.0,0.168727,1.0,0.0,0.336622,1.0,0
1.0,0.5,1.0,1.0,1.0,0.168674,0.5,0.1,1.0,0.333333,1
0.7,0.5,0.692636,0.101046,0.571429,1.0,0.5,0.1,1.0,0.666667,1
0.8,0.75,0.575366,0.031052,0.571429,1.0,0.5,0.1,0.767155,1.0,1
0.7,1.0,0.253255,0.130726,0.142857,0.326772,0.333333,0.2,0.253255,0.666667,0
0.75,1.0,0.336426,0.247065,0.666667,0.216633,1.0,0.0,0.336426,0.833333,0
0.916667,0.8,0.654613,0.167729,0.833333,0.6209,0.333333,0.166667,0.818266,0.833333,1
0.833333,0.8,0.304692,0.057196,1.0,0.847507,1.0,0.0,0.380865,0.833333,0
1.0,0.4,0.329678,0.342838,0.833333,0.152984,0.166667,0.416667,0.824196,0.833333,1
0.916667,0.2,0.152346,0.042939,0.666667,0.564453,0.142857,0.5,0.761729,0.833333,1
0.333333,0.2,0.385029,0.212177,0.5,0.288696,1.0,0.0,1.0,0.166667,1
0.916667,0.8,1.0,1.0,0.0,0.159091,0.125,0.583333,1.0,1.0,1
0.833333,0.6,0.730448,0.52353,0.75,0.203814,0.2,0.333333,1.0,1.0,1
1.0,1.0,0.416531,0.153066,0.75,0.397516,0.2,0.333333,0.416531,1.0,0
0.916667,0.8,0.209893,0.051497,1.0,0.595385,0.25,0.25,0.262366,1.0,0
0.666667,0.6,0.630003,0.657424,0.0,0.139986,0.166667,0.416667,1.0,1.0,1
0.916667,0.8,1.0,1.0,0.25,0.146078,0.142857,0.5,1.0,1.0,1
0.833333,0.2,0.705374,0.393667,1.0,0.27011,0.111111,0.666667,1.0,1.0,1
0.833333,0.6,0.753785,0.562289,0.0,0.202087,0.125,0.583333,1.0,1.0,0
0.583333,0.2,0.894434,0.226491,1.0,0.595316,0.166667,0.416667,1.0,1.0,1
0.583333,0.2,0.637876,0.66388,1.0,0.144843,0.166667,0.416667,1.0,1.0,1
0.916667,0.8,0.923971,1.0,1.0,0.139286,0.142857,0.5,1.0,1.0,1
0.833333,0.6,0.100661,0.02797,0.0,0.542529,0.125,0.583333,0.167769,1.0,0
1.0,1.0,1.0,0.461823,1.0,0.326418,0.142857,0.5,1.0,1.0,1
1.0,1.0,0.950714,0.394733,0.888889,0.313915,0.25,0.25,0.950714,0.6,1
0.833333,1.0,0.761633,0.350845,1.0,0.282942,1.0,0.0,0.761633,0.6,1
0.666667,1.0,0.606939,0.447001,0.444444,0.176971,0.25,0.25,0.606939,0.4,1
0.5,1.0,0.344184,0.119564,0.555556,0.375195,1.0,0.0,0.344184,0.4,1
0.916667,1.0,1.0,1.0,0.888889,0.130336,0.333333,0.166667,1.0,0.6,1
0.833333,1.0,0.854184,0.386621,0.333333,0.28796,0.142857,0.5,0.854184,1.0,1
1.0,0.4,0.475127,0.225177,0.75,0.396316,0.142857,0.545455,1.0,1.0,1
0.909091,0.8,0.858553,0.028056,1.0,1.0,0.333333,0.181818,1.0,1.0,0
0.727273,0.8,0.243278,0.134179,0.5,0.340545,0.333333,0.181818,0.304098,1.0,0
0.818182,0.4,0.962073,0.829715,0.75,0.217789,0.2,0.363636,1.0,1.0,1
0.727273,0.4,0.166255,0.176384,0.5,0.17704,0.2,0.363636,0.415638,1.0,0
0.818182,1.0,1.0,1.0,1.0,0.187826,1.0,0.0,1.0,1.0,1
0.916667,0.4,0.498973,0.034116,0.888889,1.0,0.5,0.083333,1.0,0.666667,1
1.0,0.4,0.687818,0.289478,0.888889,0.371237,0.333333,0.166667,1.0,0.666667,1
0.75,0.2,1.0,1.0,0.888889,0.15624,1.0,0.0,1.0,0.5,1
0.5,0.2,0.174143,0.181219,0.0,0.15014,0.166667,0.416667,0.870717,0.333333,1
0.833333,0.2,0.141066,0.129708,1.0,0.169922,1.0,0.0,0.705329,0.5,0
0.583333,0.6,0.170036,0.14001,0.0,0.189747,0.2,0.333333,0.283393,0.333333,1
0.833333,1.0,0.19533,0.050329,0.555556,0.606376,1.0,0.0,0.19533,1.0,0
1.0,0.6,0.487993,0.020791,0.777778,1.0,0.333333,0.166667,0.813321,1.0,0
0.75,1.0,1.0,0.873208,0.444444,0.175758,1.0,0.0,1.0,0.857143,1
1.0,0.2,0.410304,0.029453,1.0,1.0,0.333333,0.166667,1.0,0.571429,1
0.916667,0.4,0.960078,0.835722,0.888889,0.17631,0.5,0.083333,1.0,1.0,1
0.833333,0.8,0.369048,0.242243,0.111111,0.23381,0.166667,0.416667,0.46131,1.0,0
0.916667,0.4,0.44961,0.060954,0.666667,1.0,0.25,0.25,1.0,1.0,0
0.75,1.0,0.101704,0.087258,0.444444,0.178881,1.0,0.0,0.101704,0.857143,0
0.75,0.8,0.948686,1.0,0.111111,0.145598,0.2,0.333333,1.0,0.857143,1
1.0,1.0,0.149277,0.044532,0.2,0.89557,0.142857,0.5,0.149277,1.0,0
0.5,0.2,0.321236,0.381342,0.4,0.225055,0.25,0.25,1.0,1.0,1
0.583333,0.4,0.443401,0.614994,0.4,0.192621,0.25,0.25,1.0,1.0,0
0.833333,0.2,1.0,0.714769,0.2,0.373778,0.111111,0.666667,1.0,1.0,1
0.833333,1.0,0.52073,1.0,1.0,0.139121,1.0,0.0,0.52073,1.0,1
1.0,0.8,0.781939,0.106257,0.0,1.0,0.111111,0.666667,0.977424,1.0,1
1.0,0.6,1.0,1.0,0.857143,0.17463,0.25,0.25,1.0,0.714286,1
0.416667,0.4,0.072942,0.037526,0.0,0.339437,0.25,0.25,0.182355,0.428571,0
0.833333,0.6,0.986178,0.257928,0.857143,0.667691,0.5,0.083333,1.0,0.714286,1
0.583333,0.4,0.973164,0.371212,0.714286,0.457807,1.0,0.0,1.0,0.714286,1
1.0,0.4,0.655569,0.549859,0.0,0.208202,0.090909,0.833333,1.0,1.0,1
0.916667,1.0,0.062046,0.022375,0.428571,0.484252,0.25,0.25,0.062046,1.0,0
0.5,0.4,0.71025,0.066596,0.142857,1.0,0.25,0.25,1.0,0.571429,1
1.0,0.6,0.133878,0.184285,1.0,0.126864,0.333333,0.166667,0.22313,0.571429,0
0.833333,0.2,0.787571,1.0,1.0,0.389749,1.0,0.0,1.0,0.5,1
1.0,0.8,1.0,0.514573,0.333333,0.961719,0.166667,0.416667,1.0,1.0,1
0.75,1.0,0.122766,0.081407,0.333333,0.746296,0.5,0.083333,0.122766,0.75,0
1.0,0.6,0.148253,0.435176,0.666667,0.168591,0.25,0.25,0.247089,1.0,1
0.75,0.8,0.983042,0.548744,0.555556,0.886538,1.0,0.0,1.0,0.75,0
1.0,1.0,0.134842,0.104032,0.166667,0.297847,0.142857,0.5,0.134842,1.0,0
1.0,0.8,0.34355,0.298656,0.5,0.264333,0.166667,0.416667,0.429438,1.0,0
0.416667,0.6,1.0,0.247138,0.0,0.929809,0.333333,0.166667,1.0,0.666667,1
0.75,0.6,0.622874,0.447735,1.0,0.319678,1.0,0.0,1.0,0.833333,0
0.75,0.4,0.124553,0.10677,0.666667,0.268065,0.25,0.25,0.311383,1.0,1
0.916667,0.2,0.982454,1.0,0.5,0.225759,0.125,0.583333,1.0,1.0,1
0.916667,1.0,0.948879,0.824042,0.833333,0.264603,0.5,0.083333,0.948879,0.833333,1
1.0,0.6,0.808555,0.755236,0.625,0.274443,0.2,0.333333,1.0,1.0,1
0.833333,0.8,0.697212,1.0,0.625,0.178727,0.5,0.083333,0.871516,1.0,0
0.75,0.2,1.0,0.825462,0.125,0.310547,0.125,0.583333,1.0,1.0,1
0.5,1.0,0.81993,0.323614,0.0,0.649492,0.5,0.083333,0.81993,0.8,1
1.0,0.4,0.853893,0.509651,1.0,0.429492,0.333333,0.166667,1.0,0.8,1
0.916667,0.4,0.667735,0.583984,0.625,0.293108,0.2,0.333333,1.0,1.0,1
1.0,0.25,0.765595,0.40605,1.0,0.267518,0.25,0.25,1.0,0.571429,1
0.25,0.5,0.844786,0.51236,0.125,0.233941,1.0,0.0,1.0,0.428571,1
1.0,0.5,0.9721,0.205186,0.875,0.672199,0.25,0.25,1.0,0.714286,1
0.666667,0.75,1.0,1.0,0.5,0.141884,0.5,0.083333,1.0,0.714286,1
0.833333,1.0,0.063475,0.044771,0.25,0.201158,0.2,0.333333,0.063475,1.0,0
0.75,0.75,0.213938,0.146759,0.0,0.206832,0.142857,0.5,0.28525,1.0,1
0.75,0.25,0.751706,0.64892,0.625,0.164358,0.25,0.25,1.0,0.857143,1
0.583333,1.0,0.696637,0.364218,0.25,0.271381,0.5,0.083333,0.696637,0.714286,0
0.75,0.4,0.856461,0.51697,0.666667,0.242028,0.5,0.083333,1.0,0.2,1
0.416667,1.0,0.592097,0.043939,0.0,1.0,1.0,0.0,0.592097,0.4,0
1.0,0.2,1.0,1.0,0.0,0.146091,0.083333,0.916667,1.0,1.0,1
0.916667,0.2,0.437046,0.247273,1.0,0.258211,0.5,0.083333,1.0,0.4,1
0.333333,0.6,0.826385,0.050758,0.111111,1.0,1.0,0.0,1.0,0.4,1
0.916667,0.2,0.785522,0.711515,1.0,0.161286,0.5,0.083333,1.0,0.4,1
0.9,0.8,0.570364,0.584511,1.0,0.250179,1.0,0.0,0.712955,1.0,0
1.0,1.0,0.19951,0.115908,1.0,0.441309,1.0,0.0,0.19951,1.0,0
1.0,0.6,0.861312,0.888802,1.0,0.248455,0.333333,0.2,1.0,1.0,1
1.0,1.0,1.0,1.0,0.4,0.256384,0.25,0.3,1.0,1.0,1
0.9,1.0,0.487977,0.1475,0.166667,1.0,0.2,0.4,0.487977,1.0,1
0.9,0.75,0.369094,0.66875,0.666667,0.41028,0.333333,0.2,0.492125,1.0,0
1.0,1.0,0.532201,1.0,0.5,0.395625,0.25,0.3,0.532201,1.0,1
0.7,0.25,1.0,0.395,1.0,1.0,1.0,0.0,1.0,1.0,1
0.5,1.0,0.211351,0.027558,0.125,1.0,0.333333,0.166667,0.211351,0.571429,0
0.916667,0.666667,0.801465,0.455815,1.0,0.282306,0.5,0.083333,1.0,0.428571,1
1.0,0.666667,0.386085,0.297446,1.0,0.2084,0.333333,0.166667,0.579128,0.428571,1
0.916667,0.333333,1.0,0.984567,1.0,0.163071,0.333333,0.166667,1.0,0.428571,1
0.583333,0.666667,0.686234,0.829138,0.25,0.132883,0.25,0.25,1.0,0.571429,1
0.916667,0.666667,0.453828,0.428808,0.5,0.169923,0.166667,0.416667,0.680742,1.0,1
0.416667,0.333333,0.862913,1.0,0.5,0.138545,1.0,0.0,1.0,0.571429,1
0.666667,1.0,0.102643,0.088738,0.375,0.185714,0.333333,0.166667,0.102643,0.571429,0
0.9,1.0,0.184228,0.117484,0.5,0.404706,1.0,0.0,0.184228,1.0,0
1.0,0.2,0.426161,0.193158,1.0,0.56941,0.5,0.1,1.0,0.75,1
0.9,1.0,0.580399,1.0,0.5,0.149793,1.0,0.0,0.580399,1.0,0
0.8,0.4,0.32347,0.398411,0.25,0.20954,0.2,0.4,0.808676,0.75,1
1.0,0.8,1.0,0.653421,0.5,0.394976,0.333333,0.2,1.0,1.0,1
0.5,0.5,0.084057,0.127875,0.428571,0.494245,0.5,0.083333,0.168115,0.75,0
0.5,0.75,0.701211,1.0,0.142857,0.527231,0.333333,0.166667,0.934948,0.75,1
1.0,0.25,1.0,0.295308,1.0,1.0,0.2,0.333333,1.0,0.25,1
0.416667,0.25,0.384314,0.459982,0.285714,0.6282,0.333333,0.166667,1.0,0.75,1
0.75,1.0,0.17362,0.467341,0.571429,0.279331,0.5,0.083333,0.17362,1.0,1
1.0,0.6,0.089772,0.062571,0.142857,0.207295,0.111111,0.666667,0.14962,1.0,0
1.0,0.6,1.0,0.983264,1.0,0.146944,0.333333,0.166667,1.0,0.75,1
0.75,0.6,0.23812,0.110688,0.142857,0.310825,0.166667,0.416667,0.396867,1.0,0
0.916667,1.0,0.692773,0.578357,0.142857,0.173068,0.166667,0.416667,0.692773,1.0,1
0.416667,0.4,0.989864,1.0,0.142857,0.14302,0.333333,0.166667,1.0,0.75,1
0.727273,1.0,0.17439,0.121172,0.428571,0.273856,1.0,0.0,0.17439,1.0,0
0.636364,0.4,0.110572,0.092397,0.142857,0.227714,0.2,0.363636,0.276429,0.75,1
0.545455,0.6,0.850166,0.296727,0.142857,0.545196,0.333333,0.181818,1.0,0.75,1
1.0,0.4,0.537875,0.497888,1.0,0.205567,0.333333,0.181818,1.0,0.5,1
0.727273,0.6,1.0,1.0,0.714286,0.190285,1.0,0.0,1.0,1.0,1
0.583333,0.4,0.874974,0.086452,0.666667,1.0,0.5,0.083333,1.0,0.833333,1
0.666667,0.8,0.282424,0.461677,0.5,0.152152,0.5,0.083333,0.35303,1.0,0
0.333333,0.2,1.0,0.648,0.166667,0.383831,0.333333,0.166667,1.0,0.5,1
1.0,0.6,0.713322,1.0,0.666667,0.177419,0.166667,0.416667,1.0,0.833333,1
0.666667,1.0,0.510064,0.515097,0.333333,0.246293,0.5,0.083333,0.510064,1.0,0
0.833333,1.0,0.122328,0.051355,0.333333,0.592462,0.25,0.25,0.122328,1.0,0
0.833333,0.8,0.614962,0.66529,1.0,0.229907,1.0,0.0,0.768702,0.833333,1
0.666667,0.6,0.431697,0.780388,0.625,0.125687,1.0,0.0,0.719495,0.5,1
1.0,1.0,0.068152,0.104675,0.25,0.14793,0.166667,0.416667,0.068152,1.0,0
0.75,0.2,0.888989,1.0,1.0,0.201984,1.0,0.0,1.0,0.5,1
0.416667,0.8,0.258757,0.058381,0.0,1.0,0.5,0.083333,0.323447,0.5,0
0.75,0.2,1.0,0.313569,1.0,0.724582,1.0,0.0,1.0,0.5,1
1.0,0.8,0.336646,0.117218,0.125,0.652529,0.125,0.583333,0.420807,1.0,1
0.583333,1.0,0.210479,0.125884,0.125,0.379891,0.5,0.083333,0.210479,0.666667,0
0.666667,0.5,0.849515,0.072848,0.333333,1.0,0.333333,0.222222,1.0,0.75,1
1.0,1.0,0.855621,1.0,0.833333,0.1753,1.0,0.0,0.855621,1.0,0
1.0,1.0,0.929008,0.376748,0.666667,0.505208,0.5,0.111111,0.929008,1.0,1
0.888889,0.75,0.574045,0.889625,0.333333,0.132203,0.25,0.333333,0.765394,1.0,0
1.0,0.5,1.0,0.243807,1.0,0.840342,0.5,0.111111,1.0,0.75,1
0.75,1.0,0.131535,0.123581,0.166667,0.271391,0.25,0.25,0.131535,1.0,0
0.583333,0.4,1.0,1.0,0.666667,0.254979,0.5,0.083333,1.0,1.0,1
0.583333,0.4,0.284569,0.345443,0.666667,0.210047,0.5,0.083333,0.711423,1.0,0
0.833333,0.6,0.860196,0.100227,1.0,1.0,0.5,0.083333,1.0,1.0,1
0.583333,0.6,0.595853,0.437236,0.333333,0.347478,0.333333,0.166667,0.993088,1.0,0
1.0,1.0,0.210406,0.125203,0.666667,0.428497,0.25,0.25,0.210406,1.0,0
0.583333,0.8,0.878896,0.381771,0.333333,0.587001,0.5,0.083333,1.0,1.0,1
0.916667,0.8,0.128101,0.06098,0.666667,0.535638,0.25,0.25,0.160126,1.0,0
0.583333,0.6,1.0,1.0,0.4,0.204197,0.333333,0.166667,1.0,1.0,1
0.833333,1.0,0.071679,0.112794,0.2,0.129764,0.2,0.333333,0.071679,1.0,0
1.0,0.4,0.620752,0.527329,1.0,0.240373,0.166667,0.416667,1.0,1.0,1
0.833333,0.8,0.578546,0.137359,0.0,0.86006,0.142857,0.5,0.723183,1.0,1
0.833333,0.4,0.140952,0.100512,0.6,0.286354,0.166667,0.416667,0.352381,1.0,1
0.916667,0.4,0.301353,0.282293,0.2,0.217984,0.111111,0.666667,0.753383,1.0,1
0.583333,0.6,0.333734,0.450768,0.2,0.151181,0.25,0.25,0.556224,1.0,0
0.75,0.2,0.879083,0.639787,1.0,0.259988,1.0,0.0,1.0,0.5,1
0.583333,0.4,0.260328,0.125333,0.5,0.39302,0.5,0.083333,0.650819,0.833333,0
1.0,0.8,1.0,0.999429,0.75,0.189324,0.333333,0.166667,1.0,0.833333,1
0.916667,1.0,0.766409,1.0,0.625,0.145017,0.5,0.083333,0.766409,1.0,0
0.5,0.6,0.607599,0.148155,0.375,0.775995,1.0,0.0,1.0,0.666667,0
0.583333,0.8,0.704191,0.596424,0.375,0.223406,1.0,0.0,0.880239,0.833333,1
0.75,0.2,0.277515,0.200456,0.625,0.261954,0.25,0.25,1.0,1.0,1
0.833333,1.0,0.786322,0.125874,0.2,0.821444,0.2,0.333333,0.786322,1.0,0
1.0,1.0,0.597745,0.200699,0.8,0.391638,0.25,0.25,0.597745,1.0,0
0.666667,0.6,1.0,1.0,1.0,0.131497,1.0,0.0,1.0,0.75,1
0.833333,0.2,0.822804,0.563916,1.0,0.191865,0.2,0.333333,1.0,0.75,1
0.416667,0.2,0.962987,0.053566,0.8,1.0,1.0,0.0,1.0,0.5,1
1.0,1.0,0.983666,1.0,0.857143,0.126177,0.333333,0.166667,0.983666,1.0,1
0.916667,0.5,0.308074,0.307121,0.571429,0.12867,0.166667,0.416667,0.616148,1.0,1
0.583333,0.5,0.137083,0.030367,0.285714,0.579039,0.25,0.25,0.274165,0.833333,0
0.583333,0.75,0.973018,0.550457,0.0,0.226741,0.2,0.333333,1.0,0.833333,1
0.916667,0.75,1.0,0.94457,0.0,0.1358,0.111111,0.666667,1.0,1.0,1
1.0,0.75,0.304973,0.286434,0.0,0.136574,0.1,0.75,0.40663,1.0,0
0.916667,0.75,0.940143,0.829996,1.0,0.145295,0.5,0.083333,1.0,0.666667,0
0.916667,1.0,0.839594,1.0,0.714286,0.237687,0.5,0.083333,0.839594,1.0,0
0.916667,0.8,0.282674,0.234533,0.571429,0.341207,0.25,0.25,0.353342,1.0,0
0.5,1.0,1.0,0.11848,0.142857,1.0,1.0,0.0,1.0,0.833333,1
0.666667,0.2,0.437795,0.206632,1.0,0.599804,1.0,0.0,1.0,0.666667,1
0.583333,0.2,0.871018,0.553579,0.428571,0.445435,0.25,0.25,1.0,0.833333,1
1.0,1.0,0.955863,0.556005,0.714286,0.486691,0.333333,0.166667,0.955863,1.0,1
0.916667,0.4,0.26182,0.383744,0.428571,0.193151,0.142857,0.5,0.654549,1.0,0
0.545455,1.0,0.52556,1.0,0.25,0.168859,1.0,0.0,0.52556,0.833333,1
0.909091,1.0,0.864736,0.416424,0.625,0.66719,0.5,0.090909,0.864736,1.0,1
0.909091,0.75,0.674282,0.114826,0.625,1.0,0.333333,0.181818,0.899042,1.0,0
1.0,0.25,0.443339,0.860465,1.0,0.165541,0.333333,0.181818,1.0,0.666667,1
0.727273,1.0,0.6658,0.365916,0.125,0.584608,0.25,0.272727,0.6658,0.833333,0
0.909091,1.0,0.386677,0.281977,0.375,0.440593,0.25,0.272727,0.386677,1.0,0
1.0,0.25,1.0,0.217297,0.5,1.0,0.142857,0.545455,1.0,1.0,1
0.818182,0.4,0.719226,0.594998,0.333333,0.23379,0.2,0.363636,1.0,0.714286,1
1.0,0.2,0.733962,0.477898,1.0,0.297039,0.5,0.090909,1.0,0.428571,1
1.0,0.2,0.763633,1.0,1.0,0.147693,0.5,0.090909,1.0,0.428571,1
0.727273,0.6,0.67482,0.473052,0.555556,0.275902,1.0,0.0,1.0,0.714286,1
1.0,0.8,0.753208,0.575029,0.555556,0.253338,0.333333,0.181818,0.94151,1.0,0
0.727273,1.0,1.0,0.955991,0.0,0.202312,0.25,0.272727,1.0,0.714286,1
0.909091,0.2,0.464816,0.707832,0.777778,0.127006,0.333333,0.181818,1.0,1.0,0
0.727273,0.8,0.1665,0.229546,0.444444,0.140287,1.0,0.0,0.208124,0.714286,0
0.833333,0.2,0.750311,1.0,1.0,0.142023,0.5,0.083333,1.0,0.666667,1
1.0,0.2,1.0,0.290419,0.625,0.651767,0.142857,0.5,1.0,1.0,1
0.5,0.4,0.065868,0.071429,0.25,0.174551,0.333333,0.166667,0.164671,0.666667,1
1.0,1.0,0.848492,0.586185,0.25,0.273988,0.166667,0.416667,0.848492,1.0,1
1.0,1.0,0.204748,0.195887,0.666667,0.135023,0.333333,0.166667,0.204748,0.75,0
0.5,0.75,0.445039,0.027655,0.222222,1.0,0.5,0.083333,0.593385,0.25,1
0.833333,0.25,0.152052,0.025882,1.0,0.758904,1.0,0.0,0.608206,0.75,0
0.833333,0.5,1.0,1.0,0.888889,0.129179,1.0,0.0,1.0,0.75,1
0.833333,1.0,0.482778,0.230278,0.111111,0.270824,0.166667,0.416667,0.482778,1.0,1
0.727273,0.6,1.0,0.634918,0.666667,0.27144,0.5,0.090909,1.0,1.0,1
0.818182,0.4,0.111234,0.107174,0.833333,0.178871,0.333333,0.181818,0.278084,0.833333,0
0.545455,0.6,0.76008,1.0,0.333333,0.130994,0.5,0.090909,1.0,0.666667,1
1.0,0.2,0.830391,0.824028,1.0,0.173673,0.2,0.363636,1.0,0.666667,1
1.0,0.4,0.403009,0.019188,1.0,1.0,0.25,0.272727,1.0,0.666667,1
0.454545,1.0,0.981946,0.389455,0.0,0.434532,1.0,0.0,0.981946,0.5,0
0.909091,1.0,0.224875,0.267243,0.5,0.145019,0.333333,0.181818,0.224875,1.0,0
0.333333,0.2,0.274288,0.039062,0.166667,1.0,0.333333,0.166667,1.0,0.5,1
1.0,1.0,0.437908,0.4913,0.833333,0.142862,0.333333,0.166667,0.437908,0.75,0
0.916667,0.8,0.65714,0.508523,0.166667,0.207123,0.142857,0.5,0.821425,1.0,1
0.916667,0.6,0.465936,0.029652,0.5,1.0,0.166667,0.416667,0.776559,1.0,1
0.833333,0.6,1.0,1.0,1.0,0.160281,0.5,0.083333,1.0,0.75,1
0.916667,0.8,0.921295,0.745166,0.222222,0.23469,0.166667,0.416667,1.0,1.0,1
0.75,0.2,0.788012,1.0,0.888889,0.149583,1.0,0.0,1.0,0.5,1
0.416667,0.6,1.0,0.361897,0.111111,0.524522,0.5,0.083333,1.0,0.5,1
1.0,1.0,0.538923,0.621616,0.444444,0.164571,0.25,0.25,0.538923,1.0,0
0.916667,0.2,0.122668,0.180134,1.0,0.129266,0.5,0.083333,0.613339,0.5,1
0.583333,1.0,0.957216,0.991248,0.222222,0.183306,1.0,0.0,0.957216,0.5,0
1.0,0.6,0.248124,0.171586,0.777778,0.274496,0.333333,0.166667,0.413539,0.666667,1
0.333333,0.8,0.483325,0.483425,0.0,0.12754,1.0,0.0,0.604156,0.8,1
1.0,1.0,0.438927,0.028184,0.142857,1.0,0.142857,0.5,0.438927,1.0,0
0.416667,0.6,0.480274,0.381962,0.142857,0.160401,0.5,0.083333,0.800456,0.8,0
0.583333,0.4,1.0,1.0,0.142857,0.127567,0.2,0.333333,1.0,0.8,1
0.916667,0.4,0.805576,0.487586,1.0,0.210762,0.333333,0.166667,1.0,0.2,1
0.5,0.8,0.478275,0.486646,0.0,0.125372,0.333333,0.166667,0.597843,0.8,0
1.0,0.2,0.575,0.3957,1.0,0.187817,0.2,0.333333,1.0,0.6,1
0.666667,0.2,0.97006,0.107362,0.857143,1.0,0.5,0.083333,1.0,0.8,1
1.0,0.2,0.872782,0.556482,0.857143,0.202716,0.166667,0.416667,1.0,0.8,1
0.583333,0.8,0.061593,0.0357,0.285714,0.222993,0.5,0.083333,0.076991,0.8,0
0.333333,0.4,1.0,1.0,0.142857,0.129251,0.5,0.083333,1.0,0.4,1
0.666667,1.0,0.793044,0.681954,0.428571,0.150306,1.0,0.0,0.793044,1.0,1
0.833333,0.25,0.637931,0.731147,1.0,0.130683,0.5,0.083333,1.0,1.0,1
1.0,0.25,0.25037,0.225127,0.625,0.166573,0.142857,0.5,1.0,1.0,1
0.833333,0.75,1.0,0.380228,0.875,0.393917,1.0,0.0,1.0,1.0,0
0.833333,0.25,0.623122,0.681084,1.0,0.137032,0.5,0.083333,1.0,1.0,0
0.75,1.0,0.264544,0.102503,0.625,0.386553,1.0,0.0,0.264544,1.0,0
0.75,0.75,0.206368,0.223226,0.625,0.138467,0.5,0.083333,0.275157,1.0,1
0.916667,0.75,0.991961,1.0,0.875,0.148574,0.5,0.083333,1.0,1.0,1
1.0,0.25,0.556512,0.232674,0.0,0.421803,0.083333,0.916667,1.0,1.0,1
0.583333,0.25,0.995243,0.334532,0.571429,0.524657,0.333333,0.166667,1.0,0.8,1
0.833333,0.75,1.0,0.830038,1.0,0.212464,1.0,0.0,1.0,0.8,1
0.75,0.25,0.944281,0.177751,0.714286,0.936854,0.25,0.25,1.0,1.0,1
0.75,1.0,0.767837,1.0,0.571429,0.13541,0.5,0.083333,0.767837,1.0,0
0.75,0.75,0.101586,0.088476,0.571429,0.202483,0.333333,0.166667,0.135447,1.0,0
0.833333,0.2,0.445475,0.288208,1.0,0.20208,0.5,0.083333,1.0,0.8,1
0.75,1.0,0.933449,0.337775,0.5,0.361302,1.0,0.0,0.933449,1.0,0
1.0,0.8,0.762434,0.238241,0.5,0.4184,0.2,0.333333,0.953042,1.0,1
0.666667,1.0,1.0,1.0,0.375,0.13074,1.0,0.0,1.0,0.8,1
1.0,1.0,0.854668,0.177348,0.25,0.630053,0.166667,0.416667,0.854668,1.0,0
0.916667,0.2,0.387587,0.221053,0.5,0.229234,0.142857,0.5,1.0,1.0,0
1.0,1.0,0.905739,0.531302,0.666667,0.50081,0.333333,0.166667,0.905739,1.0,1
0.833333,1.0,0.802458,1.0,0.333333,0.23574,0.25,0.25,0.802458,1.0,1
0.666667,0.5,0.188184,0.069891,0.0,0.790995,0.142857,0.5,0.376367,0.75,1
0.75,1.0,1.0,0.405101,0.444444,0.725184,0.5,0.083333,1.0,0.75,0
0.916667,0.25,0.512234,0.82842,1.0,0.181647,0.5,0.083333,1.0,0.5,1
1.0,0.6,0.350584,0.274706,1.0,0.167414,0.333333,0.166667,0.584307,0.666667,0
0.916667,1.0,0.909537,0.869559,0.714286,0.137211,0.5,0.083333,0.909537,0.666667,1
0.166667,0.2,1.0,1.0,0.142857,0.13118,1.0,0.0,1.0,0.333333,1
0.666667,1.0,0.450751,0.244457,0.0,0.241881,0.25,0.25,0.450751,1.0,1
0.833333,0.2,0.18152,0.223222,1.0,0.133871,0.333333,0.166667,0.9076,0.6,1
0.833333,1.0,1.0,0.590459,0.142857,0.278811,0.2,0.333333,1.0,1.0,1
0.833333,0.8,0.182613,0.136094,0.857143,0.220899,1.0,0.0,0.228267,0.6,0
1.0,1.0,0.613231,0.072367,0.571429,1.0,0.25,0.25,0.613231,1.0,1
0.5,0.2,0.908475,1.0,0.428571,0.149559,0.333333,0.166667,1.0,0.6,1
0.5,0.6,0.088573,0.059766,0.285714,0.243976,0.5,0.083333,0.147622,0.6,0
0.818182,0.2,0.288733,0.047444,0.333333,1.0,0.142857,0.545455,1.0,1.0,1
1.0,1.0,0.623993,1.0,0.166667,0.150938,0.166667,0.454545,0.623993,1.0,0
0.818182,0.4,0.501292,0.610886,1.0,0.198495,0.5,0.090909,1.0,0.833333,0
0.818182,1.0,0.517561,0.342773,0.5,0.365236,0.5,0.090909,0.517561,0.833333,0
1.0,1.0,0.954234,0.690695,0.0,0.334185,0.142857,0.545455,0.954234,1.0,1
0.272727,0.2,1.0,0.432144,0.333333,0.559745,1.0,0.0,1.0,0.5,1
0.636364,0.6,0.410826,0.648768,0.666667,0.153175,1.0,0.0,0.684709,0.833333,1
0.5,1.0,0.93194,0.609703,0.0,0.246376,0.25,0.25,0.93194,0.571429,1
0.75,0.333333,0.646281,0.5,0.428571,0.208344,0.166667,0.416667,1.0,1.0,1
0.916667,0.333333,1.0,0.172744,0.714286,0.933095,0.166667,0.416667,1.0,0.857143,1
0.583333,1.0,0.558666,0.563041,0.0,0.159934,0.2,0.333333,0.558666,0.857143,1
1.0,0.666667,0.206288,0.18665,1.0,0.178146,0.25,0.25,0.309433,0.571429,1
0.833333,0.333333,0.928873,1.0,0.857143,0.149722,0.25,0.25,1.0,0.714286,1
0.416667,0.666667,0.802339,0.397713,0.428571,0.325175,1.0,0.0,1.0,0.428571,1
0.833333,1.0,0.264571,0.148949,0.857143,0.286307,0.5,0.083333,0.264571,0.714286,0
0.916667,0.8,0.535878,0.882395,1.0,0.140625,0.5,0.083333,0.669847,0.857143,1
0.5,0.6,0.75257,0.248173,0.166667,0.702184,0.333333,0.166667,1.0,0.857143,1
0.916667,0.6,0.319796,0.320999,0.666667,0.23069,0.2,0.333333,0.532994,1.0,0
0.666667,1.0,0.751247,0.981617,0.5,0.177215,1.0,0.0,0.751247,1.0,0
0.75,0.4,1.0,0.562102,0.666667,0.41195,0.25,0.25,1.0,1.0,1
1.0,0.6,0.745649,0.831251,0.666667,0.207712,0.166667,0.416667,1.0,1.0,1
0.916667,1.0,0.805496,1.0,0.166667,0.186519,0.166667,0.416667,0.805496,1.0,0
0.666667,0.8,0.11084,0.10535,0.5,0.243624,0.5,0.083333,0.13855,1.0,0
1.0,1.0,0.955625,1.0,0.8,0.15158,0.25,0.25,0.955625,1.0,1
0.833333,0.8,0.515257,0.071125,0.4,1.0,0.2,0.333333,0.644072,1.0,1
1.0,1.0,0.346028,0.406983,1.0,0.134862,0.333333,0.166667,0.346028,1.0,0
0.666667,0.2,1.0,0.070571,0.4,1.0,0.166667,0.416667,1.0,1.0,1
0.75,0.4,0.868483,0.767586,1.0,0.204962,1.0,0.0,1.0,0.714286,0
0.666667,0.2,0.797468,0.244073,0.142857,0.591879,0.142857,0.5,1.0,1.0,1
0.75,0.8,0.34263,0.441897,0.428571,0.140457,0.333333,0.166667,0.428288,1.0,0
0.583333,1.0,0.456447,0.267003,0.285714,0.30968,1.0,0.0,0.456447,0.857143,0
1.0,0.4,0.953336,0.300622,0.285714,0.574467,0.111111,0.666667,1.0,1.0,1
0.833333,0.8,1.0,1.0,0.428571,0.18115,0.25,0.25,1.0,1.0,1
0.833333,0.8,0.956233,0.041197,0.142857,1.0,0.166667,0.416667,1.0,1.0,1
0.5,0.2,0.61961,0.614069,0.571429,0.182785,0.5,0.083333,1.0,0.857143,1
0.75,1.0,0.572161,0.735262,0.333333,0.207053,0.333333,0.166667,0.572161,1.0,0
1.0,0.6,0.499538,0.903111,0.333333,0.147174,0.125,0.583333,0.832564,1.0,1
0.666667,0.4,0.170069,0.177675,0.166667,0.254685,0.166667,0.416667,0.425172,1.0,1
1.0,0.8,0.19602,0.329694,0.666667,0.158195,0.2,0.333333,0.245025,1.0,0
0.583333,0.6,0.397887,0.172489,0.166667,0.613766,0.25,0.25,0.663145,1.0,0
0.666667,0.6,0.393169,0.566048,0.333333,0.184812,0.25,0.25,0.655281,1.0,1
0.583333,1.0,0.268643,0.061135,0.333333,1.0,1.0,0.0,0.268643,1.0,0
1.0,0.8,1.0,1.0,1.0,0.266075,0.333333,0.166667,1.0,1.0,1
1.0,1.0,1.0,0.478639,0.285714,0.470496,0.142857,0.5,1.0,1.0,1
0.416667,0.25,0.514491,0.052611,0.285714,1.0,0.333333,0.166667,1.0,0.5,1
0.916667,0.75,0.809239,1.0,0.857143,0.182239,0.333333,0.166667,1.0,0.75,1
0.583333,0.75,0.306165,0.12856,0.142857,0.536308,0.25,0.25,0.408221,0.75,1
0.666667,0.25,0.153171,0.221123,1.0,0.155993,1.0,0.0,0.612682,0.5,0
1.0,0.6,0.670507,0.887467,1.0,0.133211,0.333333,0.181818,1.0,1.0,1
1.0,1.0,1.0,1.0,0.333333,0.176315,0.2,0.363636,1.0,1.0,1
0.818182,0.6,0.844816,0.698152,0.0,0.213355,0.142857,0.545455,1.0,1.0,1
0.909091,1.0,0.883641,0.111111,0.833333,1.0,1.0,0.0,0.883641,1.0,0
1.0,0.6,0.393779,0.167987,0.333333,0.413301,0.142857,0.545455,0.656298,1.0,0
0.545455,1.0,0.525568,0.251063,0.25,0.490339,1.0,0.0,0.525568,0.666667,0
0.363636,0.75,0.567845,0.572143,0.125,0.232474,1.0,0.0,0.757126,0.166667,1
0.818182,1.0,1.0,0.772943,0.5,0.303041,0.5,0.090909,1.0,0.833333,1
1.0,0.25,0.408989,0.211303,1.0,0.453373,0.333333,0.181818,1.0,0.5,1
0.818182,0.75,0.35497,0.171043,0.625,0.486111,0.5,0.090909,0.473293,0.833333,0
0.727273,1.0,0.134728,0.230308,0.5,0.137025,1.0,0.0,0.134728,0.5,0
0.909091,0.25,0.600833,1.0,1.0,0.140735,0.5,0.090909,1.0,0.5,1
0.909091,1.0,0.186368,0.074022,0.75,0.331034,1.0,0.0,0.186368,0.857143,0
1.0,0.25,0.507765,0.086217,1.0,0.774342,0.333333,0.181818,1.0,0.857143,1
0.818182,1.0,0.840595,0.273681,0.25,0.403834,0.25,0.272727,0.840595,1.0,0
0.909091,1.0,0.675151,0.03772,0.5,1.0,0.333333,0.181818,0.675151,1.0,0
0.909091,1.0,0.509922,0.35224,0.625,0.190338,0.5,0.090909,0.509922,0.857143,0
1.0,0.75,1.0,1.0,0.625,0.13148,0.25,0.272727,1.0,0.857143,1
0.454545,0.25,0.835203,0.27907,0.25,0.393496,0.333333,0.181818,1.0,0.428571,1
0.909091,1.0,0.71635,0.695406,0.25,0.13544,0.2,0.363636,0.71635,1.0,1
0.909091,1.0,0.536915,0.062122,0.428571,1.0,0.333333,0.181818,0.536915,1.0,0
1.0,0.6,0.48759,0.452214,0.571429,0.164001,0.2,0.363636,0.812651,1.0,0
0.909091,1.0,0.993088,1.0,0.714286,0.151051,1.0,0.0,0.993088,0.857143,1
0.909091,0.8,0.143261,0.113253,0.857143,0.192405,1.0,0.0,0.179076,0.857143,0
0.727273,0.6,1.0,0.286238,0.428571,0.531386,0.333333,0.181818,1.0,1.0,1
0.818182,0.4,0.318777,0.232558,1.0,0.208493,1.0,0.0,0.796942,0.857143,0
0.909091,0.8,0.644465,0.643198,0.714286,0.152402,0.5,0.090909,0.805582,0.857143,0
0.454545,0.4,0.964289,0.596368,0.142857,0.24594,0.333333,0.181818,1.0,0.428571,1
0.916667,0.2,0.14177,0.343509,0.375,0.144544,0.125,0.583333,0.708848,1.0,1
0.75,1.0,0.69241,0.124034,0.125,1.0,0.25,0.25,0.69241,1.0,0
0.833333,0.4,0.8141,1.0,0.875,0.285124,0.5,0.083333,1.0,0.857143,1
0.833333,0.4,0.413725,0.651082,0.875,0.222552,0.5,0.083333,1.0,0.857143,1
0.75,1.0,0.76677,0.586167,0.25,0.458141,0.333333,0.166667,0.76677,1.0,0
0.833333,0.8,0.680384,0.508501,0.125,0.468617,0.166667,0.416667,0.85048,1.0,1
0.5,0.6,0.195719,0.2983,0.125,0.229793,0.333333,0.166667,0.326199,0.571429,0
1.0,0.4,1.0,0.960974,1.0,0.364455,0.333333,0.166667,1.0,0.857143,1
0.916667,0.5,0.931849,1.0,1.0,0.207519,0.333333,0.166667,1.0,0.666667,1
0.75,0.75,0.898462,0.078251,0.0,1.0,0.142857,0.5,1.0,1.0,1
1.0,1.0,0.343879,0.504038,0.857143,0.151934,0.333333,0.166667,0.343879,1.0,1
0.583333,0.25,1.0,0.703982,0.428571,0.316337,0.25,0.25,1.0,0.666667,1
1.0,0.8,0.971792,1.0,0.714286,0.129012,0.25,0.25,1.0,1.0,1
0.5,0.8,0.195392,0.102332,0.0,0.253485,0.333333,0.166667,0.24424,0.714286,0
0.583333,1.0,0.087311,0.06406,0.142857,0.180942,0.5,0.083333,0.087311,0.857143,0
0.5,0.8,0.764621,0.303704,0.285714,0.334237,1.0,0.0,0.955776,0.714286,0
0.5,0.8,0.927568,0.832236,0.0,0.147964,0.333333,0.166667,1.0,0.714286,1
1.0,0.2,0.088035,0.027435,1.0,0.426,0.2,0.333333,0.440174,0.285714,1
1.0,1.0,0.595578,0.066804,0.0,1.0,0.125,0.583333,0.595578,1.0,0
0.583333,0.2,1.0,0.33594,0.857143,0.395182,1.0,0.0,1.0,0.428571,1
0.833333,1.0,0.396211,0.390495,0.857143,0.15736,1.0,0.0,0.396211,1.0,0
0.75,0.75,0.646858,0.800417,0.0,0.125336,0.142857,0.5,0.862477,1.0,1
0.833333,0.75,0.160679,0.061496,1.0,0.405222,1.0,0.0,0.214239,1.0,1
0.75,0.25,0.384822,0.168112,1.0,0.355014,0.5,0.083333,1.0,1.0,1
1.0,0.5,1.0,1.0,0.571429,0.15509,0.142857,0.5,1.0,1.0,1
1.0,0.4,1.0,0.535855,1.0,0.607974,0.25,0.25,1.0,0.571429,1
0.416667,0.2,0.155736,0.180747,0.428571,0.280707,0.5,0.083333,0.778682,0.428571,0
0.75,0.6,0.521333,0.811886,0.857143,0.209195,1.0,0.0,0.868888,0.857143,1
0.916667,0.2,0.571536,1.0,1.0,0.186198,0.25,0.25,1.0,0.571429,1
0.583333,1.0,0.719132,0.85167,0.285714,0.275087,1.0,0.0,0.719132,0.714286,1
0.583333,1.0,0.220564,0.223969,0.142857,0.320833,0.5,0.083333,0.220564,0.714286,0
0.833333,1.0,0.733906,0.134086,0.428571,1.0,0.333333,0.166667,0.733906,1.0,0
0.666667,0.4,0.196291,0.248527,0.857143,0.257312,1.0,0.0,0.490728,0.857143,0
0.583333,0.75,0.544572,0.193049,1.0,0.39816,0.5,0.083333,0.726096,1.0,1
0.916667,1.0,1.0,0.847539,1.0,0.166537,0.2,0.333333,1.0,1.0,1
0.833333,0.5,0.249461,0.127093,1.0,0.277046,0.166667,0.416667,0.498922,1.0,0
0.666667,1.0,0.98041,0.450025,1.0,0.307497,0.5,0.083333,0.98041,1.0,0
1.0,1.0,0.964594,1.0,0.333333,0.136149,0.125,0.583333,0.964594,1.0,1
0.916667,1.0,0.504638,0.403123,0.714286,0.203789,0.5,0.083333,0.504638,1.0,0
0.583333,0.8,0.23814,0.194955,0.0,0.198856,0.25,0.25,0.297676,0.833333,1
0.583333,0.4,1.0,0.940106,0.428571,0.173165,0.333333,0.166667,1.0,0.833333,1
0.916667,0.8,0.971432,0.233911,0.857143,0.676082,0.5,0.083333,1.0,1.0,0
1.0,0.8,0.921569,0.192552,0.714286,0.779144,0.25,0.25,1.0,1.0,1
0.583333,0.4,0.902172,1.0,0.428571,0.146868,0.333333,0.166667,1.0,0.833333,1
0.833333,0.2,0.727493,0.419427,1.0,0.282365,0.333333,0.166667,1.0,0.5,1
1.0,1.0,0.673623,0.50364,1.0,0.371276,1.0,0.0,0.673623,1.0,0
1.0,0.8,1.0,1.0,0.75,0.277588,0.333333,0.222222,1.0,1.0,1
0.888889,1.0,0.861786,0.103197,0.75,1.0,1.0,0.0,0.861786,1.0,0
1.0,0.8,0.9935,0.084837,1.0,1.0,0.5,0.111111,1.0,1.0,0
0.916667,0.5,1.0,0.675165,0.0,0.417203,0.1,0.75,1.0,1.0,1
0.25,0.75,0.382613,0.365439,0.0,0.294918,1.0,0.0,0.51015,0.571429,0
1.0,1.0,0.837189,1.0,1.0,0.23582,0.333333,0.166667,0.837189,0.714286,1
0.666667,0.5,0.473796,0.955619,1.0,0.139657,1.0,0.0,0.947592,0.714286,1
0.5,0.5,0.53235,0.778722,0.333333,0.192563,0.333333,0.166667,1.0,0.714286,1
0.75,0.25,0.153984,0.169342,0.333333,0.256134,0.142857,0.5,0.615935,1.0,0
1.0,0.75,0.371215,0.176582,0.5,0.592157,0.142857,0.5,0.494953,0.857143,0
0.75,0.75,0.754609,0.686182,0.0,0.309771,0.142857,0.5,1.0,1.0,1
1.0,0.6,1.0,0.856902,1.0,0.216743,0.25,0.25,1.0,1.0,1
0.833333,0.6,0.810857,0.409091,0.333333,0.36813,0.166667,0.416667,1.0,1.0,1
1.0,0.4,0.804311,0.425178,0.833333,0.351342,0.166667,0.416667,1.0,1.0,0
0.833333,1.0,0.808138,1.0,0.666667,0.150094,0.5,0.083333,0.808138,1.0,1
1.0,1.0,0.277067,0.353348,0.333333,0.145633,0.166667,0.416667,0.277067,1.0,0
0.916667,1.0,0.359049,0.476618,0.5,0.139914,0.25,0.25,0.359049,1.0,0
0.8,1.0,0.103956,0.067513,0.2,0.353211,0.333333,0.2,0.103956,1.0,0
1.0,0.2,0.955853,1.0,1.0,0.219263,0.2,0.4,1.0,1.0,1
0.9,1.0,0.582692,0.375348,0.2,0.356106,0.25,0.3,0.582692,1.0,0
0.9,0.6,1.0,0.319604,0.6,0.717733,0.25,0.3,1.0,1.0,1
1.0,1.0,0.798299,0.054506,0.0,1.0,0.166667,0.5,0.798299,1.0,0
0.9,0.8,0.612529,0.528956,1.0,0.265632,1.0,0.0,0.765661,1.0,1
0.916667,0.6,0.20868,0.050885,0.777778,1.0,0.5,0.083333,0.347801,1.0,0
1.0,0.8,0.659689,1.0,0.666667,0.190234,0.333333,0.166667,0.824611,1.0,1
0.833333,0.6,1.0,0.677623,0.222222,0.42556,0.166667,0.416667,1.0,1.0,1
0.916667,0.8,0.222929,0.314475,0.666667,0.204422,0.5,0.083333,0.278661,1.0,0
1.0,0.2,0.159579,0.091024,1.0,0.505556,0.333333,0.166667,0.797896,1.0,1
0.833333,1.0,0.102367,0.190582,0.0,0.154892,0.166667,0.416667,0.102367,1.0,1
0.636364,0.4,0.352272,0.22457,1.0,0.336178,1.0,0.0,0.880679,1.0,0
1.0,0.6,0.977843,0.936615,0.6,0.223744,0.166667,0.454545,1.0,1.0,1
0.818182,0.8,1.0,0.226966,0.8,0.944242,0.5,0.090909,1.0,1.0,1
0.727273,1.0,0.867771,0.540405,0.0,0.344135,0.25,0.272727,0.867771,1.0,1
0.818182,1.0,0.823864,1.0,0.2,0.176563,0.25,0.272727,0.823864,1.0,0
0.909091,0.8,0.979315,0.584553,0.2,0.229025,0.166667,0.454545,1.0,1.0,1
1.0,0.6,0.137285,0.114941,0.6,0.16328,0.166667,0.454545,0.228809,1.0,1
0.818182,0.4,0.688278,0.49789,1.0,0.18898,0.333333,0.181818,1.0,1.0,1
1.0,0.4,1.0,1.0,0.4,0.136705,0.125,0.636364,1.0,1.0,1
0.818182,0.8,0.245549,0.247468,0.8,0.135645,0.5,0.090909,0.306936,1.0,0
0.727273,1.0,0.837295,0.258863,0.0,0.442174,0.25,0.272727,0.837295,1.0,0
0.5,0.4,0.237214,0.127568,0.0,0.354866,0.2,0.333333,0.593035,0.6,1
1.0,0.4,0.617766,0.858733,1.0,0.137288,0.25,0.25,1.0,0.6,1
0.916667,1.0,0.084231,0.115582,0.285714,0.139074,0.2,0.333333,0.084231,1.0,0
1.0,0.2,1.0,0.972389,0.857143,0.196258,0.166667,0.416667,1.0,0.6,1
0.5,0.4,0.705473,1.0,0.285714,0.134632,0.333333,0.166667,1.0,0.6,1
1.0,0.8,0.711081,0.844606,0.571429,0.160669,0.2,0.333333,0.888852,1.0,1
1.0,1.0,0.93848,0.197807,0.625,0.731417,0.25,0.272727,0.93848,1.0,1
0.909091,0.666667,0.858385,1.0,1.0,0.132331,1.0,0.0,1.0,1.0,1
0.818182,0.333333,1.0,0.899878,0.75,0.171316,0.333333,0.181818,1.0,1.0,1
1.0,1.0,0.066526,0.058286,0.375,0.175958,0.166667,0.454545,0.066526,1.0,0
1.0,1.0,0.300726,0.595484,0.285714,0.137594,0.166667,0.416667,0.300726,1.0,0
1.0,0.6,1.0,1.0,1.0,0.272456,0.333333,0.166667,1.0,1.0,1
0.75,0.6,0.215594,0.166156,0.142857,0.353523,0.166667,0.416667,0.359323,1.0,0
0.666667,0.8,0.583444,0.419849,0.428571,0.378619,0.5,0.083333,0.729305,1.0,1
0.666667,0.4,0.798936,0.331754,0.714286,0.656134,0.5,0.083333,1.0,1.0,1
0.727273,0.8,1.0,1.0,0.375,0.144197,0.5,0.090909,1.0,0.666667,1
1.0,0.6,0.484317,0.416085,0.875,0.167843,0.5,0.090909,0.807194,1.0,1
0.909091,1.0,0.633384,0.075334,0.625,1.0,1.0,0.0,0.633384,1.0,0
1.0,0.4,0.763086,0.064427,1.0,1.0,0.5,0.090909,1.0,0.666667,1
0.166667,0.2,0.299113,0.293928,0.166667,0.374804,1.0,0.0,1.0,0.285714,1
0.416667,0.2,1.0,1.0,0.333333,0.368307,0.333333,0.166667,1.0,0.571429,1
0.916667,1.0,0.142251,0.24195,0.0,0.21654,0.142857,0.5,0.142251,1.0,0
0.833333,0.8,0.21194,0.415823,1.0,0.187721,1.0,0.0,0.264924,0.714286,0
0.916667,0.6,0.120145,0.114075,0.5,0.387903,0.166667,0.416667,0.200241,0.857143,0
1.0,0.8,0.352192,0.551518,0.666667,0.235196,0.2,0.333333,0.44024,0.857143,0
0.916667,1.0,0.558262,0.176633,0.0,1.0,0.142857,0.5,0.558262,1.0,1
1.0,0.8,0.683402,0.25805,1.0,0.975401,0.333333,0.166667,0.854253,0.714286,1
1.0,0.6,0.538589,0.862017,1.0,0.264843,1.0,0.0,0.897648,1.0,1
0.777778,0.8,0.879972,0.826894,0.5,0.451092,1.0,0.0,1.0,1.0,1
1.0,1.0,0.497514,1.0,0.666667,0.210888,1.0,0.0,0.497514,1.0,0
1.0,0.8,1.0,0.261415,0.666667,1.0,0.5,0.111111,1.0,1.0,0
0.916667,0.2,0.888802,0.143756,0.625,1.0,0.166667,0.416667,1.0,1.0,1
1.0,1.0,0.378657,0.290102,0.625,0.215434,0.333333,0.166667,0.378657,1.0,1
0.916667,0.2,1.0,1.0,1.0,0.165051,0.333333,0.166667,1.0,1.0,1
0.916667,1.0,0.374734,0.278816,0.375,0.221831,0.25,0.25,0.374734,1.0,0
0.833333,1.0,0.511346,0.195911,0.25,0.73287,0.2,0.333333,0.511346,1.0,0
1.0,0.25,0.441694,0.690971,1.0,0.179487,0.25,0.25,1.0,0.8,1
0.75,0.25,0.620434,1.0,0.75,0.174208,0.333333,0.166667,1.0,1.0,1
0.666667,0.5,0.700886,0.270528,0.5,0.727456,0.333333,0.166667,1.0,0.8,1
0.833333,1.0,1.0,0.063714,0.75,1.0,1.0,0.0,1.0,1.0,1
0.916667,0.75,0.186142,0.242249,0.875,0.215752,0.5,0.083333,0.24819,1.0,0
0.916667,0.25,0.584031,1.0,0.833333,0.137258,0.166667,0.416667,1.0,1.0,1
0.5,0.5,0.304938,0.566678,0.666667,0.126467,1.0,0.0,0.609876,0.666667,1
0.5,0.25,1.0,0.417374,0.833333,0.563089,1.0,0.0,1.0,0.666667,1
1.0,1.0,0.7378,0.932813,1.0,0.185886,0.333333,0.166667,0.7378,0.333333,1
1.0,1.0,1.0,1.0,0.75,0.154964,0.5,0.090909,1.0,0.8,1
1.0,1.0,0.769905,0.023933,0.125,1.0,0.142857,0.545455,0.769905,1.0,0
0.363636,0.5,0.424397,0.472348,0.25,0.139233,1.0,0.0,0.848795,0.4,1
1.0,0.25,0.959094,0.822122,0.875,0.180783,0.25,0.272727,1.0,0.8,1
0.909091,0.5,0.346656,0.133732,1.0,0.401693,1.0,0.0,0.693311,0.8,0
0.909091,0.75,0.470208,0.505013,0.125,0.144284,0.142857,0.545455,0.626944,1.0,1
0.833333,1.0,0.372886,0.79426,0.142857,0.162255,0.166667,0.416667,0.372886,1.0,0
0.916667,0.75,0.427814,0.982019,1.0,0.150563,0.5,0.083333,0.570419,1.0,1
1.0,0.5,0.551576,1.0,0.571429,0.190629,0.142857,0.5,1.0,1.0,1
0.916667,1.0,1.0,0.581604,0.428571,0.594233,0.2,0.333333,1.0,1.0,1
0.583333,0.75,1.0,0.231364,0.333333,0.607577,0.5,0.083333,1.0,0.714286,1
1.0,0.5,0.598809,0.392293,0.444444,0.214573,0.142857,0.5,1.0,0.857143,1
0.083333,0.25,0.934951,1.0,0.0,0.131428,1.0,0.0,1.0,0.142857,1
0.833333,0.25,0.651163,0.595073,1.0,0.153822,1.0,0.0,1.0,0.428571,1
0.75,1.0,0.726435,0.620183,0.555556,0.164655,1.0,0.0,0.726435,0.714286,1
0.666667,1.0,0.250983,0.246526,0.111111,0.143113,0.25,0.25,0.250983,0.714286,0
1.0,0.5,0.482979,0.369394,0.0,0.183796,0.090909,0.833333,0.965959,1.0,1
1.0,0.5,0.297719,0.049274,0.555556,0.849359,0.166667,0.416667,0.595439,0.857143,0
0.818182,0.4,1.0,0.190048,0.666667,1.0,0.25,0.272727,1.0,1.0,1
0.909091,0.6,0.655364,1.0,1.0,0.149597,0.5,0.090909,1.0,0.75,1
0.454545,0.8,0.573923,0.075098,0.166667,1.0,1.0,0.0,0.717403,0.75,1
1.0,1.0,0.815218,0.491131,0.333333,0.378893,0.2,0.363636,0.815218,1.0,0
0.909091,0.6,0.125744,0.104584,0.5,0.274449,0.2,0.363636,0.209574,1.0,0
0.916667,0.2,1.0,1.0,0.222222,0.144404,0.111111,0.666667,1.0,1.0,1
0.583333,0.6,0.280419,0.230492,0.111111,0.175684,0.25,0.25,0.467366,0.5,1
1.0,0.2,0.869712,0.409623,1.0,0.306599,0.333333,0.166667,1.0,0.833333,1
1.0,0.6,0.24323,0.037304,0.777778,0.941546,0.333333,0.166667,0.405383,0.833333,1
0.916667,1.0,0.166105,0.091908,0.222222,0.26098,0.2,0.333333,0.166105,1.0,0
1.0,0.4,0.851491,0.592539,0.888889,0.207512,0.333333,0.166667,1.0,0.833333,1
0.916667,0.2,0.258829,0.112993,0.555556,0.330781,0.166667,0.416667,1.0,1.0,1
1.0,0.6,0.172619,0.115872,1.0,0.503537,0.5,0.090909,0.287698,0.75,0
0.909091,1.0,0.260582,0.21535,0.0,0.408997,0.166667,0.454545,0.260582,1.0,0
0.454545,0.8,0.677138,1.0,0.0,0.228875,0.5,0.090909,0.846423,0.5,1
1.0,0.8,1.0,0.91468,0.571429,0.369532,0.25,0.272727,1.0,1.0,1
0.909091,0.4,0.405534,0.473547,1.0,0.289457,0.5,0.090909,1.0,0.75,1
0.8,0.666667,0.097813,0.0398,1.0,0.404523,1.0,0.0,0.146719,0.5,1
0.5,0.333333,0.858202,0.3588,0.5,0.393701,0.5,0.1,1.0,0.25,1
1.0,1.0,0.941798,0.1542,0.333333,1.0,0.166667,0.5,0.941798,0.75,1
0.2,0.333333,1.0,1.0,0.166667,0.1646,1.0,0.0,1.0,0.0,1
0.7,0.333333,0.782868,0.4644,0.833333,0.277476,0.5,0.1,1.0,0.5,1
0.916667,1.0,0.746896,0.647848,0.555556,0.188371,0.5,0.083333,0.746896,0.857143,0
0.583333,0.8,0.984127,1.0,0.111111,0.160797,0.333333,0.166667,1.0,0.857143,1
0.583333,1.0,0.188425,0.150141,0.111111,0.205053,0.5,0.083333,0.188425,0.857143,0
1.0,1.0,0.555124,0.315102,0.111111,0.28785,0.142857,0.5,0.555124,1.0,1
0.333333,0.4,0.527265,0.32163,0.222222,0.267855,1.0,0.0,1.0,0.714286,1
0.916667,0.2,0.120289,0.062809,1.0,0.312921,0.5,0.083333,0.601447,0.285714,0
0.666667,0.8,0.582011,0.344037,0.333333,0.27641,0.5,0.083333,0.727513,0.857143,0
0.75,0.8,1.0,0.509351,0.333333,0.320783,0.333333,0.166667,1.0,0.857143,0
1.0,1.0,0.066244,0.081924,1.0,0.208185,0.333333,0.166667,0.066244,0.833333,1
0.583333,0.4,1.0,0.102624,0.4,1.0,0.25,0.25,1.0,1.0,1
0.666667,1.0,0.732307,0.361808,0.0,0.521112,0.25,0.25,0.732307,1.0,0
0.5,0.2,0.679085,1.0,0.4,0.17484,0.25,0.25,1.0,1.0,1
0.75,1.0,0.667422,0.653353,0.0,0.263008,0.2,0.333333,0.667422,1.0,1
0.25,0.4,0.489752,0.041691,0.2,1.0,1.0,0.0,1.0,0.666667,0
0.75,1.0,0.152191,0.194752,0.6,0.201198,0.5,0.083333,0.152191,0.833333,0
0.833333,1.0,0.90469,1.0,0.0,0.156693,0.166667,0.416667,0.90469,1.0,1
0.833333,1.0,0.683525,0.555074,0.0,0.213281,0.166667,0.416667,0.683525,1.0,0
1.0,0.4,0.734435,0.134721,1.0,0.944206,0.333333,0.166667,1.0,1.0,1
0.916667,0.2,1.0,0.182712,0.5,0.947943,0.142857,0.5,1.0,1.0,1
0.916667,1.0,0.606076,0.790113,0.0,0.132858,0.142857,0.5,0.606076,1.0,1
0.833333,1.0,0.369554,0.076612,0.125,0.835472,0.2,0.333333,0.369554,1.0,0
1.0,0.6,0.161436,0.095823,0.142857,0.275092,0.142857,0.6,0.26906,1.0,1
1.0,0.6,1.0,1.0,1.0,0.163285,1.0,0.0,1.0,0.75,1
0.7,0.6,0.67874,0.240435,0.285714,0.460949,0.333333,0.2,1.0,0.75,1
0.8,1.0,0.063199,0.044051,0.142857,0.234263,0.333333,0.2,0.063199,1.0,0
1.0,1.0,0.741831,0.24728,0.142857,0.489851,0.2,0.4,0.741831,1.0,0
0.833333,0.25,0.103788,0.14121,0.833333,0.125435,0.2,0.333333,0.415153,1.0,0
0.916667,0.5,1.0,0.891682,1.0,0.191393,0.25,0.25,1.0,0.833333,1
0.833333,1.0,0.199047,0.231191,0.0,0.146934,0.142857,0.5,0.199047,1.0,1
0.916667,1.0,0.975078,1.0,0.166667,0.166408,0.142857,0.5,0.975078,1.0,1
0.666667,1.0,0.461786,0.300378,0.666667,0.262366,1.0,0.0,0.461786,1.0,0
1.0,0.75,0.078423,0.063327,0.833333,0.211343,0.2,0.333333,0.104564,1.0,0
0.5,0.5,0.823327,0.720038,0.666667,0.195143,1.0,0.0,1.0,0.833333,1
1.0,0.2,0.864416,0.170573,0.2,0.662426,0.1,0.818182,1.0,1.0,1
0.545455,0.8,1.0,0.998119,0.0,0.130961,0.333333,0.181818,1.0,1.0,1
0.909091,1.0,0.96746,1.0,1.0,0.126461,1.0,0.0,0.96746,1.0,1
0.818182,0.2,0.233426,0.092593,1.0,0.329531,0.25,0.272727,1.0,1.0,1
1.0,0.666667,0.722153,1.0,1.0,0.126429,0.333333,0.2,1.0,0.666667,1
0.7,0.666667,0.60932,0.761939,0.666667,0.140005,0.5,0.1,0.91398,0.666667,1
1.0,0.666667,1.0,0.767366,0.833333,0.228147,0.25,0.3,1.0,0.666667,1
0.3,1.0,0.446683,0.446816,0.0,0.17502,1.0,0.0,0.446683,0.0,1
0.666667,1.0,0.38834,0.281659,0.5,0.238824,1.0,0.0,0.38834,1.0,0
0.916667,0.4,0.869118,0.832787,0.833333,0.180773,0.2,0.333333,1.0,1.0,1
1.0,0.6,0.846954,0.752001,0.166667,0.195088,0.111111,0.666667,1.0,1.0,0
0.75,0.6,0.847479,1.0,0.5,0.146798,0.25,0.25,1.0,1.0,1
0.916667,0.8,1.0,0.777293,0.333333,0.222846,0.166667,0.416667,1.0,1.0,1
0.833333,0.2,0.209454,0.151019,1.0,0.240241,0.25,0.25,1.0,1.0,1
0.375,0.5,0.288397,0.038947,0.142857,1.0,1.0,0.0,0.576795,0.666667,1
0.875,1.0,1.0,1.0,0.285714,0.159062,0.5,0.125,1.0,0.666667,1
0.75,0.25,0.642042,0.58243,0.0,0.175342,0.166667,0.625,1.0,0.666667,1
1.0,0.25,0.596828,0.218632,1.0,0.434211,1.0,0.0,1.0,0.0,1
0.454545,0.6,1.0,1.0,0.2,0.128757,0.5,0.090909,1.0,0.8,1
1.0,0.6,0.350393,0.336945,0.2,0.133896,0.125,0.636364,0.583989,1.0,1
1.0,1.0,0.180025,0.1,1.0,0.231794,0.5,0.090909,0.180025,0.6,0
0.454545,0.2,0.701614,0.401776,0.4,0.224845,0.333333,0.181818,1.0,0.8,1
0.727273,0.2,0.821906,0.139076,0.2,0.76092,0.142857,0.545455,1.0,1.0,1
0.909091,0.6,0.292868,0.066075,0.6,0.570699,0.2,0.363636,0.488113,1.0,1
0.5,0.25,1.0,0.121262,0.333333,1.0,0.333333,0.166667,1.0,0.571429,1
0.75,0.25,0.81917,1.0,0.777778,0.163738,0.5,0.083333,1.0,0.285714,1
0.333333,0.25,0.634132,0.470561,0.222222,0.269364,0.5,0.083333,1.0,0.428571,1
1.0,0.75,0.251549,0.023832,0.444444,1.0,0.166667,0.416667,0.335398,0.857143,1
0.916667,0.25,0.418936,0.316589,1.0,0.264502,0.5,0.083333,1.0,0.285714,1
0.416667,1.0,0.906487,0.438318,0.111111,0.41338,1.0,0.0,0.906487,0.571429,0
0.5,0.5,0.805611,0.727804,0.333333,0.221252,0.5,0.083333,1.0,0.571429,1
0.916667,0.25,0.63834,0.187383,0.777778,0.680923,0.25,0.25,1.0,0.428571,1
0.5,0.8,1.0,1.0,0.0,0.148681,0.333333,0.166667,1.0,1.0,1
0.583333,0.6,0.16196,0.123991,0.8,0.194211,1.0,0.0,0.269933,1.0,0
1.0,0.6,0.657977,0.506549,1.0,0.193128,0.2,0.333333,1.0,1.0,1
0.833333,1.0,0.352643,0.09546,0.8,0.549248,0.5,0.083333,0.352643,1.0,1
1.0,0.4,0.125341,0.093337,1.0,0.296392,0.142857,0.5,0.313351,0.666667,1
0.666667,1.0,0.689373,0.885494,0.25,0.171828,0.333333,0.166667,0.689373,1.0,1
0.166667,0.4,1.0,0.424826,0.0,0.519536,1.0,0.0,1.0,0.333333,1
0.5,0.8,0.571117,1.0,0.5,0.126052,1.0,0.0,0.713896,0.666667,0
1.0,0.2,0.535106,0.047383,0.666667,1.0,0.125,0.583333,1.0,1.0,1
0.5,0.8,0.78354,1.0,0.0,0.160898,0.333333,0.166667,0.979425,0.833333,1
0.833333,0.2,0.169102,0.069946,0.833333,0.496452,0.2,0.333333,0.845511,1.0,0
0.666667,1.0,0.361059,0.569043,0.5,0.130293,1.0,0.0,0.361059,1.0,0
1.0,1.0,0.254368,0.030912,0.833333,1.0,0.333333,0.166667,0.254368,1.0,1
0.583333,0.2,0.217119,0.234883,0.333333,0.189817,0.2,0.333333,1.0,1.0,1
0.75,0.4,1.0,0.66787,1.0,0.307466,0.5,0.083333,1.0,0.833333,1
1.0,0.75,1.0,1.0,0.875,0.125893,0.5,0.090909,1.0,0.714286,1
0.818182,1.0,0.684923,0.481812,0.5,0.178964,0.5,0.090909,0.684923,1.0,0
1.0,0.5,0.340951,0.120205,0.125,0.357084,0.111111,0.727273,0.681902,1.0,1
1.0,0.5,0.2083,0.101521,1.0,0.258306,0.5,0.090909,0.416601,0.714286,0
0.636364,0.25,0.994353,0.56961,0.0,0.219768,0.142857,0.545455,1.0,0.571429,1
0.545455,0.25,0.711715,0.021329,0.625,1.0,1.0,0.0,1.0,0.428571,1
0.909091,0.75,0.655766,0.043155,0.75,1.0,0.5,0.090909,0.874354,0.857143,1
0.818182,0.5,0.10218,0.031581,0.875,0.40733,1.0,0.0,0.20436,0.714286,0
1.0,0.6,0.772762,0.176905,0.4,1.0,0.125,0.583333,1.0,1.0,1
0.5,0.6,0.665903,0.642056,0.0,0.280911,0.25,0.25,1.0,1.0,1
0.833333,1.0,0.182641,0.179268,1.0,0.275947,1.0,0.0,0.182641,1.0,1
0.916667,0.4,1.0,1.0,0.2,0.270851,0.111111,0.666667,1.0,1.0,1
1.0,1.0,0.73991,0.814448,0.714286,0.171101,0.333333,0.181818,0.73991,1.0,1
0.818182,0.25,1.0,1.0,1.0,0.188338,0.5,0.090909,1.0,1.0,1
0.909091,0.75,0.107671,0.118744,0.857143,0.170775,0.5,0.090909,0.143561,1.0,0
0.909091,0.5,0.398721,0.237252,0.571429,0.316517,0.2,0.363636,0.797443,1.0,1
1.0,0.666667,1.0,1.0,0.142857,0.153821,0.1,0.75,1.0,1.0,1
0.833333,1.0,0.944468,0.817378,0.571429,0.177738,0.25,0.25,0.944468,0.666667,1
0.666667,0.333333,0.766489,0.239404,1.0,0.492481,1.0,0.0,1.0,0.666667,1
0.333333,0.333333,0.413404,0.371298,0.285714,0.171265,0.5,0.083333,1.0,0.333333,1
1.0,0.4,0.877882,0.390479,1.0,0.301873,0.142857,0.5,1.0,1.0,1
0.916667,1.0,0.443518,0.200218,1.0,0.297436,0.333333,0.166667,0.443518,1.0,0
0.916667,0.2,0.404588,0.432172,0.0,0.125702,0.090909,0.833333,1.0,1.0,1
0.666667,0.8,1.0,1.0,1.0,0.134272,1.0,0.0,1.0,1.0,1
0.8,1.0,0.321258,0.35186,0.428571,0.151515,1.0,0.0,0.321258,0.833333,0
0.7,0.4,0.488585,0.322595,0.571429,0.251336,0.5,0.1,1.0,0.666667,1
0.2,0.2,1.0,1.0,0.142857,0.165948,1.0,0.0,1.0,0.0,1
0.9,0.4,0.663021,0.065336,0.571429,1.0,0.25,0.3,1.0,0.833333,1
1.0,0.8,0.931374,0.083711,0.714286,1.0,0.5,0.1,1.0,0.833333,0
0.6,0.4,0.910595,0.694873,0.428571,0.217467,0.5,0.1,1.0,0.666667,1
1.0,0.4,0.801914,0.647459,1.0,0.205536,0.5,0.1,1.0,0.5,1
1.0,1.0,0.301639,0.36049,0.5,0.14355,0.25,0.272727,0.301639,1.0,0
0.818182,0.2,0.979618,0.134463,0.0,1.0,0.111111,0.727273,1.0,1.0,1
0.636364,0.6,0.882643,1.0,0.666667,0.151424,1.0,0.0,1.0,1.0,1
1.0,0.2,1.0,0.386446,1.0,0.443937,0.2,0.363636,1.0,1.0,1
0.909091,0.8,0.751736,0.26016,1.0,0.465348,1.0,0.0,0.939669,0.75,1
0.909091,1.0,0.306997,0.168057,0.333333,0.294192,0.25,0.272727,0.306997,1.0,0
1.0,0.8,0.149421,0.15315,1.0,0.157126,0.5,0.090909,0.186777,0.75,0
0.818182,0.4,1.0,1.0,0.833333,0.161047,0.333333,0.181818,1.0,0.75,1
0.454545,0.4,0.572782,0.357232,0.5,0.258222,1.0,0.0,1.0,0.25,1
0.727273,0.2,0.636351,0.579576,0.333333,0.144267,0.166667,0.454545,1.0,1.0,1
0.636364,0.8,1.0,1.0,0.5,0.131396,1.0,0.0,1.0,1.0,1
0.909091,1.0,0.213725,0.215825,0.333333,0.130117,0.25,0.272727,0.213725,1.0,0
1.0,0.8,0.912912,0.614159,1.0,0.195312,0.5,0.090909,1.0,1.0,1
0.636364,0.2,0.31542,0.19627,0.833333,0.211162,0.5,0.090909,1.0,1.0,1
0.416667,0.4,0.106592,0.083013,0.375,0.200617,1.0,0.0,0.266481,0.333333,0
0.833333,1.0,1.0,1.0,0.5,0.156239,0.5,0.083333,1.0,1.0,1
0.916667,0.6,0.532962,0.500128,0.875,0.166496,0.5,0.083333,0.888269,0.666667,1
1.0,0.4,0.229583,0.252114,1.0,0.142276,0.333333,0.166667,0.573959,0.666667,0
0.833333,1.0,0.841337,1.0,0.25,0.179585,0.25,0.25,0.841337,1.0,1
1.0,0.4,0.75228,0.242647,1.0,0.661765,0.333333,0.166667,1.0,0.333333,1
0.666667,0.2,0.171834,0.200908,0.0,0.182562,0.125,0.583333,0.859169,0.666667,1
0.416667,0.8,1.0,0.503893,0.0,0.423605,0.5,0.083333,1.0,0.666667,1
0.916667,1.0,0.636172,0.507471,0.833333,0.203015,0.5,0.083333,0.636172,1.0,0
1.0,0.4,0.295576,0.364896,0.5,0.131179,0.125,0.583333,0.73894,1.0,1
0.666667,0.2,0.277457,0.131233,0.333333,0.342387,0.166667,0.416667,1.0,1.0,1
0.833333,1.0,0.84771,1.0,0.5,0.137282,0.333333,0.166667,0.84771,1.0,1
0.833333,0.2,1.0,0.544014,0.333333,0.297684,0.125,0.583333,1.0,1.0,1
0.75,0.6,0.577145,0.072007,1.0,1.0,1.0,0.0,0.961909,1.0,0
0.75,1.0,0.723655,0.229343,0.666667,0.510989,1.0,0.0,0.723655,1.0,0
0.916667,0.6,0.149511,0.190459,1.0,0.127127,0.333333,0.166667,0.249185,1.0,0
0.916667,0.6,0.421544,0.370048,0.833333,0.175339,0.25,0.25,0.702574,0.666667,0
0.5,0.4,1.0,0.944008,0.166667,0.163049,0.25,0.25,1.0,0.833333,1
0.916667,1.0,0.828103,1.0,0.833333,0.127461,0.5,0.083333,0.828103,0.666667,1
0.25,0.2,0.372353,0.159452,0.333333,0.359434,1.0,0.0,1.0,0.5,1
1.0,1.0,0.108046,0.094769,0.166667,0.175485,0.142857,0.5,0.108046,1.0,0
0.75,0.2,0.883158,0.484874,1.0,0.280352,0.333333,0.166667,1.0,0.5,1
0.333333,0.2,0.81985,0.546716,0.333333,0.230816,0.5,0.083333,1.0,0.5,1
1.0,0.2,0.652017,1.0,0.0,0.147975,0.083333,0.916667,1.0,1.0,1
1.0,0.8,0.196843,0.128307,1.0,0.348175,0.333333,0.166667,0.246054,0.75,0
0.583333,0.2,0.719695,0.806134,0.333333,0.202614,0.2,0.333333,1.0,1.0,1
0.916667,1.0,1.0,0.145165,0.166667,1.0,0.166667,0.416667,1.0,1.0,1
0.416667,1.0,0.704942,0.755795,0.0,0.211679,1.0,0.0,0.704942,0.75,1
0.727273,0.4,0.169372,0.070549,0.625,0.634921,0.5,0.090909,0.42343,0.75,0
0.909091,1.0,1.0,1.0,0.625,0.264464,1.0,0.0,1.0,1.0,1
0.818182,0.4,0.088356,0.140724,0.875,0.166048,1.0,0.0,0.220889,1.0,0
1.0,0.2,0.168948,0.312803,1.0,0.14284,0.333333,0.181818,0.844742,0.5,1
0.727273,0.6,0.394778,0.061963,0.0,1.0,0.166667,0.454545,0.657963,0.75,1
0.909091,1.0,0.35976,0.139764,0.5,0.32484,0.2,0.363636,0.35976,1.0,0
0.636364,0.25,0.275607,0.128363,0.5,0.270958,0.2,0.363636,1.0,1.0,1
0.454545,0.75,0.841843,0.218037,0.25,0.48725,0.5,0.090909,1.0,1.0,1
1.0,0.75,0.463506,0.371381,0.0,0.157503,0.111111,0.727273,0.618008,1.0,1
0.909091,0.25,0.169526,0.162311,1.0,0.131807,0.166667,0.454545,0.678104,1.0,0
0.909091,1.0,1.0,1.0,0.5,0.126198,0.2,0.363636,1.0,1.0,1
0.75,0.6,0.888622,1.0,0.333333,0.147083,0.25,0.25,1.0,0.8,1
0.833333,0.2,0.475463,0.365917,1.0,0.215071,1.0,0.0,1.0,0.2,1
0.75,0.6,0.668992,0.403743,0.555556,0.27426,0.5,0.083333,1.0,0.8,1
1.0,1.0,1.0,0.370695,0.555556,0.446509,0.333333,0.166667,1.0,1.0,0
0.666667,1.0,0.400529,0.499502,0.0,0.132722,0.25,0.25,0.400529,0.8,0
0.75,0.2,0.890185,0.13697,0.555556,1.0,0.25,0.25,1.0,0.8,1
0.583333,1.0,0.518646,0.231213,0.0,0.433365,0.333333,0.166667,0.518646,0.75,0
1.0,0.2,0.592886,0.088007,0.857143,1.0,0.166667,0.416667,1.0,1.0,1
1.0,0.2,0.669076,0.099756,1.0,1.0,0.2,0.333333,1.0,0.75,1
1.0,1.0,1.0,1.0,0.142857,0.193194,0.142857,0.5,1.0,1.0,1
0.75,1.0,0.986575,0.894037,0.0,0.213191,0.2,0.333333,0.986575,1.0,1
0.75,1.0,0.684854,0.884061,0.571429,0.153639,0.5,0.083333,0.684854,1.0,0
0.916667,1.0,0.249842,0.102361,0.428571,0.484082,0.2,0.333333,0.249842,1.0,0
0.583333,1.0,0.277438,0.034259,0.285714,1.0,0.5,0.083333,0.277438,0.857143,0
0.916667,0.75,0.748999,0.237936,0.285714,0.62432,0.142857,0.5,0.998666,1.0,1
1.0,0.75,0.459343,0.18968,0.857143,0.480286,0.25,0.25,0.612457,1.0,1
0.833333,0.75,0.809037,1.0,1.0,0.160455,1.0,0.0,1.0,0.857143,1
0.666667,1.0,0.236465,0.365365,0.142857,0.128359,0.25,0.25,0.236465,1.0,0
0.916667,0.25,1.0,0.285983,0.857143,0.693499,0.2,0.333333,1.0,1.0,1
0.454545,0.2,0.23878,0.153577,0.142857,0.255917,0.25,0.272727,1.0,0.8,1
1.0,0.6,0.503191,0.256628,0.571429,0.322742,0.2,0.363636,0.838652,1.0,0
0.636364,0.2,0.985817,0.981657,0.571429,0.165296,0.333333,0.181818,1.0,0.8,1
0.818182,1.0,0.720596,0.74704,0.571429,0.158772,1.0,0.0,0.720596,1.0,0
0.727273,0.8,1.0,0.103719,0.571429,1.0,1.0,0.0,1.0,1.0,1
0.909091,0.4,0.980954,1.0,1.0,0.161464,0.5,0.090909,1.0,0.6,1
0.25,0.6,1.0,0.178911,0.0,1.0,1.0,0.0,1.0,0.5,1
0.833333,0.4,0.289086,0.122947,0.25,0.465026,0.142857,0.5,0.722714,0.833333,1
0.166667,0.2,0.679886,1.0,0.0,0.134464,0.5,0.083333,1.0,0.333333,1
1.0,0.4,0.098984,0.137424,1.0,0.142453,0.333333,0.166667,0.24746,0.666667,1
0.833333,1.0,0.092975,0.139801,0.5,0.13153,0.5,0.083333,0.092975,0.666667,0
0.916667,0.6,0.420846,0.275929,0.0,0.301644,0.111111,0.666667,0.701409,1.0,1
1.0,0.2,0.902109,0.973423,1.0,0.183285,0.25,0.25,1.0,0.666667,1
1.0,0.4,1.0,1.0,0.0,0.269959,0.090909,0.833333,1.0,1.0,1
0.916667,0.8,0.093549,0.181018,1.0,0.139514,0.333333,0.166667,0.116937,1.0,1
0.666667,0.8,0.249771,0.454746,0.2,0.148276,0.25,0.25,0.312213,1.0,0
0.583333,1.0,0.511057,0.786245,0.4,0.175472,1.0,0.0,0.511057,1.0,1
0.5,1.0,0.303577,0.562311,0.0,0.145744,0.5,0.083333,0.303577,1.0,0
0.545455,0.4,1.0,0.595935,0.333333,0.230116,0.333333,0.181818,1.0,0.666667,1
0.636364,1.0,0.950711,1.0,0.0,0.130375,0.333333,0.181818,0.950711,1.0,1
1.0,0.4,0.23102,0.052058,0.833333,0.608571,0.2,0.363636,0.577549,1.0,1
0.909091,0.6,0.747168,0.777723,1.0,0.131747,0.5,0.090909,1.0,0.666667,1
0.75,0.8,0.408745,0.291704,0.625,0.353846,1.0,0.0,0.510932,0.833333,0
0.166667,0.2,0.639776,1.0,0.0,0.161559,0.5,0.083333,1.0,0.166667,1
0.833333,0.4,0.581083,0.857396,0.625,0.171143,0.25,0.25,1.0,0.833333,0
0.666667,0.4,0.262247,0.040744,0.125,1.0,0.166667,0.416667,0.655618,0.833333,1
0.833333,0.4,1.0,0.294656,1.0,0.857014,1.0,0.0,1.0,0.666667,1
0.75,0.6,0.559453,0.75465,0.75,0.187207,1.0,0.0,0.932421,0.833333,0
1.0,1.0,0.82813,0.833481,0.375,0.250903,0.2,0.333333,0.82813,0.833333,1
0.666667,0.8,0.128035,0.042448,0.0,0.473585,0.2,0.333333,0.160044,1.0,0
0.833333,0.6,0.792695,0.853115,1.0,0.145888,0.5,0.083333,1.0,1.0,1
1.0,1.0,0.119669,0.095787,0.5,0.196154,0.2,0.333333,0.119669,1.0,0
0.833333,0.4,0.908692,0.920391,0.833333,0.155012,0.25,0.25,1.0,1.0,1
0.833333,0.8,0.526525,0.022265,0.833333,1.0,0.5,0.083333,0.658156,1.0,0
0.666667,1.0,0.165578,0.046452,0.166667,0.559655,0.333333,0.166667,0.165578,1.0,0
0.916667,1.0,1.0,1.0,0.0,0.157008,0.142857,0.5,1.0,1.0,1
0.833333,0.4,1.0,0.889694,0.75,0.160932,0.333333,0.166667,1.0,1.0,1
0.833333,1.0,0.617963,0.18004,0.25,0.491449,0.25,0.25,0.617963,1.0,0
0.666667,0.8,0.403922,0.296323,0.125,0.195171,0.25,0.25,0.504902,0.75,1
1.0,0.4,0.577483,0.493751,1.0,0.167461,0.333333,0.166667,1.0,0.75,1
0.75,0.8,0.940923,1.0,0.25,0.134722,0.25,0.25,1.0,1.0,1
0.916667,0.6,0.251181,0.045617,0.714286,0.711047,0.25,0.25,0.418635,1.0,0
1.0,0.2,0.981926,0.20488,1.0,0.6189,0.2,0.333333,1.0,0.75,1
0.583333,0.8,0.796981,0.66092,0.285714,0.155718,0.5,0.083333,0.996226,0.75,1
0.916667,1.0,1.0,1.0,0.571429,0.129134,0.333333,0.166667,1.0,1.0,1
0.666667,0.6,0.79657,0.144145,0.0,0.713615,0.166667,0.416667,1.0,1.0,1
0.909091,1.0,0.390683,0.080516,1.0,1.0,0.5,0.090909,0.390683,0.666667,1
0.727273,1.0,0.106363,0.059254,0.8,0.455294,1.0,0.0,0.106363,1.0,0
1.0,0.75,0.874124,1.0,1.0,0.221715,0.25,0.272727,1.0,0.666667,1
0.454545,0.5,1.0,0.834786,0.4,0.303841,0.5,0.090909,1.0,0.333333,1
0.5,0.4,1.0,0.689108,0.75,0.231292,1.0,0.0,1.0,1.0,1
0.9,0.2,0.50435,0.365555,0.75,0.219901,0.166667,0.5,1.0,1.0,1
0.8,0.8,0.993065,0.234124,0.0,0.676052,0.2,0.4,1.0,1.0,1
0.7,1.0,0.941874,1.0,0.25,0.150121,0.5,0.1,0.941874,1.0,0
0.9,0.8,0.539655,0.058883,0.5,1.0,0.25,0.3,0.674568,1.0,0
0.9,0.6,0.359349,0.086616,1.0,0.661253,0.333333,0.2,0.598916,1.0,0
0.8,0.6,0.598285,0.655748,0.75,0.145418,0.333333,0.2,0.997142,1.0,1
1.0,1.0,0.98777,0.159566,0.5,0.98665,0.25,0.3,0.98777,1.0,0
0.916667,1.0,0.346987,0.298037,0.666667,0.224426,0.333333,0.166667,0.346987,1.0,0
0.833333,0.2,0.812359,1.0,1.0,0.156595,0.25,0.25,1.0,1.0,1
0.833333,0.6,1.0,0.428115,0.666667,0.450267,0.25,0.25,1.0,1.0,1
1.0,1.0,0.454954,0.423323,0.333333,0.20717,0.166667,0.416667,0.454954,1.0,0
0.833333,0.4,0.787617,0.732542,0.666667,0.207259,0.2,0.333333,1.0,1.0,1
0.583333,0.2,0.152599,0.095847,0.0,0.306905,0.142857,0.5,0.762993,1.0,1
0.636364,0.6,0.968693,0.44319,1.0,0.317301,0.5,0.090909,1.0,1.0,1
1.0,0.2,0.753989,0.471045,0.666667,0.232369,0.111111,0.727273,1.0,1.0,1
1.0,0.2,1.0,1.0,0.0,0.145169,0.090909,0.909091,1.0,1.0,1
0.818182,0.2,0.97556,0.933587,0.0,0.151696,0.111111,0.727273,1.0,1.0,1
0.727273,1.0,0.153807,0.107462,0.333333,0.207776,0.333333,0.181818,0.153807,1.0,0
0.583333,0.6,0.40349,0.243531,0.333333,0.299844,0.333333,0.166667,0.672484,1.0,1
0.666667,1.0,1.0,0.315449,0.333333,0.573703,0.5,0.083333,1.0,1.0,0
0.583333,0.2,0.95553,0.489916,0.833333,0.352971,0.5,0.083333,1.0,1.0,1
0.916667,0.4,0.063499,0.054795,0.333333,0.209722,0.125,0.583333,0.158747,1.0,0
1.0,0.4,0.736123,1.0,0.833333,0.133219,0.166667,0.416667,1.0,1.0,1
0.583333,0.8,0.285324,0.232496,0.166667,0.222095,0.333333,0.166667,0.356655,1.0,0
0.833333,0.8,0.989697,0.751332,1.0,0.238389,1.0,0.0,1.0,1.0,1
0.583333,0.4,0.717081,0.223793,1.0,0.598451,1.0,0.0,1.0,1.0,1
0.916667,0.4,1.0,0.493198,1.0,0.378691,0.2,0.333333,1.0,1.0,1
0.833333,0.4,0.857755,0.487863,1.0,0.328376,0.25,0.25,1.0,1.0,1
0.583333,0.4,0.888603,1.0,0.2,0.165964,0.2,0.333333,1.0,1.0,1
0.916667,0.8,0.714939,0.70152,0.0,0.190342,0.125,0.583333,0.893673,1.0,1
1.0,0.6,0.368895,0.488397,0.0,0.14107,0.1,0.75,0.614824,1.0,0
0.583333,0.2,0.263211,0.053881,0.4,0.912376,0.2,0.333333,1.0,1.0,0
0.666667,1.0,0.25407,0.367831,0.6,0.129007,1.0,0.0,0.25407,1.0,0
0.583333,0.2,0.707688,0.217544,0.375,0.537951,0.25,0.25,1.0,0.666667,1
0.916667,0.2,0.659011,0.656966,1.0,0.165881,0.333333,0.166667,1.0,0.666667,1
0.583333,0.6,1.0,0.173787,0.25,0.951544,0.333333,0.166667,1.0,0.666667,1
0.833333,0.4,0.571518,0.106295,1.0,0.889126,1.0,0.0,1.0,0.666667,0
0.916667,1.0,0.314154,0.328793,0.125,0.158004,0.166667,0.416667,0.314154,1.0,0
1.0,1.0,0.197454,0.238184,0.25,0.137088,0.166667,0.416667,0.197454,1.0,0
0.833333,0.8,0.893784,1.0,0.75,0.147802,1.0,0.0,1.0,1.0,1
1.0,0.6,0.78492,1.0,0.142857,0.143741,0.111111,0.666667,1.0,1.0,1
1.0,0.6,0.521477,0.044283,1.0,1.0,0.333333,0.166667,0.869129,0.714286,0
0.416667,0.6,0.650444,0.323991,0.142857,0.367647,0.5,0.083333,1.0,0.571429,1
0.75,0.8,0.164575,0.106502,0.571429,0.282982,0.5,0.083333,0.205719,1.0,0
0.583333,0.4,0.609938,0.389948,0.285714,0.28644,0.25,0.25,1.0,0.714286,0
0.75,1.0,0.614835,0.380045,0.428571,0.296264,0.5,0.083333,0.614835,1.0,0
1.0,0.2,0.47485,0.388266,1.0,0.223965,0.2,0.333333,1.0,0.714286,1
1.0,1.0,1.0,0.775785,0.714286,0.236055,0.333333,0.166667,1.0,0.857143,1
0.333333,1.0,1.0,1.0,0.0,0.143204,1.0,0.0,1.0,0.75,1
0.666667,1.0,0.882611,0.227067,1.0,0.556637,1.0,0.0,0.882611,0.75,1
1.0,0.75,0.520535,0.477981,0.0,0.155953,0.1,0.75,0.694047,1.0,1
0.666667,1.0,0.317225,0.348354,0.25,0.130407,0.25,0.25,0.317225,1.0,0
0.666667,1.0,0.569575,0.017849,0.5,1.0,0.333333,0.166667,0.569575,1.0,0
0.75,1.0,1.0,1.0,0.0,0.140418,0.2,0.333333,1.0,1.0,1
0.666667,0.4,0.685815,0.334304,0.75,0.288064,1.0,0.0,1.0,0.75,1
0.583333,0.2,0.615929,0.107381,0.75,0.805423,1.0,0.0,1.0,0.75,1
1.0,0.4,0.578119,0.361706,1.0,0.224432,0.333333,0.166667,1.0,0.5,1
0.916667,1.0,0.226857,0.214763,0.625,0.148325,0.5,0.083333,0.226857,1.0,0
0.5,1.0,0.990818,1.0,0.0,0.16051,0.5,0.083333,0.990818,0.857143,1
0.416667,1.0,1.0,0.135293,0.0,1.0,1.0,0.0,1.0,0.571429,0
0.666667,1.0,0.116528,0.098282,0.5,0.192072,1.0,0.0,0.116528,1.0,0
0.916667,0.4,0.468408,0.539047,1.0,0.140769,0.25,0.25,1.0,0.714286,1
0.583333,1.0,0.598273,0.539756,0.0,0.17956,0.333333,0.166667,0.598273,1.0,0
1.0,0.2,0.268583,0.207013,0.0,0.21018,0.083333,0.916667,1.0,1.0,1
1.0,1.0,0.70376,0.083761,0.833333,1.0,0.333333,0.166667,0.70376,0.857143,1
0.833333,0.4,0.378553,0.104303,0.833333,0.587946,0.25,0.25,0.946382,0.857143,0
0.75,1.0,0.485312,0.50009,0.25,0.141796,0.25,0.25,0.485312,1.0,0
1.0,0.6,0.993705,0.573309,0.5,0.253256,0.125,0.583333,1.0,1.0,1
0.333333,0.4,0.866329,1.0,0.5,0.126583,1.0,0.0,1.0,0.714286,1
0.5,0.4,0.06196,0.029576,0.75,0.306098,0.5,0.083333,0.1549,1.0,0
0.916667,0.4,0.166132,0.03174,0.75,0.764773,0.142857,0.5,0.41533,1.0,0
0.916667,0.4,0.334485,0.178539,1.0,0.273737,0.166667,0.416667,0.836213,0.857143,0
1.0,1.0,1.0,0.237331,0.0,0.615653,0.125,0.583333,1.0,1.0,1
0.833333,1.0,0.256727,0.108566,1.0,0.345515,0.5,0.083333,0.256727,0.857143,0
0.583333,0.25,0.918938,1.0,0.75,0.185938,1.0,0.0,1.0,0.571429,1
0.916667,0.5,0.909383,0.299959,0.375,0.613433,0.142857,0.5,1.0,1.0,1
0.75,0.25,0.3685,0.137566,0.875,0.542012,0.5,0.083333,1.0,0.571429,1
0.75,1.0,0.587851,0.787749,0.625,0.150995,1.0,0.0,0.587851,0.857143,0
0.416667,0.25,0.81233,0.299959,0.25,0.547965,0.333333,0.166667,1.0,0.285714,1
0.833333,0.5,0.30182,0.224868,0.5,0.271584,0.2,0.333333,0.603641,1.0,1
0.583333,0.25,0.865131,0.022589,0.75,1.0,1.0,0.0,1.0,0.571429,1
1.0,0.25,1.0,0.840659,1.0,0.240692,0.25,0.25,1.0,0.571429,1
0.583333,0.4,0.993199,0.215223,0.125,0.652091,0.2,0.333333,1.0,0.666667,1
0.5,0.8,0.885687,0.632093,0.0,0.197997,0.333333,0.166667,1.0,0.5,1
0.916667,1.0,0.73478,0.663209,0.625,0.156555,0.5,0.083333,0.73478,1.0,0
0.916667,0.4,0.395617,0.279744,1.0,0.199836,0.5,0.083333,0.989044,0.666667,1
1.0,0.4,0.87554,0.837248,0.875,0.147768,0.25,0.25,1.0,0.666667,1
0.916667,0.2,0.387522,0.041489,0.75,1.0,0.2,0.333333,1.0,0.833333,0
0.916667,0.6,1.0,1.0,0.125,0.141306,0.125,0.583333,1.0,1.0,1
0.833333,0.75,0.1789,0.158996,0.625,0.22193,0.333333,0.166667,0.238533,1.0,0
0.666667,0.25,1.0,0.332218,0.5,0.593703,0.25,0.25,1.0,0.833333,1
0.833333,0.5,0.902984,1.0,1.0,0.178103,1.0,0.0,1.0,0.5,1
0.666667,0.25,0.152737,0.069177,0.875,0.435484,1.0,0.0,0.610946,0.666667,1
0.833333,0.75,0.475463,0.63152,0.625,0.148498,0.333333,0.166667,0.633951,1.0,1
1.0,0.25,0.186112,0.054672,0.375,0.671429,0.111111,0.666667,0.744449,1.0,1
0.583333,1.0,0.191628,0.080893,0.25,0.467241,0.5,0.083333,0.191628,0.666667,0
0.75,0.6,0.391904,0.405236,0.25,0.137617,0.2,0.333333,0.653174,1.0,0
0.583333,1.0,0.878769,1.0,0.125,0.125047,0.5,0.083333,0.878769,0.666667,1
0.75,0.2,0.301952,0.328727,0.875,0.130708,0.5,0.083333,1.0,0.666667,1
0.916667,0.4,0.709803,0.689745,0.25,0.146436,0.125,0.583333,1.0,1.0,1
0.5,0.4,0.084534,0.034909,0.25,0.344583,0.333333,0.166667,0.211336,0.666667,0
1.0,0.2,0.421241,0.461527,1.0,0.129877,0.25,0.25,1.0,0.666667,1
0.75,0.4,1.0,0.8512,0.625,0.167174,0.333333,0.166667,1.0,1.0,1
1.0,0.2,0.325464,0.280845,1.0,0.222127,0.2,0.333333,1.0,0.714286,1
1.0,0.4,0.238432,0.123982,0.714286,0.368613,0.166667,0.416667,0.596081,0.857143,0
0.75,1.0,0.500315,0.6546,0.428571,0.146498,0.5,0.083333,0.500315,1.0,0
0.5,0.8,1.0,0.684163,0.285714,0.280159,1.0,0.0,1.0,0.571429,1
0.916667,0.2,0.650614,0.712821,0.857143,0.174947,0.2,0.333333,1.0,0.714286,1
0.916667,0.8,0.715297,1.0,0.285714,0.137104,0.166667,0.416667,0.894122,1.0,1
0.833333,0.6,0.124646,0.150528,0.857143,0.158717,0.5,0.083333,0.207743,0.714286,0
0.333333,0.6,0.474976,0.205732,0.142857,0.442522,1.0,0.0,0.791627,0.428571,0
0.5,0.6,0.120597,0.143257,0.333333,0.189577,0.5,0.083333,0.200995,0.8,0
0.666667,0.6,1.0,0.497667,0.666667,0.452508,0.5,0.083333,1.0,1.0,1
0.666667,0.2,0.74627,0.865376,1.0,0.194203,0.5,0.083333,1.0,0.8,1
1.0,0.8,0.57729,1.0,0.333333,0.130005,0.142857,0.5,0.721612,1.0,1
0.916667,1.0,0.07874,0.129025,0.0,0.137432,0.142857,0.5,0.07874,1.0,0
0.833333,0.2,0.463324,0.073962,0.666667,1.0,0.166667,0.416667,1.0,1.0,1
1.0,0.4,1.0,0.909641,1.0,0.172895,0.333333,0.166667,1.0,0.666667,1
0.5,0.8,0.673644,0.358247,0.125,0.295734,0.5,0.083333,0.842055,0.5,1
0.833333,1.0,0.753097,0.529896,0.25,0.223518,0.25,0.25,0.753097,1.0,0
0.666667,0.6,0.566852,0.571213,0.625,0.156072,1.0,0.0,0.944753,0.833333,0
0.833333,0.4,0.564289,0.55005,0.875,0.161344,0.5,0.083333,1.0,0.833333,0
0.833333,0.8,0.758009,0.673497,0.75,0.177007,1.0,0.0,0.947512,0.833333,1
0.833333,0.4,0.904421,1.0,0.625,0.142241,0.25,0.25,1.0,1.0,1
1.0,1.0,1.0,1.0,0.8,0.183287,0.5,0.1,1.0,1.0,1
0.5,0.8,0.768161,0.105601,0.2,1.0,1.0,0.0,0.960202,0.714286,0
1.0,1.0,0.329659,0.162075,1.0,0.372805,1.0,0.0,0.329659,0.857143,0
0.8,0.8,0.123747,0.059229,0.8,0.382946,1.0,0.0,0.154684,1.0,0
1.0,1.0,0.46756,0.564968,0.0,0.151686,0.166667,0.5,0.46756,1.0,0
0.6,0.8,0.580787,0.350781,0.0,0.303469,0.333333,0.2,0.725983,1.0,0
0.6,0.2,0.730711,0.09045,1.0,1.0,1.0,0.0,1.0,0.857143,1
0.6,0.4,0.853707,0.358127,0.6,0.436923,0.5,0.1,1.0,1.0,1
0.916667,0.75,0.439982,1.0,0.666667,0.339264,0.333333,0.166667,0.586643,0.666667,1
0.916667,0.25,1.0,0.765612,1.0,1.0,0.5,0.083333,1.0,0.666667,1
1.0,1.0,0.998669,0.919589,0.0,0.837395,0.111111,0.666667,0.998669,1.0,1
0.333333,0.25,0.097182,0.359281,0.333333,0.208571,1.0,0.0,0.388729,0.333333,1
1.0,0.6,1.0,0.926302,0.333333,0.225012,0.125,0.583333,1.0,1.0,1
0.833333,0.8,0.445691,0.308914,1.0,0.300714,1.0,0.0,0.557114,1.0,0
0.916667,1.0,0.665043,1.0,0.833333,0.138614,0.5,0.083333,0.665043,1.0,1
0.666667,0.8,0.561931,0.283319,0.5,0.413396,0.5,0.083333,0.702414,1.0,0
0.75,0.25,0.852871,0.139214,0.222222,1.0,0.142857,0.5,1.0,0.857143,1
1.0,0.25,0.766546,0.977216,1.0,0.131059,0.333333,0.166667,1.0,0.714286,1
0.833333,0.75,0.647942,0.378763,0.0,0.285817,0.125,0.583333,0.863923,1.0,1
0.833333,0.75,0.997373,0.863294,0.333333,0.193027,0.2,0.333333,1.0,1.0,1
0.666667,1.0,0.698486,0.758988,0.222222,0.153759,0.333333,0.166667,0.698486,0.857143,0
0.916667,0.75,1.0,1.0,0.444444,0.167078,0.2,0.333333,1.0,1.0,1
0.833333,1.0,0.084824,0.078595,0.0,0.180319,0.142857,0.5,0.084824,1.0,0
0.916667,1.0,0.625172,0.632734,0.666667,0.165081,0.5,0.083333,0.625172,1.0,0
1.0,0.25,0.774197,0.594891,0.666667,0.74182,0.142857,0.545455,1.0,1.0,1
0.909091,0.75,0.413296,0.074209,0.666667,1.0,0.25,0.272727,0.551062,1.0,1
0.818182,1.0,0.164764,0.492701,0.666667,0.190617,0.5,0.090909,0.164764,1.0,0
0.818182,0.25,1.0,0.776764,0.5,0.733829,0.166667,0.454545,1.0,1.0,1
1.0,1.0,0.204034,0.366788,1.0,0.317081,0.5,0.090909,0.204034,1.0,0
1.0,0.25,0.724256,1.0,0.833333,0.412835,0.166667,0.454545,1.0,1.0,1
0.833333,1.0,1.0,1.0,0.375,0.16759,0.333333,0.166667,1.0,1.0,1
1.0,0.2,0.545148,0.023791,1.0,1.0,0.25,0.25,1.0,1.0,1
0.916667,0.2,0.138818,0.102964,0.75,0.225947,0.2,0.333333,0.694089,1.0,1
1.0,0.4,0.433093,0.571373,0.5,0.127031,0.142857,0.5,1.0,1.0,1
1.0,0.2,0.794973,0.204953,0.875,0.650048,0.2,0.333333,1.0,1.0,1
0.916667,1.0,0.765973,0.51853,0.333333,0.218136,0.25,0.25,0.765973,1.0,0
1.0,1.0,1.0,0.317326,0.555556,0.465353,0.333333,0.166667,1.0,1.0,0
0.833333,0.8,0.803514,0.446572,0.333333,0.265698,0.25,0.25,1.0,1.0,1
0.916667,0.4,0.340793,0.365967,0.888889,0.137511,0.5,0.083333,0.851982,0.833333,1
0.833333,0.2,0.873262,0.179895,1.0,0.716824,1.0,0.0,1.0,0.833333,1
0.916667,0.6,0.85674,1.0,0.222222,0.126513,0.142857,0.5,1.0,1.0,1
0.5,0.4,0.306703,0.046634,0.222222,0.971192,0.333333,0.166667,0.766757,0.666667,0
0.833333,1.0,0.214385,0.175926,0.714286,0.324737,1.0,0.0,0.214385,0.857143,0
0.833333,0.4,0.478921,0.192901,0.857143,0.6616,0.333333,0.166667,1.0,0.857143,0
0.916667,0.6,0.670141,0.629938,0.0,0.283488,0.111111,0.666667,1.0,1.0,1
0.916667,0.6,0.724925,0.671605,1.0,0.287638,0.5,0.083333,1.0,0.857143,0
0.916667,1.0,0.878851,0.14321,0.285714,1.0,0.2,0.333333,0.878851,1.0,1
1.0,0.8,0.634468,1.0,0.857143,0.169074,0.333333,0.166667,0.793085,0.857143,1
0.833333,0.6,1.0,0.479012,1.0,0.556314,1.0,0.0,1.0,0.857143,0
0.25,0.2,0.640607,0.402778,0.142857,0.423831,0.5,0.083333,1.0,0.285714,1
0.75,0.8,1.0,1.0,0.8,0.183821,0.5,0.083333,1.0,1.0,1
0.833333,0.6,0.744492,0.600271,0.8,0.227986,0.25,0.25,1.0,1.0,1
1.0,0.8,0.055444,0.059872,0.4,0.170227,0.142857,0.5,0.069305,1.0,0
0.583333,1.0,0.950459,0.360977,0.4,0.484004,1.0,0.0,0.950459,1.0,0
0.75,0.6,0.4152,0.139895,1.0,0.545568,0.5,0.083333,0.692,1.0,0
0.833333,0.4,0.702743,0.389023,1.0,0.26851,1.0,0.0,1.0,0.25,1
0.5,0.2,1.0,0.389195,0.5,0.381919,0.5,0.083333,1.0,0.75,1
1.0,1.0,0.782961,0.165692,0.625,0.702388,0.333333,0.166667,0.782961,0.75,0
0.416667,0.6,0.90184,1.0,0.25,0.13405,1.0,0.0,1.0,0.5,1
0.583333,0.4,0.932631,0.363214,0.375,0.381667,0.333333,0.166667,1.0,0.75,1
0.5,0.5,0.639504,0.528107,0.5,0.21131,0.5,0.083333,1.0,0.666667,1
0.25,0.5,0.385928,0.394046,0.0,0.170906,0.5,0.083333,0.771855,0.5,0
0.5,0.75,0.745364,0.365385,0.166667,0.355972,0.333333,0.166667,0.993819,0.833333,1
1.0,1.0,0.338667,0.279771,1.0,0.211236,0.333333,0.166667,0.338667,0.5,0
0.583333,0.5,0.63855,0.34375,0.166667,0.324153,0.2,0.333333,1.0,1.0,1
1.0,0.5,1.0,1.0,0.666667,0.174501,0.142857,0.5,1.0,0.833333,1
0.833333,0.5,0.472184,0.386464,0.333333,0.213206,0.142857,0.5,0.944368,1.0,1
1.0,1.0,0.303838,0.272925,0.666667,0.278619,0.25,0.25,0.303838,1.0,0
0.916667,0.2,1.0,0.304458,0.833333,0.822024,0.166667,0.416667,1.0,1.0,1
0.833333,0.4,0.503114,1.0,1.0,0.125915,0.333333,0.166667,1.0,1.0,1
1.0,1.0,0.453729,0.773469,0.166667,0.146813,0.142857,0.5,0.453729,1.0,1
1.0,1.0,0.731615,0.5653,0.0,0.194604,0.111111,0.666667,0.731615,1.0,1
0.75,0.25,1.0,1.0,1.0,0.150365,0.5,0.083333,1.0,1.0,1
0.916667,1.0,0.688081,0.709247,0.285714,0.145878,0.166667,0.416667,0.688081,1.0,1
0.75,0.5,0.232249,0.24436,0.142857,0.142913,0.142857,0.5,0.464497,1.0,1
0.75,0.25,0.795013,0.577058,0.857143,0.207159,0.333333,0.166667,1.0,1.0,1
1.0,1.0,0.315626,0.020427,0.714286,1.0,0.333333,0.166667,0.315626,1.0,0
0.833333,0.8,0.198356,0.065181,0.571429,0.563818,0.333333,0.166667,0.247945,1.0,0
0.666667,1.0,0.292072,0.419499,0.0,0.128995,0.25,0.25,0.292072,1.0,0
0.833333,0.6,0.555377,0.081151,1.0,1.0,1.0,0.0,0.925629,0.857143,0
0.75,0.4,1.0,1.0,0.857143,0.185274,0.5,0.083333,1.0,1.0,1
1.0,0.6,0.858575,0.970288,0.285714,0.163943,0.125,0.583333,1.0,1.0,1
0.583333,0.2,0.668237,0.855153,0.0,0.144777,0.142857,0.5,1.0,0.857143,1
0.75,1.0,0.544853,0.711606,0.428571,0.141858,0.5,0.083333,0.544853,1.0,1
0.166667,0.25,0.107242,0.181168,0.125,0.128148,1.0,0.0,0.42897,0.285714,0
0.916667,1.0,0.629404,0.512637,0.0,0.265794,0.125,0.583333,0.629404,1.0,1
0.833333,1.0,0.787375,0.879445,0.5,0.19382,0.333333,0.166667,0.787375,0.857143,0
1.0,0.5,0.486517,0.827108,0.75,0.127339,0.2,0.333333,0.973034,0.857143,1
1.0,0.5,0.573716,0.49452,1.0,0.251153,0.333333,0.166667,1.0,0.714286,0
0.916667,1.0,1.0,0.711474,0.5,0.304275,0.25,0.25,1.0,0.857143,1
0.666667,0.75,0.471123,0.743011,0.0,0.137267,0.166667,0.416667,0.628164,0.857143,0
0.916667,0.75,0.647691,1.0,0.375,0.140215,0.166667,0.416667,0.863588,0.857143,1
1.0,0.6,1.0,0.2794,1.0,0.787012,0.5,0.1,1.0,0.75,1
1.0,1.0,0.344832,0.308049,0.666667,0.246147,0.5,0.1,0.344832,1.0,0
0.7,0.2,0.320387,0.372442,1.0,0.189158,1.0,0.0,1.0,0.75,0
1.0,0.6,0.714977,1.0,0.333333,0.157217,0.166667,0.5,1.0,1.0,1
0.5,1.0,0.633577,0.98663,0.0,0.141206,1.0,0.0,0.633577,0.5,1
0.75,1.0,0.946866,1.0,1.0,0.264294,1.0,0.0,0.946866,1.0,1
1.0,0.6,1.0,0.966998,1.0,0.288651,0.166667,0.416667,1.0,1.0,1
0.5,0.8,0.438462,0.067992,0.0,1.0,0.333333,0.166667,0.548077,1.0,1
0.916667,0.8,0.581624,0.812326,1.0,0.199853,0.25,0.25,0.72703,1.0,0
0.666667,0.6,0.728466,0.386323,0.5,0.318776,0.25,0.25,1.0,1.0,1
1.0,0.6,0.727612,0.2297,1.0,0.535507,0.166667,0.416667,1.0,1.0,1
0.666667,1.0,1.0,0.84446,0.75,0.200192,1.0,0.0,1.0,1.0,0
0.833333,0.8,0.211762,0.191808,1.0,0.186642,0.333333,0.166667,0.264703,1.0,0
0.5,0.6,0.36973,0.097257,0.5,0.642672,0.5,0.083333,0.616217,1.0,0
0.833333,0.8,0.177287,0.052328,1.0,0.572759,0.333333,0.166667,0.221608,1.0,0
0.416667,1.0,0.795282,1.0,0.0,0.134446,1.0,0.0,0.795282,1.0,1
1.0,1.0,0.290721,0.387179,0.714286,0.13404,0.5,0.090909,0.290721,1.0,0
0.818182,0.2,0.595088,0.744615,1.0,0.142665,0.5,0.090909,1.0,0.333333,1
0.636364,0.2,1.0,1.0,0.714286,0.178513,0.5,0.090909,1.0,0.666667,1
0.636364,0.4,0.767308,0.080769,0.571429,1.0,0.5,0.090909,1.0,0.666667,1
0.833333,0.2,0.771932,0.129972,1.0,1.0,0.333333,0.166667,1.0,1.0,1
1.0,0.8,0.183907,0.251861,0.714286,0.13049,0.25,0.25,0.229883,1.0,0
1.0,0.8,0.099512,0.139757,0.714286,0.127245,0.25,0.25,0.12439,1.0,0
0.833333,1.0,0.987501,0.315252,0.714286,0.559784,1.0,0.0,0.987501,1.0,0
1.0,0.4,0.849542,1.0,0.571429,0.151819,0.142857,0.5,1.0,1.0,1
0.916667,0.8,1.0,0.735801,0.857143,0.242874,0.5,0.083333,1.0,1.0,1
1.0,0.8,0.383764,0.326314,0.571429,0.210169,0.2,0.333333,0.479705,1.0,0
0.833333,0.6,1.0,1.0,0.714286,0.156086,0.333333,0.166667,1.0,1.0,1
0.916667,1.0,0.401745,0.431207,0.142857,0.145422,0.166667,0.416667,0.401745,1.0,0
0.5,0.2,0.774329,0.077414,0.571429,1.0,0.5,0.083333,1.0,0.8,1
0.75,0.4,0.644096,0.370517,0.571429,0.271336,0.25,0.25,1.0,1.0,1
1.0,0.6,0.463272,0.26431,0.714286,0.273581,0.2,0.333333,0.77212,1.0,1
0.75,0.4,0.157406,0.028966,1.0,0.848214,1.0,0.0,0.393516,0.8,0
0.5,0.2,0.593568,0.401411,1.0,0.430431,1.0,0.0,1.0,1.0,1
0.833333,0.8,0.872012,0.095864,0.2,1.0,0.166667,0.416667,1.0,1.0,1
1.0,1.0,1.0,1.0,0.6,0.291087,0.2,0.333333,1.0,1.0,1
1.0,1.0,0.808239,0.835524,0.6,0.281581,0.2,0.333333,0.808239,1.0,0
0.916667,0.6,0.391971,0.1506,0.5,0.348718,0.166667,0.416667,0.653285,1.0,1
0.75,0.8,0.96737,1.0,0.0,0.12961,0.166667,0.416667,1.0,1.0,1
0.666667,0.4,0.060731,0.023445,0.5,0.347059,0.25,0.25,0.151827,1.0,0
0.583333,0.8,0.487699,0.449593,0.5,0.145337,1.0,0.0,0.609624,1.0,1
1.0,0.4,0.786824,0.524893,1.0,0.200841,0.2,0.333333,1.0,0.857143,1
0.5,0.6,0.445703,0.340505,0.0,0.175375,0.25,0.25,0.742838,0.857143,0
1.0,1.0,1.0,0.24438,0.833333,0.548251,0.333333,0.166667,1.0,1.0,0
0.75,0.8,0.450643,0.22328,0.833333,0.270414,1.0,0.0,0.563304,1.0,0
1.0,1.0,0.145915,0.070132,0.111111,0.526667,0.166667,0.454545,0.145915,1.0,1
1.0,0.2,1.0,1.0,1.0,0.253135,0.5,0.090909,1.0,0.666667,1
0.818182,0.6,0.512277,0.257701,0.555556,0.503202,0.5,0.090909,0.853795,0.666667,0
0.909091,0.8,0.685789,0.404015,0.666667,0.42968,1.0,0.0,0.857236,1.0,1
1.0,0.5,0.270255,0.200853,0.5,0.231178,0.142857,0.545455,0.54051,1.0,1
0.727273,0.5,0.89991,0.608957,0.666667,0.2539,0.333333,0.181818,1.0,1.0,1
0.818182,1.0,1.0,1.0,0.166667,0.171811,0.2,0.363636,1.0,1.0,1
0.909091,0.5,0.309524,0.107018,1.0,0.49692,0.333333,0.181818,0.619048,1.0,1
0.583333,1.0,0.746946,0.417025,0.0,0.302993,0.333333,0.166667,0.746946,1.0,0
0.666667,0.6,0.555824,0.737467,0.166667,0.127497,0.2,0.333333,0.926374,1.0,1
0.916667,0.4,1.0,0.166564,0.5,1.0,0.142857,0.5,1.0,1.0,1
1.0,0.8,0.462078,0.243708,1.0,0.320739,0.333333,0.166667,0.577598,0.75,0
0.416667,0.8,0.99492,1.0,0.166667,0.168304,1.0,0.0,1.0,0.75,1
1.0,0.75,0.360015,0.669468,0.333333,0.154079,0.142857,0.545455,0.48002,1.0,1
0.545455,0.5,1.0,0.80077,0.666667,0.357805,1.0,0.0,1.0,0.75,1
0.909091,1.0,0.874129,1.0,1.0,0.250455,1.0,0.0,0.874129,0.75,1
0.909091,1.0,0.210681,0.047269,0.666667,1.0,0.333333,0.181818,0.210681,1.0,0
0.909091,1.0,0.135036,0.122899,0.666667,0.314815,0.333333,0.181818,0.135036,1.0,0
1.0,0.2,0.225938,0.237826,1.0,0.15638,0.333333,0.166667,1.0,0.833333,1
1.0,1.0,1.0,0.270642,0.0,0.608214,0.125,0.583333,1.0,1.0,1
1.0,1.0,0.47642,0.305575,0.222222,0.25664,0.166667,0.416667,0.47642,1.0,0
0.916667,0.6,0.937728,1.0,0.777778,0.154358,0.5,0.083333,1.0,1.0,1
1.0,0.2,0.735906,0.486062,0.888889,0.24922,0.25,0.25,1.0,0.833333,1
0.833333,0.4,0.127224,0.018172,0.666667,1.0,0.333333,0.166667,0.31806,1.0,0
0.666667,0.6,0.113398,0.120854,0.333333,0.154453,0.333333,0.166667,0.188996,0.666667,1
0.666667,1.0,0.184634,0.230297,0.6,0.155123,1.0,0.0,0.184634,1.0,0
0.833333,0.8,0.801829,0.652194,0.6,0.23788,0.25,0.25,1.0,1.0,1
0.833333,0.6,1.0,1.0,1.0,0.193487,0.333333,0.166667,1.0,1.0,1
0.666667,0.8,0.882439,0.134025,0.6,1.0,0.5,0.083333,1.0,1.0,0
1.0,0.6,0.297561,0.230061,0.8,0.250256,0.166667,0.416667,0.495935,1.0,1
1.0,0.8,1.0,1.0,0.4,0.133028,0.166667,0.454545,1.0,1.0,1
0.818182,0.4,0.750038,0.100714,1.0,0.990688,0.333333,0.181818,1.0,1.0,0
0.636364,0.4,0.857625,0.523344,0.6,0.217998,0.333333,0.181818,1.0,1.0,1
0.909091,1.0,0.529655,0.207543,1.0,0.339489,1.0,0.0,0.529655,1.0,0
0.727273,0.4,0.777165,0.498267,0.4,0.207488,0.2,0.363636,1.0,1.0,1
0.545455,0.2,0.735019,0.417125,0.8,0.234409,0.5,0.090909,1.0,1.0,1
0.545455,0.25,0.565522,0.645481,0.833333,0.135458,1.0,0.0,1.0,0.8,0
1.0,0.25,0.910657,0.788207,1.0,0.17863,0.2,0.363636,1.0,0.8,1
0.909091,1.0,0.45016,0.292983,0.666667,0.237555,0.333333,0.181818,0.45016,1.0,1
0.636364,0.75,0.959368,0.149706,0.666667,0.990798,1.0,0.0,1.0,1.0,0
0.727273,1.0,1.0,1.0,0.5,0.154611,0.5,0.090909,1.0,1.0,1
0.818182,0.5,0.548652,0.209589,0.166667,0.404733,0.142857,0.545455,1.0,1.0,1
0.833333,1.0,0.660855,0.279511,0.5,0.352516,0.333333,0.166667,0.660855,1.0,0
0.833333,1.0,0.650497,0.30948,0.0,0.313389,0.166667,0.416667,0.650497,1.0,1
0.916667,1.0,0.204287,0.020031,0.333333,1.0,0.2,0.333333,0.204287,1.0,0
0.833333,0.6,0.20521,0.242508,1.0,0.126166,0.5,0.083333,0.342016,1.0,0
0.916667,0.8,0.790996,0.661009,0.0,0.178418,0.125,0.583333,0.988745,1.0,1
0.666667,0.6,1.0,1.0,0.5,0.149098,0.333333,0.166667,1.0,1.0,1
1.0,0.8,0.061224,0.039602,0.666667,0.230502,0.2,0.333333,0.076531,1.0,0
1.0,0.6,0.204741,0.157748,0.555556,0.185152,0.2,0.333333,0.341234,1.0,1
0.5,0.6,0.576492,0.296262,0.333333,0.277592,1.0,0.0,0.960821,0.5,1
0.666667,1.0,0.151028,0.058477,0.111111,0.368435,0.333333,0.166667,0.151028,0.75,0
1.0,0.4,0.652604,0.138359,0.777778,0.67287,0.25,0.25,1.0,0.75,1
1.0,0.2,1.0,1.0,1.0,0.142655,0.333333,0.166667,1.0,0.5,1
1.0,0.5,1.0,1.0,1.0,0.211026,0.25,0.25,1.0,0.5,1
0.666667,0.75,0.590981,0.318792,0.142857,0.391203,0.2,0.333333,0.787975,1.0,1
1.0,1.0,0.333826,0.110259,0.142857,0.638913,0.125,0.583333,0.333826,1.0,0
0.5,1.0,0.276806,0.371764,0.285714,0.157124,1.0,0.0,0.276806,0.5,0
0.166667,0.25,0.972967,0.205177,0.142857,1.0,1.0,0.0,1.0,0.5,1
0.666667,0.25,0.506929,0.089885,1.0,1.0,1.0,0.0,1.0,0.5,1
0.333333,0.5,0.26965,0.448226,0.142857,0.126952,0.5,0.083333,0.5393,0.666667,1
1.0,0.8,0.119555,0.33232,0.6,0.166921,0.25,0.3,0.149443,1.0,0
0.7,0.4,1.0,1.0,0.6,0.463982,0.333333,0.2,1.0,1.0,1
0.8,1.0,0.293045,0.450861,0.6,0.301573,1.0,0.0,0.293045,1.0,0
0.8,0.8,0.212359,0.353597,0.2,0.278653,0.25,0.3,0.265449,1.0,0
0.7,0.2,0.434764,0.290274,1.0,0.694939,0.5,0.1,1.0,1.0,0
1.0,1.0,0.137679,0.465046,0.6,0.137364,0.333333,0.2,0.137679,1.0,0
0.9,1.0,0.585544,0.943262,0.6,0.288024,0.5,0.1,0.585544,1.0,1
0.833333,0.6,0.738204,0.346402,0.125,0.292757,0.142857,0.5,1.0,1.0,1
0.916667,0.4,0.866438,0.752047,1.0,0.158272,0.5,0.083333,1.0,1.0,1
1.0,0.2,0.413242,0.198292,0.25,0.286292,0.1,0.75,1.0,1.0,1
0.833333,1.0,1.0,1.0,0.5,0.137376,0.5,0.083333,1.0,1.0,1
0.909091,0.6,1.0,1.0,0.285714,0.128972,0.166667,0.454545,1.0,1.0,1
1.0,0.6,0.603579,0.47701,1.0,0.163193,0.5,0.090909,1.0,1.0,1
0.909091,1.0,0.369718,0.10616,0.428571,0.449164,0.333333,0.181818,0.369718,1.0,0
0.818182,0.6,0.555953,0.486952,0.714286,0.147248,0.5,0.090909,0.926589,1.0,1
1.0,0.8,0.582564,0.295136,0.0,0.249814,0.111111,0.666667,0.728205,1.0,1
0.666667,0.2,0.167734,0.158148,1.0,0.134231,1.0,0.0,0.838671,1.0,1
0.916667,0.4,1.0,0.391866,0.428571,0.322966,0.142857,0.5,1.0,1.0,1
1.0,1.0,0.121159,0.020885,0.714286,0.734211,0.333333,0.166667,0.121159,1.0,1
0.833333,1.0,0.203778,0.064853,0.285714,0.397669,0.25,0.25,0.203778,1.0,0
1.0,0.2,0.995874,1.0,0.285714,0.126037,0.1,0.75,1.0,1.0,1
0.818182,0.6,0.073217,0.022654,0.833333,0.518797,0.5,0.090909,0.122029,0.857143,0
0.818182,1.0,0.243846,0.303355,0.166667,0.129029,0.25,0.272727,0.243846,1.0,0
0.909091,0.8,0.936014,0.417646,1.0,0.359747,1.0,0.0,1.0,0.857143,0
0.818182,1.0,1.0,0.984159,0.333333,0.163101,0.333333,0.181818,1.0,1.0,0
0.454545,0.8,0.136036,0.174076,0.0,0.12544,0.5,0.090909,0.170045,0.571429,1
1.0,1.0,0.802313,1.0,0.333333,0.128786,0.2,0.363636,0.802313,1.0,1
0.636364,0.4,0.761991,0.452393,0.5,0.270369,0.333333,0.181818,1.0,1.0,1
0.909091,0.2,0.793824,0.365525,0.833333,0.348602,0.2,0.363636,1.0,0.857143,1
1.0,0.8,0.627085,0.408087,0.0,0.384065,0.125,0.636364,0.783856,1.0,1
0.454545,0.8,1.0,1.0,0.0,0.249937,0.5,0.090909,1.0,1.0,1
0.545455,1.0,0.134423,0.04752,0.0,0.707018,0.5,0.090909,0.134423,1.0,0
0.818182,1.0,0.401434,0.421009,0.0,0.238317,0.2,0.363636,0.401434,1.0,0
1.0,0.8,0.942295,0.381409,0.0,0.617486,0.125,0.636364,1.0,1.0,1
0.909091,0.4,0.53936,0.540642,1.0,0.249345,0.125,0.636364,1.0,1.0,0
0.916667,0.5,0.844172,0.089007,0.857143,1.0,0.25,0.25,1.0,1.0,1
0.916667,1.0,0.164794,0.124184,0.571429,0.171567,0.25,0.25,0.164794,1.0,0
0.833333,1.0,0.51685,0.068221,0.428571,0.979492,0.25,0.25,0.51685,1.0,0
0.833333,0.75,1.0,1.0,1.0,0.129287,1.0,0.0,1.0,1.0,1
1.0,1.0,0.825003,0.051566,0.0,1.0,0.111111,0.666667,0.825003,1.0,1
0.909091,1.0,0.802512,0.449116,0.666667,0.223622,0.5,0.090909,0.802512,1.0,0
0.818182,0.6,0.959498,0.372888,0.666667,0.322023,0.333333,0.181818,1.0,1.0,1
0.636364,1.0,0.330141,0.309037,0.0,0.133694,0.333333,0.181818,0.330141,1.0,0
1.0,0.4,0.712402,0.685855,0.666667,0.129991,0.166667,0.454545,1.0,1.0,1
0.727273,0.6,0.889325,0.325147,0.833333,0.342296,1.0,0.0,1.0,1.0,0
0.818182,0.4,0.706436,0.66444,1.0,0.133057,0.5,0.090909,1.0,1.0,1
1.0,0.2,1.0,1.0,0.5,0.125147,0.125,0.636364,1.0,1.0,1
0.9,0.2,0.626536,0.222026,0.2,0.572985,0.125,0.7,1.0,1.0,1
1.0,0.6,1.0,0.396925,1.0,0.511556,0.333333,0.2,1.0,1.0,1
0.8,1.0,0.629018,1.0,0.2,0.127722,0.333333,0.2,0.629018,1.0,1
0.7,0.6,0.890654,0.317036,0.8,0.570429,1.0,0.0,1.0,1.0,0
0.7,0.8,0.261512,0.066028,0.6,0.804198,1.0,0.0,0.32689,1.0,0
0.583333,1.0,0.320365,1.0,0.375,0.399632,1.0,0.0,0.320365,0.5,0
0.666667,0.5,0.375774,0.404412,0.375,1.0,0.25,0.25,0.751547,0.75,1
0.75,0.5,0.475391,0.511029,0.875,1.0,1.0,0.0,0.950781,0.75,1
1.0,0.5,1.0,0.584559,1.0,1.0,0.333333,0.166667,1.0,0.5,1
0.916667,1.0,0.332744,0.602941,0.125,0.688415,0.142857,0.5,0.332744,1.0,1
1.0,0.2,0.588296,0.254118,1.0,0.699691,0.333333,0.166667,1.0,0.666667,1
0.75,0.2,0.929934,0.787451,0.888889,0.356922,1.0,0.0,1.0,0.666667,0
1.0,1.0,0.517322,0.66549,0.555556,0.234944,0.333333,0.166667,0.517322,1.0,0
0.916667,0.8,1.0,1.0,0.666667,0.302235,0.5,0.083333,1.0,1.0,1
0.727273,0.6,0.284834,0.362509,0.833333,0.164041,1.0,0.0,0.474723,1.0,0
1.0,1.0,0.62549,0.163819,0.333333,0.797143,0.2,0.363636,0.62549,1.0,0
0.636364,0.4,0.543885,0.395975,0.333333,0.286761,0.25,0.272727,1.0,1.0,0
0.636364,1.0,0.789037,0.718933,0.166667,0.229134,0.5,0.090909,0.789037,1.0,0
0.545455,0.8,0.813586,1.0,0.166667,0.169857,0.5,0.090909,1.0,0.833333,1
0.818182,0.6,0.846654,0.052422,1.0,1.0,1.0,0.0,1.0,0.833333,1
1.0,0.6,1.0,0.599111,0.0,0.348477,0.111111,0.727273,1.0,1.0,1
1.0,0.4,0.581572,0.536718,1.0,0.139076,0.2,0.333333,1.0,1.0,1
0.666667,0.8,0.578222,0.405392,0.333333,0.183068,0.333333,0.166667,0.722777,1.0,0
1.0,1.0,0.984149,0.263811,0.666667,0.478809,0.25,0.25,0.984149,1.0,1
0.833333,0.4,0.310954,0.244128,0.833333,0.163482,0.25,0.25,0.777384,1.0,0
0.75,1.0,1.0,1.0,0.166667,0.128349,0.25,0.25,1.0,1.0,1
0.666667,0.6,0.300515,0.189381,0.333333,0.203668,0.25,0.25,0.500859,1.0,0
0.666667,1.0,0.611598,0.188554,0.5,0.416316,1.0,0.0,0.611598,1.0,0
0.909091,0.5,0.5694,0.061106,0.5,1.0,0.166667,0.454545,1.0,1.0,1
1.0,1.0,1.0,1.0,0.166667,0.128211,0.142857,0.545455,1.0,1.0,1
0.818182,0.25,0.906439,0.179509,1.0,0.647406,0.333333,0.181818,1.0,1.0,1
1.0,0.25,0.494001,0.419983,0.833333,0.150806,0.166667,0.454545,1.0,1.0,1
1.0,1.0,0.798612,0.995694,0.0,0.159994,0.25,0.5,0.798612,1.0,1
0.833333,0.666667,1.0,1.0,0.0,0.199477,0.25,0.5,1.0,1.0,1
0.333333,0.333333,0.290362,0.380191,0.333333,0.152346,1.0,0.0,0.871087,0.666667,1
1.0,1.0,0.785968,0.835128,1.0,0.187735,1.0,0.0,0.785968,0.666667,0
0.666667,0.4,0.22769,0.227911,0.625,0.159928,0.5,0.083333,0.569225,0.857143,0
0.5,1.0,1.0,0.860446,0.0,0.186046,0.5,0.083333,1.0,0.857143,1
0.916667,1.0,0.830187,0.980347,0.625,0.135563,0.5,0.083333,0.830187,1.0,1
0.666667,0.4,0.082431,0.040297,0.625,0.327459,0.5,0.083333,0.206077,0.857143,0
0.75,0.4,0.317652,0.336746,0.5,0.151005,0.25,0.25,0.79413,1.0,0
1.0,0.2,0.765191,0.912469,1.0,0.134244,0.25,0.25,1.0,0.571429,1
0.833333,0.4,0.983803,0.569777,0.625,0.276406,0.25,0.25,1.0,1.0,1
1.0,1.0,0.78696,1.0,0.5,0.125979,0.25,0.25,0.78696,1.0,0
0.9,1.0,0.862771,0.365861,0.571429,0.342932,1.0,0.0,0.862771,1.0,0
0.7,1.0,0.639597,0.583443,0.285714,0.159417,1.0,0.0,0.639597,0.75,1
0.9,0.8,0.566751,0.218462,0.285714,0.377264,0.25,0.3,0.708438,1.0,0
0.9,1.0,0.999295,0.907985,0.571429,0.160045,1.0,0.0,0.999295,1.0,0
1.0,0.6,1.0,1.0,1.0,0.145421,1.0,0.0,1.0,0.75,1
1.0,1.0,1.0,0.929055,0.8,0.290906,0.25,0.25,1.0,1.0,1
0.833333,1.0,0.884681,1.0,0.2,0.239101,0.2,0.333333,0.884681,1.0,0
0.75,0.8,0.113215,0.059301,0.8,0.515982,0.5,0.083333,0.141519,1.0,0
0.666667,0.6,0.875063,0.875982,1.0,0.269985,1.0,0.0,1.0,1.0,1
0.833333,1.0,0.599138,0.303276,0.0,0.533929,0.166667,0.416667,0.599138,1.0,1
1.0,0.6,0.497512,0.065771,0.375,1.0,0.166667,0.454545,0.829187,0.833333,0
0.909091,0.6,0.630724,0.070784,0.0,1.0,0.125,0.636364,1.0,1.0,1
1.0,0.2,0.772261,0.41147,1.0,0.370663,0.333333,0.181818,1.0,0.5,1
0.454545,0.4,1.0,0.67696,0.25,0.291736,0.5,0.090909,1.0,0.833333,1
0.909091,1.0,0.936034,1.0,0.125,0.184861,0.2,0.363636,0.936034,1.0,1
0.272727,0.4,0.208244,0.047323,0.125,0.869068,1.0,0.0,0.520611,0.666667,0
0.727273,0.6,0.510306,0.098857,0.25,1.0,0.25,0.272727,0.850509,0.833333,0
1.0,1.0,0.567074,0.178436,0.666667,0.430565,0.25,0.3,0.567074,1.0,0
0.6,0.8,0.757068,0.530895,0.333333,0.193201,0.5,0.1,0.946335,1.0,0
0.8,1.0,1.0,1.0,0.333333,0.135482,0.333333,0.2,1.0,1.0,1
0.7,0.6,0.068994,0.06116,1.0,0.152835,0.5,0.1,0.114989,1.0,0
1.0,1.0,0.961838,0.634142,0.0,0.205493,0.166667,0.5,0.961838,1.0,1
0.9,0.8,0.111926,0.08512,0.333333,0.178148,0.2,0.4,0.139907,1.0,0
1.0,0.4,0.661401,0.492014,0.833333,0.286925,0.25,0.3,1.0,1.0,1
1.0,0.4,0.418832,0.076309,1.0,1.0,0.333333,0.2,1.0,1.0,1
1.0,0.6,0.177718,0.056344,0.5,0.673228,0.2,0.4,0.296196,1.0,1
0.7,0.6,1.0,1.0,0.0,0.213443,0.2,0.4,1.0,1.0,1
1.0,1.0,0.198711,0.216504,0.666667,0.195902,0.5,0.1,0.198711,1.0,0
0.666667,0.8,0.777085,0.675049,0.333333,0.162427,0.333333,0.166667,0.971356,1.0,1
0.333333,0.2,1.0,1.0,0.333333,0.141099,0.5,0.083333,1.0,0.714286,1
1.0,0.8,0.767664,0.718699,1.0,0.150712,0.333333,0.166667,0.95958,0.857143,1
0.666667,0.2,0.415913,0.03898,0.333333,1.0,0.166667,0.416667,1.0,1.0,1
0.666667,0.4,0.090516,0.060176,0.166667,0.212239,0.166667,0.416667,0.226289,1.0,0
0.583333,0.2,0.544494,0.259206,0.166667,0.296396,0.166667,0.416667,1.0,1.0,1
0.583333,0.6,0.159134,0.105982,0.166667,0.211864,0.25,0.25,0.265224,1.0,0
0.833333,1.0,0.30592,0.184121,0.833333,0.234439,1.0,0.0,0.30592,0.857143,0
1.0,1.0,0.556258,0.566758,0.25,0.224659,0.125,0.583333,0.556258,1.0,1
0.916667,0.333333,1.0,1.0,1.0,0.228899,0.333333,0.166667,1.0,0.666667,1
0.833333,1.0,0.166594,0.132269,0.25,0.288302,0.166667,0.416667,0.166594,1.0,1
0.25,0.666667,0.946468,0.531819,0.125,0.407367,1.0,0.0,1.0,0.666667,1
1.0,0.6,0.693858,0.201689,0.75,0.630282,0.333333,0.181818,1.0,1.0,0
1.0,0.4,1.0,0.554006,0.5,0.330698,0.166667,0.454545,1.0,1.0,1
0.909091,0.6,0.141494,0.171249,0.625,0.151376,0.333333,0.181818,0.235824,1.0,0
0.727273,1.0,0.867831,1.0,0.0,0.158995,0.25,0.272727,0.867831,0.833333,1
0.727273,0.6,0.243756,0.067361,0.5,0.662974,0.5,0.090909,0.40626,0.833333,0
0.909091,0.2,0.198628,0.103299,1.0,0.352281,0.5,0.090909,0.99314,0.666667,0
0.909091,1.0,0.988423,0.526119,0.5,0.344196,0.5,0.090909,0.988423,1.0,1
0.636364,1.0,0.143029,0.033053,0.25,0.634911,1.0,0.0,0.143029,0.857143,0
0.454545,0.8,0.418955,0.231175,0.0,0.265905,0.5,0.090909,0.523694,0.571429,0
1.0,0.8,0.66249,0.163309,0.25,0.59521,0.166667,0.454545,0.828113,1.0,1
1.0,0.4,1.0,1.0,0.125,0.146724,0.111111,0.727273,1.0,1.0,1
0.909091,0.8,0.510797,0.228437,0.625,0.328082,0.5,0.090909,0.638496,0.857143,0
1.0,0.2,0.96321,0.792685,1.0,0.178288,0.333333,0.181818,1.0,0.714286,1
0.909091,0.4,0.614236,0.448074,0.75,0.201135,0.333333,0.181818,1.0,0.857143,1
0.818182,0.2,0.454545,0.022101,0.125,1.0,0.125,0.636364,1.0,1.0,1
0.666667,0.8,0.215838,0.081455,0.333333,0.395354,0.5,0.083333,0.269797,0.833333,0
1.0,0.8,0.679056,0.279414,0.111111,0.362603,0.125,0.583333,0.84882,1.0,1
0.5,0.6,0.687438,0.076518,0.333333,1.0,1.0,0.0,1.0,0.666667,0
1.0,0.8,1.0,0.66365,0.555556,0.22482,0.25,0.25,1.0,1.0,1
1.0,1.0,0.490901,0.418463,0.555556,0.175029,0.333333,0.166667,0.490901,1.0,0
0.833333,0.2,0.69218,0.524766,1.0,0.196802,1.0,0.0,1.0,0.666667,1
1.0,0.2,0.861807,1.0,0.777778,0.128583,0.2,0.333333,1.0,0.833333,1
1.0,0.333333,0.329669,0.231691,0.75,0.323847,0.166667,0.416667,0.989007,1.0,1
0.833333,1.0,0.673079,1.0,0.125,0.153193,0.142857,0.5,0.673079,1.0,1
0.833333,0.666667,1.0,0.266875,1.0,0.852832,1.0,0.0,1.0,0.666667,1
0.583333,0.333333,0.854117,0.457649,0.5,0.424772,0.333333,0.166667,1.0,0.666667,1
0.5,1.0,1.0,1.0,0.0,0.137954,0.5,0.083333,1.0,0.666667,1
0.833333,0.4,0.933635,0.18339,1.0,0.702318,1.0,0.0,1.0,0.333333,1
0.666667,1.0,0.375796,0.276927,0.0,0.187206,0.25,0.25,0.375796,0.666667,0
1.0,1.0,0.528457,0.407313,0.0,0.178984,0.125,0.583333,0.528457,1.0,0
0.833333,0.8,1.0,0.657639,0.625,0.257147,0.5,0.083333,1.0,1.0,1
0.583333,0.8,0.315294,0.100372,0.25,0.531217,0.5,0.083333,0.394117,0.8,0
0.583333,0.8,0.421438,0.047973,0.375,1.0,1.0,0.0,0.526798,0.8,0
0.5,0.2,0.256045,0.098602,0.625,0.439138,1.0,0.0,1.0,0.8,0
1.0,1.0,0.794619,1.0,0.25,0.134378,0.166667,0.416667,0.794619,1.0,1
1.0,0.4,0.810426,0.145867,1.0,0.939563,0.333333,0.166667,1.0,0.4,1
0.916667,0.6,0.254865,0.302426,0.555556,0.242693,0.25,0.25,0.424774,1.0,0
1.0,1.0,0.318455,0.285962,0.0,0.320707,0.125,0.583333,0.318455,1.0,0
0.916667,0.6,0.785256,0.820335,0.666667,0.275669,0.333333,0.166667,1.0,1.0,1
1.0,0.2,0.587763,1.0,0.777778,0.169266,0.2,0.333333,1.0,1.0,1
0.666667,0.6,0.467904,0.182842,0.111111,0.736967,0.2,0.333333,0.77984,0.857143,1
1.0,0.4,1.0,0.94974,0.222222,0.303224,0.111111,0.666667,1.0,1.0,1
0.833333,0.6,0.140923,0.150491,0.111111,0.269674,0.142857,0.5,0.234871,1.0,0
1.0,0.2,0.233601,0.383593,1.0,0.175377,0.333333,0.166667,1.0,0.857143,1
0.583333,0.8,0.156568,0.165512,0.0,0.213436,0.25,0.25,0.19571,1.0,0
0.25,0.2,0.41703,0.62304,0.0,0.151024,0.333333,0.166667,1.0,0.75,1
1.0,1.0,1.0,0.199781,1.0,1.0,0.333333,0.166667,1.0,0.75,1
0.916667,1.0,0.80126,1.0,0.2,0.180787,0.166667,0.416667,0.80126,1.0,1
1.0,0.8,0.752626,0.05432,0.4,1.0,0.142857,0.5,0.940782,1.0,0
0.5,0.2,0.070183,0.0574,0.375,0.184022,0.333333,0.166667,0.350914,0.833333,0
0.5,0.6,0.383799,0.44339,0.25,0.130278,0.5,0.083333,0.639665,0.833333,1
0.75,0.8,1.0,1.0,0.25,0.150506,0.25,0.25,1.0,1.0,1
0.583333,1.0,0.580794,0.256641,0.125,0.340604,0.5,0.083333,0.580794,0.833333,0
1.0,0.4,0.737865,0.707306,0.25,0.157009,0.111111,0.666667,1.0,1.0,1
0.916667,0.4,0.307312,0.267078,1.0,0.173179,0.5,0.083333,0.768281,0.333333,0
0.5,0.2,0.604644,0.420462,0.5,0.216435,0.5,0.083333,1.0,0.833333,1
1.0,0.8,0.448159,0.60496,0.5,0.179941,0.2,0.363636,0.560198,1.0,1
0.636364,1.0,0.68336,0.868615,0.333333,0.191094,1.0,0.0,0.68336,1.0,0
0.727273,0.4,0.498481,0.313847,1.0,0.385795,1.0,0.0,1.0,0.8,1
0.727273,1.0,1.0,0.868911,0.0,0.279545,0.25,0.272727,1.0,1.0,1
0.727273,0.6,0.089462,0.059049,0.5,0.368,0.333333,0.181818,0.149103,1.0,0
0.363636,0.2,0.935092,1.0,0.0,0.227133,0.25,0.272727,1.0,0.8,1
0.5,0.333333,0.874333,0.856417,0.666667,0.153981,1.0,0.0,1.0,0.666667,1
1.0,1.0,0.515164,0.336722,1.0,0.230755,0.5,0.1,0.515164,0.333333,1
0.9,1.0,1.0,1.0,0.666667,0.150826,0.333333,0.2,1.0,1.0,1
0.6,1.0,0.898203,0.413596,0.5,0.327547,1.0,0.0,0.898203,0.666667,0
0.75,1.0,0.636672,0.518087,0.5,0.241479,1.0,0.0,0.636672,0.857143,0
0.666667,0.4,1.0,0.474536,0.5,0.414092,0.333333,0.166667,1.0,0.714286,1
0.25,0.6,0.595374,0.458115,0.0,0.255377,1.0,0.0,0.992289,0.142857,1
1.0,0.6,0.145452,0.142551,0.625,0.200501,0.2,0.333333,0.242421,0.857143,0
0.916667,0.2,0.176335,0.0495,1.0,0.7,0.333333,0.166667,0.881676,0.571429,0
1.0,0.6,0.921037,1.0,0.5,0.180985,0.166667,0.416667,1.0,0.857143,1
0.666667,0.6,0.260022,0.081628,0.0,0.625948,0.166667,0.416667,0.43337,0.857143,0
0.833333,0.8,0.472569,0.078296,0.75,1.0,1.0,0.0,0.590711,0.857143,1
0.1,0.25,0.929277,1.0,0.0,0.130508,1.0,0.0,1.0,0.0,1
0.7,1.0,1.0,0.653146,0.4,0.215021,0.5,0.1,1.0,0.75,1
1.0,0.75,0.676129,0.351361,1.0,0.270252,0.333333,0.2,0.901506,0.75,1
1.0,0.5,0.967169,0.257237,0.4,0.528032,0.142857,0.6,1.0,0.75,1
0.9,1.0,0.276722,0.229156,1.0,0.169592,1.0,0.0,0.276722,0.75,0
1.0,1.0,1.0,1.0,0.833333,0.182641,0.333333,0.166667,1.0,1.0,1
1.0,0.4,0.391618,0.401758,1.0,0.178031,0.2,0.333333,0.979046,1.0,1
0.666667,0.2,0.351514,0.22267,1.0,0.288322,0.5,0.083333,1.0,1.0,0
0.833333,1.0,0.121115,0.030947,0.333333,0.714793,0.25,0.25,0.121115,1.0,0
0.166667,0.2,0.189812,0.250632,0.142857,0.159076,1.0,0.0,0.949062,0.0,1
1.0,0.6,0.278953,0.433024,1.0,0.135311,0.333333,0.166667,0.464922,0.857143,1
0.75,0.6,0.687356,0.535805,0.428571,0.269458,0.25,0.25,1.0,0.857143,1
0.666667,0.8,0.080317,0.042334,0.571429,0.398507,1.0,0.0,0.100396,0.857143,0
0.833333,0.6,0.479896,0.722199,1.0,0.139574,1.0,0.0,0.799826,0.857143,1
0.833333,0.8,0.451619,0.741575,0.285714,0.127918,0.2,0.333333,0.564524,0.857143,0
1.0,1.0,0.224606,0.096883,0.714286,0.486957,0.333333,0.166667,0.224606,0.857143,0
0.833333,0.2,1.0,1.0,0.857143,0.210046,0.25,0.25,1.0,0.857143,1
0.916667,0.75,1.0,0.395807,0.875,0.516602,0.5,0.083333,1.0,1.0,1
0.833333,1.0,0.775041,1.0,0.25,0.158476,0.2,0.333333,0.775041,1.0,1
0.916667,1.0,0.255346,0.377653,0.0,0.138253,0.125,0.583333,0.255346,1.0,1
1.0,1.0,0.326998,0.130913,0.0,0.510742,0.111111,0.666667,0.326998,1.0,0
0.833333,0.5,0.739777,0.580926,1.0,0.260387,1.0,0.0,1.0,1.0,0
0.909091,0.25,1.0,1.0,0.777778,0.128791,0.333333,0.181818,1.0,0.571429,1
0.818182,0.25,0.349171,0.316532,0.666667,0.142071,0.333333,0.181818,1.0,0.428571,1
1.0,1.0,0.241102,0.077992,0.444444,0.398138,0.25,0.272727,0.241102,0.714286,0
0.363636,0.5,0.383153,0.2458,0.222222,0.200759,1.0,0.0,0.766307,0.285714,0
0.272727,0.5,0.232888,0.103505,0.111111,0.28978,1.0,0.0,0.465775,0.285714,1
0.454545,0.75,0.80335,0.741133,0.111111,0.139603,0.5,0.090909,1.0,0.428571,1
0.818182,0.75,0.837655,0.578718,0.555556,0.186416,0.5,0.090909,1.0,0.428571,1
1.0,0.25,0.648897,0.043559,1.0,1.0,0.5,0.090909,1.0,0.285714,1
0.25,0.25,0.632514,0.457191,0.142857,0.338698,0.5,0.083333,1.0,0.6,1
1.0,0.25,0.654235,1.0,1.0,0.160167,0.2,0.333333,1.0,0.2,1
0.666667,0.5,0.989754,0.557525,0.285714,0.434613,0.2,0.333333,1.0,1.0,1
0.5,1.0,1.0,0.424415,0.0,0.576832,0.333333,0.166667,1.0,0.8,1
0.583333,0.25,0.403825,0.101003,0.571429,0.978808,0.333333,0.166667,1.0,0.6,0
0.416667,0.5,0.737978,0.708027,0.0,0.255172,0.25,0.25,1.0,0.8,1
0.818182,0.333333,0.535518,0.049275,0.285714,1.0,0.142857,0.545455,1.0,1.0,1
0.636364,1.0,0.628499,0.166791,0.571429,0.498105,1.0,0.0,0.628499,0.75,1
0.818182,0.666667,0.531298,0.199702,0.285714,0.351676,0.166667,0.454545,0.796948,1.0,1
1.0,0.333333,0.691377,0.313871,0.142857,0.291173,0.1,0.818182,1.0,1.0,1
0.818182,0.333333,1.0,1.0,1.0,0.132187,0.5,0.090909,1.0,0.75,1
1.0,0.8,1.0,0.739768,0.666667,0.343841,0.5,0.090909,1.0,1.0,1
1.0,0.2,0.913024,0.939382,1.0,0.247226,0.5,0.090909,1.0,0.333333,1
0.818182,1.0,0.688221,1.0,0.333333,0.175058,0.5,0.090909,0.688221,0.666667,0
0.727273,0.4,0.363236,0.428958,0.666667,0.215392,1.0,0.0,0.90809,0.666667,0
0.909091,0.8,1.0,0.453518,0.714286,0.375281,0.5,0.090909,1.0,1.0,0
0.545455,1.0,0.798651,0.493256,0.142857,0.275573,1.0,0.0,0.798651,0.666667,1
0.909091,0.2,0.111492,0.044295,0.571429,0.428395,0.166667,0.454545,0.55746,1.0,1
1.0,0.8,0.841491,0.079475,0.714286,1.0,0.333333,0.181818,1.0,1.0,0
1.0,0.6,0.276213,0.285272,1.0,0.164792,0.5,0.090909,0.460355,0.666667,0
1.0,0.8,0.769733,1.0,0.857143,0.131006,0.5,0.090909,0.962167,0.833333,1
0.636364,0.6,0.278998,0.336311,0.428571,0.141192,0.5,0.090909,0.464996,0.833333,0
0.5,0.8,0.949934,0.861853,0.222222,0.220944,1.0,0.0,1.0,0.857143,0
0.583333,0.4,0.236403,0.341757,0.0,0.138662,0.166667,0.416667,0.591007,0.857143,1
0.916667,0.2,0.109737,0.084477,0.0,0.260399,0.090909,0.833333,0.548685,1.0,1
0.916667,0.8,0.329812,0.232972,0.555556,0.283781,0.333333,0.166667,0.412264,1.0,0
0.833333,0.6,0.708128,1.0,0.222222,0.141949,0.166667,0.416667,1.0,1.0,1
0.833333,0.2,0.841398,0.044284,1.0,1.0,1.0,0.0,1.0,0.571429,1
1.0,1.0,0.881618,0.181949,0.555556,0.971296,0.333333,0.166667,0.881618,1.0,0
0.5,0.6,1.0,0.767268,0.333333,0.261261,1.0,0.0,1.0,0.857143,1
0.727273,0.2,0.318779,0.219788,0.142857,0.231618,0.142857,0.545455,1.0,1.0,0
1.0,0.6,0.459655,0.325795,1.0,0.225307,0.5,0.090909,0.766091,1.0,0
0.818182,0.4,0.568078,0.608245,0.0,0.149148,0.125,0.636364,1.0,1.0,1
1.0,1.0,1.0,1.0,0.714286,0.159694,0.5,0.090909,1.0,1.0,1
1.0,1.0,0.379112,0.133804,0.142857,0.452465,0.166667,0.454545,0.379112,1.0,1
0.583333,0.2,0.495946,0.089844,0.571429,0.8222,0.333333,0.166667,1.0,0.666667,1
0.833333,0.6,0.892752,0.932113,1.0,0.142658,1.0,0.0,1.0,0.666667,1
0.75,1.0,0.852334,1.0,0.428571,0.126953,0.5,0.083333,0.852334,1.0,0
0.666667,0.6,0.859337,0.640988,0.142857,0.199686,0.2,0.333333,1.0,1.0,1
0.916667,0.8,0.152948,0.133943,0.857143,0.170082,0.5,0.083333,0.191186,0.833333,0
0.5,0.4,0.482064,0.534675,0.0,0.134292,0.2,0.333333,1.0,0.5,1
1.0,0.6,1.0,0.052699,1.0,1.0,0.333333,0.166667,1.0,0.666667,1
0.833333,1.0,0.107884,0.057513,0.714286,0.262565,1.0,0.0,0.107884,0.75,0
0.916667,0.6,0.92944,0.974104,0.714286,0.133555,0.25,0.25,1.0,0.75,1
1.0,1.0,0.414973,0.192864,0.571429,0.301171,0.25,0.25,0.414973,0.75,0
0.333333,0.2,0.928364,1.0,0.428571,0.129946,1.0,0.0,1.0,0.0,1
1.0,0.4,1.0,0.255044,1.0,0.548819,0.25,0.25,1.0,0.75,1
0.666667,0.6,0.224026,0.179134,0.8,0.188557,0.5,0.083333,0.373377,0.833333,0
1.0,0.8,0.327719,0.241395,0.8,0.204689,0.2,0.333333,0.409649,0.833333,0
0.916667,1.0,0.873377,1.0,1.0,0.131681,0.5,0.083333,0.873377,0.833333,1
0.916667,1.0,1.0,0.566162,1.0,0.266306,0.5,0.083333,1.0,0.833333,0
0.916667,0.8,0.66112,0.627199,0.4,0.158927,0.166667,0.416667,0.8264,1.0,1
0.25,0.2,0.685369,0.660548,0.4,0.156438,1.0,0.0,1.0,0.333333,1
0.833333,0.2,0.940138,0.326296,0.0,0.434412,0.1,0.75,1.0,1.0,1
1.0,0.8,0.401422,0.362441,1.0,0.165442,0.25,0.25,0.501777,1.0,1
0.583333,0.6,0.196818,0.018543,0.4,1.0,0.333333,0.166667,0.328029,1.0,1
0.75,1.0,1.0,0.46679,0.4,0.320007,0.333333,0.166667,1.0,1.0,0
0.666667,0.8,0.944476,1.0,0.4,0.141082,0.333333,0.166667,1.0,1.0,1
0.666667,0.8,1.0,0.120189,0.6,1.0,0.5,0.083333,1.0,1.0,0
0.833333,0.6,0.632233,0.148548,1.0,0.809545,0.333333,0.166667,1.0,1.0,0
0.833333,1.0,0.979056,1.0,0.8,0.186226,0.5,0.083333,0.979056,1.0,1
1.0,0.8,0.455449,0.531398,0.2,0.163024,0.125,0.583333,0.569311,1.0,1
1.0,0.8,0.365756,0.469278,0.8,0.148249,0.2,0.333333,0.457194,1.0,0
0.916667,0.6,0.639333,0.802836,0.0,0.151472,0.111111,0.666667,1.0,1.0,1
0.5,0.8,0.547154,0.532073,0.2,0.195601,0.5,0.083333,0.683943,1.0,0
0.909091,0.5,0.246317,0.286142,1.0,0.212407,0.5,0.090909,0.492633,0.666667,1
1.0,1.0,0.368521,0.208298,0.25,0.43655,0.125,0.636364,0.368521,1.0,1
0.909091,0.5,0.652453,0.843456,0.875,0.190872,0.333333,0.181818,1.0,1.0,1
0.727273,0.5,1.0,1.0,0.375,0.246749,0.2,0.363636,1.0,0.666667,1
1.0,0.8,0.664777,1.0,0.666667,0.130603,0.333333,0.166667,0.830972,1.0,1
0.916667,0.6,1.0,0.764764,0.111111,0.25689,0.125,0.583333,1.0,1.0,1
0.916667,0.2,0.953441,0.896997,1.0,0.208823,0.5,0.083333,1.0,0.5,1
0.75,0.8,0.059008,0.056274,0.333333,0.206007,0.333333,0.166667,0.07376,0.833333,0
0.833333,1.0,0.427429,0.279777,0.444444,0.300142,0.5,0.083333,0.427429,1.0,0
0.666667,0.2,0.090182,0.121495,0.333333,0.145827,0.2,0.333333,0.450911,0.833333,1
0.75,0.2,0.318826,0.348976,0.222222,0.179487,0.142857,0.5,1.0,0.833333,1
0.833333,0.8,0.825481,0.521294,1.0,0.23119,1.0,0.0,1.0,0.857143,0
1.0,1.0,0.80844,0.927411,0.5,0.127268,0.2,0.333333,0.80844,1.0,1
0.666667,1.0,0.378709,0.271184,0.5,0.203886,1.0,0.0,0.378709,1.0,0
0.666667,0.4,0.95018,0.806673,0.0,0.17197,0.142857,0.5,1.0,1.0,1
0.583333,0.4,0.805834,0.53066,0.5,0.221704,0.333333,0.166667,1.0,1.0,0
0.5,1.0,1.0,0.504171,0.0,0.289579,0.5,0.083333,1.0,0.857143,0
0.916667,1.0,0.666099,0.251427,0.0,0.386787,0.142857,0.5,0.666099,1.0,0
0.666667,1.0,0.932939,1.0,0.5,0.136207,1.0,0.0,0.932939,1.0,1
0.5,0.4,0.249734,0.168658,0.25,0.210135,0.333333,0.166667,0.624334,0.714286,0
0.833333,0.8,0.998508,1.0,0.625,0.141703,0.5,0.083333,1.0,0.714286,1
0.666667,1.0,0.308889,0.279685,0.0,0.156733,0.25,0.25,0.308889,0.714286,0
0.75,0.2,0.99936,0.33051,1.0,0.429108,1.0,0.0,1.0,0.428571,1
0.916667,0.4,1.0,0.219483,1.0,0.646589,0.5,0.083333,1.0,0.428571,1
1.0,0.4,0.660946,0.228558,0.5,0.41039,0.142857,0.5,1.0,0.857143,0
0.416667,0.4,0.37945,0.174709,0.375,0.308225,1.0,0.0,0.948625,0.571429,1
0.333333,0.4,0.112556,0.10664,0.125,0.149787,0.5,0.083333,0.28139,0.428571,1
0.333333,0.25,1.0,1.0,0.0,0.225964,0.25,0.25,1.0,0.5,1
1.0,0.25,0.894133,0.99611,1.0,0.202831,0.25,0.25,1.0,0.75,1
0.833333,1.0,0.237269,0.409724,0.25,0.130854,0.2,0.333333,0.237269,1.0,1
0.833333,0.5,0.135849,0.179254,0.75,0.171248,0.333333,0.166667,0.271697,0.75,1
0.833333,0.5,0.285325,0.266451,0.0,0.241971,0.111111,0.666667,0.57065,1.0,1
0.090909,0.25,0.743823,0.543225,0.0,0.290355,1.0,0.0,1.0,0.0,1
0.454545,0.5,0.480346,0.647297,0.125,0.157358,0.333333,0.181818,0.960692,0.428571,1
0.818182,0.75,0.203392,0.194094,0.375,0.222209,0.25,0.272727,0.271189,0.857143,0
0.909091,1.0,0.598158,0.41629,0.5,0.304691,0.333333,0.181818,0.598158,0.857143,1
1.0,0.5,1.0,1.0,1.0,0.21205,0.5,0.090909,1.0,0.714286,1
1.0,0.25,0.998765,0.752084,0.875,0.281602,0.25,0.272727,1.0,0.714286,1
0.818182,0.5,0.33221,0.03739,0.625,1.0,0.333333,0.181818,0.66442,0.714286,0
0.818182,0.25,0.930481,0.342462,0.125,0.576147,0.125,0.636364,1.0,0.857143,1
0.545455,1.0,0.332,0.348737,0.111111,0.143579,1.0,0.0,0.332,0.714286,0
0.909091,0.2,0.628409,0.395426,1.0,0.239679,1.0,0.0,1.0,0.142857,1
0.727273,1.0,1.0,0.215658,0.0,0.699337,0.25,0.272727,1.0,0.714286,1
0.727273,0.4,0.265452,0.146578,0.111111,0.273131,0.166667,0.454545,0.663631,0.714286,0
1.0,0.2,0.680636,0.177386,0.888889,0.578693,0.333333,0.181818,1.0,0.285714,1
0.545455,0.4,0.86143,1.0,0.333333,0.129919,0.5,0.090909,1.0,0.571429,1
0.272727,0.4,0.354322,0.233286,0.0,0.229067,0.5,0.090909,0.885806,0.428571,0
0.818182,0.4,0.335053,0.16484,0.555556,0.306551,0.333333,0.181818,0.837633,0.714286,1
0.833333,1.0,1.0,0.581323,0.5,0.939787,0.333333,0.166667,1.0,1.0,1
0.916667,0.6,0.73885,1.0,0.166667,0.403649,0.125,0.583333,1.0,1.0,1
0.833333,0.4,0.217342,0.207174,0.833333,0.573134,0.25,0.25,0.543355,1.0,0
1.0,0.2,0.35103,0.886209,0.833333,0.216399,0.142857,0.5,1.0,1.0,1
0.833333,0.6,0.102898,0.108844,1.0,0.516477,0.5,0.083333,0.171496,1.0,0
0.833333,0.6,0.339031,0.930736,0.166667,0.199003,0.142857,0.5,0.565052,1.0,1
0.75,0.8,0.488726,0.212086,0.375,0.422335,0.333333,0.166667,0.610907,1.0,1
0.75,1.0,0.462029,0.526706,0.5,0.16077,1.0,0.0,0.462029,1.0,0
1.0,0.4,0.840672,0.372515,0.625,0.413605,0.166667,0.416667,1.0,1.0,1
0.916667,1.0,0.876622,0.054581,0.125,1.0,0.166667,0.416667,0.876622,1.0,1
0.916667,0.2,1.0,1.0,1.0,0.183275,0.333333,0.166667,1.0,0.833333,1
0.833333,1.0,0.312912,0.048343,0.5,1.0,0.5,0.083333,0.312912,1.0,0
0.666667,0.2,0.187939,0.264327,0.875,0.13031,1.0,0.0,0.939694,0.833333,0
0.75,1.0,0.448438,0.366045,0.0,0.56193,0.166667,0.416667,0.448438,1.0,1
0.666667,1.0,1.0,1.0,0.333333,0.458685,0.333333,0.166667,1.0,1.0,1
1.0,0.75,0.190415,0.182041,0.0,0.479784,0.1,0.75,0.253887,1.0,0
1.0,0.75,0.496042,0.63788,0.166667,0.356692,0.111111,0.666667,0.661389,1.0,1
0.666667,0.25,0.433676,0.09421,1.0,1.0,0.5,0.083333,1.0,1.0,1
1.0,0.666667,1.0,1.0,0.5,0.393199,0.125,0.636364,1.0,1.0,1
0.636364,1.0,0.848954,0.472123,1.0,0.707035,1.0,0.0,0.848954,1.0,1
0.818182,0.333333,0.153761,0.092922,0.0,0.650638,0.111111,0.727273,0.461283,1.0,1
0.727273,0.666667,0.192377,0.041123,0.25,1.0,0.166667,0.454545,0.288566,1.0,1
0.916667,0.2,0.436169,0.275452,1.0,0.28234,0.5,0.083333,1.0,0.571429,0
0.75,1.0,0.951307,1.0,0.222222,0.169622,0.333333,0.166667,0.951307,0.857143,1
0.666667,0.4,1.0,0.742816,0.444444,0.240039,0.333333,0.166667,1.0,0.857143,1
0.666667,1.0,0.255554,0.324918,0.333333,0.14024,1.0,0.0,0.255554,0.857143,0
1.0,0.8,0.56832,0.397373,0.555556,0.25501,0.25,0.25,0.710401,1.0,0
0.833333,0.2,0.620813,0.456076,0.666667,0.242709,0.25,0.25,1.0,1.0,1
1.0,0.4,0.654771,0.711617,0.777778,0.164061,0.25,0.25,1.0,1.0,1
0.916667,0.2,0.609992,0.812397,0.666667,0.133881,0.2,0.333333,1.0,1.0,1
0.75,0.5,0.967117,0.773956,0.0,0.209143,0.125,0.583333,1.0,1.0,1
0.75,1.0,0.518644,0.222604,0.428571,0.389956,0.333333,0.166667,0.518644,1.0,1
0.916667,0.5,0.879037,0.789681,0.0,0.18631,0.1,0.75,1.0,1.0,1
0.666667,1.0,1.0,1.0,0.142857,0.167371,0.25,0.25,1.0,1.0,1
1.0,0.75,0.458602,0.3,1.0,0.255856,0.333333,0.166667,0.61147,1.0,0
0.666667,1.0,0.367397,0.229491,0.0,0.222687,0.25,0.25,0.367397,0.833333,1
0.666667,0.4,0.174957,0.119198,0.222222,0.204167,0.2,0.333333,0.437392,0.833333,0
0.333333,0.2,0.152918,0.155335,0.222222,0.136935,0.5,0.083333,0.76459,0.833333,0
0.5,0.2,0.884388,0.454872,0.0,0.270444,0.166667,0.416667,1.0,0.833333,1
0.916667,1.0,1.0,1.0,0.111111,0.139099,0.166667,0.416667,1.0,1.0,1
0.583333,1.0,0.240458,0.092995,0.222222,0.359669,1.0,0.0,0.240458,0.833333,0
1.0,0.2,0.412091,0.256037,1.0,0.22388,0.333333,0.166667,1.0,0.166667,1
1.0,0.2,0.773801,0.362267,0.8,0.314203,0.125,0.583333,1.0,1.0,1
0.916667,0.6,0.591808,0.594929,0.0,0.146327,0.111111,0.666667,0.986346,1.0,1
0.583333,0.4,0.467606,0.039523,1.0,1.0,1.0,0.0,1.0,1.0,0
0.833333,1.0,1.0,1.0,0.6,0.147099,0.333333,0.166667,1.0,1.0,1
0.833333,1.0,0.434553,0.04519,1.0,1.0,1.0,0.0,0.434553,1.0,0
0.583333,1.0,1.0,1.0,0.285714,0.276099,1.0,0.0,1.0,0.833333,1
0.833333,0.6,0.306383,0.16482,0.714286,0.513238,0.333333,0.166667,0.510638,1.0,0
1.0,0.6,0.727416,0.179926,0.714286,1.0,0.2,0.333333,1.0,1.0,1
1.0,0.4,0.381155,0.743538,0.428571,0.141535,0.125,0.583333,0.952888,1.0,0
0.833333,0.6,0.672705,0.288352,1.0,0.644121,1.0,0.0,1.0,0.833333,1
0.75,0.8,0.663951,0.474656,0.285714,0.386209,0.25,0.25,0.829939,1.0,0
0.916667,1.0,0.281216,0.119839,0.428571,0.647899,0.25,0.25,0.281216,1.0,0
0.818182,0.6,0.57388,0.291777,0.333333,0.390152,0.2,0.363636,0.956467,1.0,1
1.0,1.0,0.624136,0.173077,0.166667,0.715326,0.166667,0.454545,0.624136,1.0,0
0.818182,1.0,0.126811,0.022325,0.5,1.0,0.5,0.090909,0.126811,1.0,0
0.818182,0.4,0.2807,0.177498,0.5,0.313699,0.2,0.363636,0.701749,1.0,0
0.818182,0.6,1.0,1.0,0.333333,0.198364,0.2,0.363636,1.0,1.0,1
1.0,0.6,0.805884,0.760831,0.333333,0.21011,0.142857,0.545455,1.0,1.0,1
1.0,0.6,0.502229,0.214412,1.0,0.464639,0.333333,0.181818,0.837048,1.0,0
0.727273,1.0,0.265545,0.062997,0.5,0.83614,1.0,0.0,0.265545,1.0,0
0.666667,1.0,0.476233,0.330137,0.0,0.220925,0.25,0.25,0.476233,0.833333,0
0.75,0.8,0.820342,0.107436,0.375,1.0,0.333333,0.166667,1.0,1.0,0
0.833333,0.6,0.661257,0.802348,0.875,0.12622,1.0,0.0,1.0,1.0,0
0.916667,0.2,0.446333,0.462035,1.0,0.147946,0.333333,0.166667,1.0,0.833333,1
0.833333,0.2,0.292103,0.279648,0.875,0.159972,0.333333,0.166667,1.0,1.0,1
1.0,0.6,0.807948,0.561252,0.75,0.220467,0.25,0.25,1.0,1.0,1
0.75,1.0,1.0,1.0,0.375,0.153151,0.5,0.083333,1.0,1.0,1
0.727273,0.2,0.881379,1.0,1.0,0.178811,0.5,0.090909,1.0,1.0,1
0.909091,0.4,0.541455,0.822974,0.333333,0.133478,0.142857,0.545455,1.0,1.0,1
0.818182,1.0,0.965946,0.188576,0.666667,1.0,1.0,0.0,0.965946,1.0,0
1.0,0.8,0.137046,0.122638,1.0,0.226712,0.5,0.090909,0.171307,1.0,0
0.909091,1.0,1.0,0.168417,0.666667,1.0,0.5,0.090909,1.0,1.0,0
1.0,0.8,0.15723,0.174717,0.833333,0.182572,0.333333,0.181818,0.196538,1.0,1
0.636364,0.4,0.557494,0.61186,1.0,0.241079,0.333333,0.181818,1.0,1.0,0
0.909091,0.4,0.858143,1.0,0.666667,0.227055,0.142857,0.545455,1.0,1.0,1
0.363636,0.8,0.210365,0.318396,0.0,0.174815,1.0,0.0,0.262957,1.0,0
1.0,1.0,1.0,0.548518,0.0,0.482371,0.142857,0.545455,1.0,1.0,1
0.363636,0.8,0.505921,0.827493,0.0,0.161767,1.0,0.0,0.632402,1.0,1
0.909091,1.0,0.302432,0.594003,0.333333,0.134714,0.2,0.363636,0.302432,1.0,0
1.0,0.2,0.26,0.243773,0.428571,0.139684,0.111111,0.666667,1.0,1.0,1
0.916667,1.0,0.259387,0.101719,0.714286,0.333965,0.5,0.083333,0.259387,0.857143,0
0.416667,0.2,0.256933,0.240881,0.142857,0.139693,0.25,0.25,1.0,0.571429,1
0.916667,0.6,1.0,1.0,0.714286,0.130966,0.25,0.25,1.0,0.857143,1
0.75,0.4,0.871166,0.438695,1.0,0.260073,1.0,0.0,1.0,0.714286,1
0.666667,0.8,0.982086,0.751567,0.0,0.171135,0.2,0.333333,1.0,1.0,1
0.583333,1.0,0.30454,0.158444,0.142857,0.251724,0.5,0.083333,0.30454,0.857143,0
0.916667,0.4,0.485521,0.364133,0.0,0.174625,0.1,0.75,1.0,1.0,1
0.666667,0.2,1.0,0.033697,0.777778,1.0,1.0,0.0,1.0,0.714286,1
0.833333,0.6,0.734663,0.561747,0.555556,0.212299,0.333333,0.166667,1.0,1.0,1
0.833333,0.6,0.845413,0.250377,0.777778,0.54812,1.0,0.0,1.0,0.857143,0
0.583333,0.4,0.066914,0.075678,0.111111,0.143532,0.2,0.333333,0.167285,0.571429,1
1.0,1.0,0.720631,0.279932,0.222222,0.417888,0.166667,0.416667,0.720631,1.0,0
0.833333,0.8,0.893425,0.340173,0.0,0.426342,0.142857,0.5,1.0,1.0,1
1.0,0.2,0.872318,1.0,1.0,0.141604,0.333333,0.166667,1.0,0.714286,1
0.916667,0.8,0.426534,0.052711,0.555556,1.0,0.333333,0.166667,0.533167,1.0,0
0.833333,0.2,1.0,0.256017,0.333333,1.0,0.125,0.583333,1.0,1.0,1
0.916667,0.8,0.114841,0.201798,0.666667,0.147969,0.25,0.25,0.143551,1.0,0
0.916667,1.0,0.358661,0.178789,0.333333,0.521598,0.2,0.333333,0.358661,1.0,0
0.583333,0.6,0.08107,0.057128,0.166667,0.368981,0.25,0.25,0.135117,1.0,0
1.0,0.8,0.53728,0.244644,1.0,0.571027,0.333333,0.166667,0.6716,1.0,1
0.833333,1.0,0.715492,1.0,0.166667,0.186035,0.2,0.333333,0.715492,1.0,1
1.0,0.75,0.549689,0.494934,0.8,0.320551,0.166667,0.416667,0.732919,1.0,1
1.0,1.0,1.0,0.41855,0.2,0.689572,0.125,0.583333,1.0,1.0,1
0.5,1.0,0.484202,0.578332,0.0,0.241644,0.333333,0.166667,0.484202,1.0,1
0.583333,0.25,0.749122,1.0,1.0,0.216212,0.5,0.083333,1.0,1.0,1
0.916667,0.2,0.52997,0.504797,1.0,0.164548,0.333333,0.166667,1.0,0.666667,1
0.5,0.8,0.491874,0.02084,0.0,1.0,0.333333,0.166667,0.614843,0.666667,1
0.833333,0.2,1.0,1.0,0.375,0.156732,0.142857,0.5,1.0,1.0,1
0.75,1.0,0.907556,0.208402,0.125,0.68254,0.25,0.25,0.907556,1.0,1
0.75,0.2,0.476678,0.034899,0.125,1.0,0.125,0.583333,1.0,1.0,1
1.0,0.4,0.101098,0.086669,1.0,0.182824,0.333333,0.166667,0.252744,0.666667,0
0.5,0.8,0.20916,0.051935,0.125,0.63121,0.5,0.083333,0.26145,0.666667,0
0.75,1.0,0.385381,0.064643,0.6,0.908451,0.333333,0.166667,0.385381,1.0,0
0.916667,0.75,0.936467,0.303187,0.4,0.470671,0.142857,0.5,1.0,1.0,1
0.5,0.25,0.507867,0.410622,0.8,0.18847,0.5,0.083333,1.0,1.0,1
0.666667,0.5,0.847042,0.500152,0.4,0.25807,0.2,0.333333,1.0,1.0,1
1.0,1.0,1.0,1.0,1.0,0.152382,0.25,0.25,1.0,1.0,1
0.75,0.2,0.466101,0.50628,0.5,0.289949,0.166667,0.416667,1.0,1.0,1
0.666667,0.2,0.437775,0.209018,0.833333,0.65963,0.333333,0.166667,1.0,1.0,1
1.0,1.0,0.831271,0.665056,0.333333,0.393656,0.166667,0.416667,0.831271,1.0,1
1.0,0.2,0.772267,0.914976,0.333333,0.265822,0.1,0.75,1.0,1.0,1
0.916667,0.6,0.481133,1.0,1.0,0.15153,0.333333,0.166667,0.801888,0.833333,0
0.916667,1.0,0.573883,0.679227,0.666667,0.266098,0.333333,0.166667,0.573883,1.0,0
0.5,1.0,1.0,0.521095,0.0,0.604388,0.5,0.083333,1.0,0.833333,1
0.833333,0.25,0.831498,0.417867,1.0,0.303736,0.25,0.25,1.0,0.8,1
0.833333,0.5,1.0,0.26513,0.5,0.575725,0.166667,0.416667,1.0,1.0,1
1.0,0.75,0.903556,1.0,1.0,0.13792,0.25,0.25,1.0,0.8,1
0.666667,1.0,0.270138,0.207733,0.0,0.198497,0.2,0.333333,0.270138,1.0,1
0.416667,1.0,0.793738,0.325648,0.166667,0.37205,1.0,0.0,0.793738,0.6,0
0.916667,0.75,0.972467,0.476705,0.333333,0.311385,0.142857,0.5,1.0,1.0,1
0.9,0.75,1.0,0.303702,0.666667,0.588508,0.333333,0.2,1.0,1.0,1
0.6,0.25,0.137555,0.116082,0.0,0.211794,0.166667,0.5,0.550221,0.75,1
0.7,0.25,0.790592,1.0,0.166667,0.141304,0.166667,0.5,1.0,1.0,1
1.0,1.0,0.372208,0.34246,1.0,0.194257,1.0,0.0,0.372208,0.75,1
0.8,0.75,0.185457,0.209217,0.833333,0.158433,1.0,0.0,0.247276,1.0,0
1.0,0.4,0.217917,0.577401,1.0,0.200881,0.333333,0.2,0.544794,0.75,1
0.9,0.2,0.121962,0.436723,1.0,0.148642,0.333333,0.2,0.609808,0.75,1
0.6,0.2,0.507271,0.60452,0.833333,0.446636,1.0,0.0,1.0,0.5,1
1.0,0.6,1.0,1.0,0.0,0.53226,0.125,0.7,1.0,1.0,1
0.9,1.0,0.220146,0.445763,0.333333,0.262864,0.333333,0.2,0.220146,1.0,0
0.416667,0.4,0.845853,1.0,0.6,0.153937,1.0,0.0,1.0,0.857143,1
0.416667,0.6,0.523838,0.696136,0.4,0.136947,1.0,0.0,0.873064,0.857143,0
0.333333,0.2,0.165565,0.078746,0.0,0.382639,0.25,0.25,0.827825,0.714286,1
0.583333,0.2,0.380108,0.432556,0.0,0.159924,0.142857,0.5,1.0,1.0,1
0.416667,0.2,0.358774,0.320817,0.6,0.203523,0.5,0.083333,1.0,0.857143,1
0.666667,1.0,0.658153,0.735873,0.6,0.162769,1.0,0.0,0.658153,1.0,0
0.75,0.6,0.516426,0.046117,0.8,1.0,0.333333,0.166667,0.86071,0.857143,1
1.0,0.6,1.0,0.905942,1.0,0.200885,0.2,0.333333,1.0,0.428571,1
0.833333,0.75,0.546135,0.037181,0.125,1.0,0.142857,0.5,0.72818,1.0,0
0.916667,0.75,1.0,0.600951,0.625,0.322014,0.25,0.25,1.0,1.0,1
0.833333,1.0,0.544348,0.582361,0.25,0.180883,0.2,0.333333,0.544348,1.0,1
0.666667,0.5,0.696269,0.77821,0.25,0.173139,0.2,0.333333,1.0,0.75,1
1.0,0.5,0.976765,1.0,1.0,0.189019,0.333333,0.166667,1.0,0.75,1
0.583333,0.4,0.862797,0.751237,0.625,0.177916,1.0,0.0,1.0,0.857143,1
0.916667,0.2,0.288435,0.251767,0.5,0.177474,0.142857,0.5,1.0,1.0,1
0.833333,0.2,0.986428,1.0,0.5,0.152809,0.166667,0.416667,1.0,1.0,1
1.0,1.0,0.487682,0.111484,0.625,0.677655,0.333333,0.166667,0.487682,1.0,0
0.833333,0.2,0.575958,0.269258,0.75,0.331365,0.25,0.25,1.0,0.857143,0
0.833333,0.6,0.829037,0.417668,0.125,0.307487,0.142857,0.5,1.0,1.0,1
0.5,0.4,0.83052,0.921555,0.25,0.139609,0.333333,0.166667,1.0,0.714286,1
0.833333,0.4,1.0,0.840989,1.0,0.184202,1.0,0.0,1.0,0.714286,1
0.8,0.2,0.784306,0.813289,0.0,0.2605,0.125,0.7,1.0,0.8,1
0.6,0.8,0.207664,0.134816,0.125,0.41609,0.5,0.1,0.25958,0.8,0
1.0,0.8,1.0,1.0,0.125,0.270126,0.166667,0.5,1.0,1.0,1
0.9,0.8,0.545131,0.338001,0.25,0.435662,0.25,0.3,0.681414,1.0,1
0.9,1.0,0.396524,0.619714,0.375,0.17284,0.5,0.1,0.396524,1.0,0
0.9,0.2,0.191502,0.028281,1.0,1.0,1.0,0.0,0.957512,0.6,1
0.75,1.0,1.0,1.0,0.125,0.151401,0.2,0.333333,1.0,1.0,1
0.833333,1.0,0.694357,0.516234,0.75,0.203641,1.0,0.0,0.694357,1.0,0
0.833333,0.5,0.670429,0.743848,1.0,0.136458,1.0,0.0,1.0,1.0,1
1.0,0.75,0.799436,0.870813,0.75,0.138991,0.25,0.25,1.0,1.0,1
1.0,1.0,0.679661,1.0,1.0,0.125957,0.333333,0.166667,0.679661,1.0,1
0.5,0.4,0.406374,0.369835,0.6,0.203633,0.5,0.083333,1.0,1.0,0
0.916667,0.6,0.686089,0.972877,0.2,0.130693,0.125,0.583333,1.0,1.0,1
0.75,0.8,1.0,0.067427,0.4,1.0,0.25,0.25,1.0,1.0,1
0.75,0.4,0.273013,0.109252,0.2,0.463109,0.142857,0.5,0.682533,1.0,0
0.909091,1.0,0.217578,0.292456,0.5,0.172727,0.5,0.090909,0.217578,1.0,1
1.0,0.4,1.0,0.684945,0.625,0.338962,0.2,0.363636,1.0,1.0,1
0.818182,0.2,0.165617,0.159854,1.0,0.240541,1.0,0.0,0.828085,1.0,0
1.0,0.8,0.102491,0.153539,0.75,0.154978,0.5,0.090909,0.128113,1.0,0
0.909091,1.0,0.893644,1.0,0.0,0.207478,0.166667,0.454545,0.893644,1.0,1
0.75,0.6,0.715668,1.0,0.4,0.191839,0.2,0.333333,1.0,1.0,1
1.0,0.8,0.191475,0.273973,0.6,0.18734,0.166667,0.416667,0.239344,1.0,0
0.833333,1.0,0.288681,0.471583,1.0,0.164091,1.0,0.0,0.288681,1.0,0
0.583333,1.0,1.0,0.510055,0.4,0.525543,1.0,0.0,1.0,1.0,1
0.583333,0.8,0.387953,0.670067,0.2,0.155198,0.333333,0.166667,0.484941,1.0,0
1.0,0.4,0.423102,0.480385,1.0,0.158807,0.25,0.272727,1.0,0.5,1
0.909091,1.0,0.412649,0.527692,0.833333,0.140999,1.0,0.0,0.412649,0.75,0
0.545455,0.2,0.876067,0.998462,0.666667,0.158205,0.5,0.090909,1.0,0.5,1
0.909091,1.0,1.0,0.614808,0.5,0.293275,0.333333,0.181818,1.0,0.75,1
0.272727,0.2,0.715657,1.0,0.166667,0.129038,0.5,0.090909,1.0,0.0,1
0.545455,0.75,0.629842,0.505079,0.285714,0.157052,0.5,0.090909,0.839789,0.571429,1
1.0,1.0,0.659344,0.016974,0.714286,1.0,0.333333,0.181818,0.659344,1.0,0
0.818182,0.5,0.901836,0.260225,0.142857,0.436466,0.142857,0.545455,1.0,1.0,1
0.818182,0.5,1.0,1.0,1.0,0.125942,1.0,0.0,1.0,0.714286,1
0.909091,0.5,0.651385,0.250067,0.714286,0.32806,0.25,0.272727,1.0,1.0,1
0.909091,0.75,0.73363,0.371959,0.857143,0.248401,0.5,0.090909,0.978174,0.714286,0
0.909091,0.25,0.364321,0.044908,0.857143,1.0,0.25,0.272727,1.0,0.714286,1
0.545455,0.75,0.390109,0.331863,0.428571,0.148047,1.0,0.0,0.520146,0.571429,0
0.916667,1.0,0.165059,0.08863,0.333333,0.267929,0.142857,0.5,0.165059,1.0,1
0.25,1.0,0.408525,0.269024,0.0,0.218469,1.0,0.0,0.408525,0.666667,1
0.666667,0.333333,1.0,0.954342,0.0,0.15075,0.125,0.583333,1.0,1.0,1
1.0,1.0,0.989732,1.0,1.0,0.14239,0.25,0.25,0.989732,0.666667,1
0.727273,0.8,1.0,1.0,0.0,0.135222,0.2,0.363636,1.0,1.0,1
0.727273,0.8,0.821251,0.755501,0.666667,0.14699,1.0,0.0,1.0,1.0,0
0.909091,1.0,0.238737,0.076355,0.833333,0.422796,1.0,0.0,0.238737,0.857143,0
0.545455,0.6,0.617608,0.521182,0.333333,0.160239,0.5,0.090909,1.0,0.714286,0
1.0,0.6,0.237887,0.019212,0.5,1.0,0.166667,0.454545,0.396478,1.0,0
1.0,0.8,0.905282,0.748604,1.0,0.163523,0.5,0.090909,1.0,0.714286,1
0.454545,0.4,0.492653,0.399507,0.166667,0.166749,0.333333,0.181818,1.0,0.571429,1
0.909091,0.4,0.705161,0.506568,1.0,0.188233,0.333333,0.181818,1.0,0.714286,1
0.916667,0.8,0.654585,0.203496,0.4,0.556081,0.166667,0.416667,0.818231,1.0,0
0.833333,0.8,1.0,0.839521,0.8,0.20592,0.333333,0.166667,1.0,1.0,1
0.833333,1.0,0.483581,0.646238,1.0,0.129362,1.0,0.0,0.483581,1.0,0
1.0,1.0,0.956028,1.0,0.2,0.165272,0.142857,0.5,0.956028,1.0,1
1.0,1.0,0.559274,0.978069,0.333333,0.172781,0.25,0.272727,0.559274,1.0,1
0.636364,1.0,0.589415,0.136765,0.111111,1.0,0.5,0.090909,0.589415,0.666667,0
0.636364,0.4,1.0,1.0,0.222222,0.302163,0.25,0.272727,1.0,0.666667,1
1.0,0.2,0.392742,0.910448,1.0,0.130345,0.5,0.090909,1.0,0.333333,1
0.666667,0.8,0.510374,0.128826,0.5,0.537611,1.0,0.0,0.637967,0.857143,0
1.0,0.2,0.14608,0.049108,0.75,0.403667,0.166667,0.416667,0.730398,0.857143,1
0.5,1.0,0.995778,0.62367,0.0,0.216667,0.5,0.083333,0.995778,0.714286,1
0.583333,0.4,0.407961,0.290882,0.375,0.190321,0.333333,0.166667,1.0,0.857143,0
1.0,1.0,0.226538,0.116222,0.625,0.264507,0.333333,0.166667,0.226538,1.0,0
0.833333,1.0,0.139204,0.084793,0.5,0.22278,0.5,0.083333,0.139204,1.0,0
0.833333,0.4,0.845718,0.0275,1.0,1.0,1.0,0.0,1.0,0.571429,1
0.916667,0.6,1.0,1.0,0.0,0.135701,0.111111,0.666667,1.0,1.0,1
1.0,0.6,0.350831,0.216157,1.0,0.271415,0.5,0.090909,0.584718,0.8,1
1.0,1.0,0.688389,0.889022,0.714286,0.129487,0.5,0.090909,0.688389,1.0,0
0.909091,1.0,0.948463,0.506899,0.142857,0.312899,0.2,0.363636,0.948463,1.0,1
0.636364,0.8,1.0,1.0,0.0,0.167227,0.25,0.272727,1.0,0.8,1
0.818182,1.0,0.954083,0.408918,0.571429,0.390171,1.0,0.0,0.954083,1.0,0
1.0,1.0,0.371278,0.44831,0.714286,0.138492,0.5,0.090909,0.371278,1.0,0
0.7,0.6,1.0,1.0,0.333333,0.167633,0.333333,0.2,1.0,1.0,1
1.0,1.0,0.47616,0.318452,0.666667,0.25065,0.5,0.1,0.47616,1.0,0
1.0,0.2,0.636061,0.228623,0.5,0.466378,0.142857,0.6,1.0,1.0,1
0.8,0.4,0.389068,0.20288,1.0,0.321473,1.0,0.0,0.97267,1.0,1
0.7,0.4,0.858892,0.586679,0.833333,0.245413,1.0,0.0,1.0,1.0,1
0.833333,1.0,0.137211,0.167427,0.833333,0.132353,0.5,0.083333,0.137211,0.6,0
1.0,1.0,1.0,1.0,1.0,0.161499,0.333333,0.166667,1.0,0.6,1
1.0,1.0,0.114286,0.059821,1.0,0.308537,0.333333,0.166667,0.114286,0.6,0
0.333333,0.5,0.083004,0.058545,0.333333,0.228972,1.0,0.0,0.166008,0.2,0
0.416667,0.75,0.793676,0.656575,0.333333,0.195222,1.0,0.0,1.0,0.4,1
1.0,0.25,0.690457,0.061827,0.666667,1.0,0.125,0.583333,1.0,0.8,1
1.0,0.6,0.699534,0.753752,1.0,0.18211,0.142857,0.5,1.0,1.0,1
0.583333,1.0,0.904625,0.664634,0.333333,0.267078,0.5,0.083333,0.904625,1.0,1
0.75,0.8,0.349588,0.094747,0.333333,0.72401,0.2,0.333333,0.436985,1.0,0
0.833333,0.4,1.0,1.0,1.0,0.196224,0.166667,0.416667,1.0,1.0,1
0.727273,0.8,1.0,0.110317,0.666667,1.0,1.0,0.0,1.0,0.75,1
0.636364,0.6,0.11396,0.035115,0.5,0.920354,0.5,0.090909,0.189934,0.75,0
0.909091,0.6,0.755205,0.335301,1.0,0.63874,0.5,0.090909,1.0,0.75,1
1.0,1.0,0.741398,1.0,0.833333,0.210255,0.5,0.090909,0.741398,0.75,0
0.272727,0.4,0.055665,0.105966,0.0,0.148974,0.5,0.090909,0.139163,0.0,1
1.0,1.0,0.945978,0.086004,1.0,1.0,0.25,0.25,0.945978,1.0,0
0.666667,0.5,1.0,0.669953,1.0,0.241415,0.5,0.083333,1.0,1.0,1
0.75,1.0,0.340051,0.085456,0.2,0.64359,0.2,0.333333,0.340051,1.0,0
0.916667,0.25,0.879424,0.0682,0.6,1.0,0.125,0.583333,1.0,1.0,1
0.583333,0.5,0.850296,0.03862,1.0,1.0,1.0,0.0,1.0,1.0,0
1.0,1.0,0.795089,1.0,1.0,0.128595,0.25,0.25,0.795089,1.0,1
0.833333,1.0,0.676037,0.421254,0.4,0.259558,0.2,0.333333,0.676037,1.0,1
0.583333,0.75,0.236918,0.20378,0.6,0.188038,0.5,0.083333,0.31589,1.0,0
1.0,0.4,0.315571,0.391185,0.5,0.198099,0.125,0.583333,0.788928,0.75,1
0.916667,0.4,0.215504,0.278788,1.0,0.189822,0.25,0.25,0.538759,0.75,0
1.0,1.0,1.0,0.755647,0.0,0.324973,0.125,0.583333,1.0,1.0,1
0.25,0.4,0.736482,0.739669,0.166667,0.244507,1.0,0.0,1.0,0.25,1
0.75,0.6,0.766098,1.0,0.666667,0.188127,0.333333,0.166667,1.0,0.75,1
0.75,0.75,1.0,0.653678,0.714286,0.198099,0.5,0.083333,1.0,1.0,1
1.0,0.5,0.977104,1.0,1.0,0.126528,0.25,0.25,1.0,0.8,1
0.75,1.0,0.16485,0.106734,0.571429,0.2,0.5,0.083333,0.16485,1.0,0
0.666667,0.25,0.886939,0.369335,0.285714,0.310971,0.166667,0.416667,1.0,1.0,1
0.916667,0.75,0.291648,0.246929,0.857143,0.152945,0.333333,0.166667,0.388865,1.0,0
0.583333,0.75,0.65809,0.538755,0.571429,0.158176,1.0,0.0,0.877453,0.8,1
0.6,0.25,1.0,1.0,0.375,0.174086,0.333333,0.2,1.0,0.333333,1
1.0,0.25,0.117696,0.162751,1.0,0.125893,0.5,0.1,0.470785,0.0,1
0.8,0.25,0.451169,0.202955,0.875,0.386993,1.0,0.0,1.0,0.0,1
0.7,1.0,0.674875,0.450472,0.375,0.260806,1.0,0.0,0.674875,0.333333,1
0.916667,0.6,0.68315,0.668122,0.857143,0.167494,0.333333,0.166667,1.0,0.8,1
0.833333,0.6,0.107961,0.067388,0.571429,0.262435,0.25,0.25,0.179935,1.0,0
0.5,1.0,0.326335,0.398568,0.142857,0.134122,1.0,0.0,0.326335,0.6,0
0.583333,0.2,0.306938,0.019204,0.428571,1.0,0.25,0.25,1.0,0.8,1
0.916667,0.6,1.0,1.0,1.0,0.163809,0.5,0.083333,1.0,0.6,1
1.0,0.6,0.614942,0.219099,0.142857,0.459761,0.111111,0.666667,1.0,1.0,1
0.916667,0.6,1.0,0.281658,1.0,0.674959,0.5,0.083333,1.0,0.666667,1
0.583333,0.8,0.265358,0.041447,0.0,1.0,0.25,0.25,0.331697,0.666667,0
1.0,1.0,0.891111,0.18136,0.714286,0.934091,0.333333,0.166667,0.891111,1.0,0
0.833333,0.6,0.89099,0.707809,1.0,0.239308,1.0,0.0,1.0,0.666667,0
0.583333,0.4,0.409179,0.064117,0.571429,1.0,0.5,0.083333,1.0,0.666667,0
1.0,0.6,0.221874,0.199679,0.285714,0.211239,0.125,0.583333,0.36979,1.0,1
0.916667,0.8,0.98675,1.0,0.714286,0.187589,0.333333,0.166667,1.0,1.0,1
1.0,0.8,0.700761,0.764929,0.8,0.216698,0.333333,0.2,0.875952,0.833333,1
0.6,1.0,0.695151,0.258057,0.0,0.63719,0.5,0.1,0.695151,1.0,0
0.5,0.8,1.0,0.967773,0.0,0.244417,0.5,0.1,1.0,0.833333,1
0.7,0.6,0.635444,1.0,0.8,0.150308,1.0,0.0,1.0,0.833333,1
0.7,0.4,0.320176,0.402607,1.0,0.188111,1.0,0.0,0.800441,0.666667,0
0.3,0.2,0.621519,0.798341,0.4,0.18415,1.0,0.0,1.0,0.5,0
0.9,0.6,0.276297,0.030806,0.4,1.0,0.2,0.4,0.460496,1.0,0
0.545455,0.2,0.187735,1.0,0.444444,0.255865,0.5,0.090909,0.938677,0.333333,1
1.0,0.2,0.21872,0.370968,1.0,0.803557,0.5,0.090909,1.0,0.666667,1
1.0,1.0,1.0,0.168622,0.0,1.0,0.142857,0.545455,1.0,1.0,1
0.909091,0.4,0.105325,0.583578,0.777778,0.24598,0.5,0.090909,0.263314,0.666667,1
0.75,1.0,0.882072,0.772177,0.428571,0.21754,0.25,0.25,0.882072,1.0,1
0.666667,0.333333,0.640991,0.114453,0.428571,1.0,0.2,0.333333,1.0,1.0,1
1.0,0.333333,0.576005,0.382951,0.285714,0.286441,0.1,0.75,1.0,1.0,1
0.75,0.333333,1.0,1.0,1.0,0.190437,0.5,0.083333,1.0,1.0,1
0.833333,0.333333,0.453874,0.164864,0.714286,0.524278,0.2,0.333333,1.0,1.0,1
0.666667,0.333333,0.914224,0.799437,0.714286,0.217781,0.333333,0.166667,1.0,1.0,1
1.0,1.0,0.808675,0.291308,0.5,0.596233,0.2,0.333333,0.808675,0.8,1
0.166667,0.25,0.092958,0.094019,0.125,0.212357,1.0,0.0,0.371832,0.0,1
1.0,0.25,0.565361,0.655981,1.0,0.18511,0.25,0.25,1.0,0.6,1
0.833333,0.25,0.243814,0.396299,0.375,0.132139,0.142857,0.5,0.975258,0.8,1
0.833333,0.25,0.79405,0.142427,0.375,1.0,0.142857,0.5,1.0,0.8,1
0.583333,0.5,1.0,1.0,0.25,0.214781,0.25,0.25,1.0,0.6,1
0.727273,0.8,0.607037,0.513103,0.125,0.201498,0.25,0.272727,0.758796,0.833333,0
0.909091,1.0,0.904811,0.791055,0.375,0.19481,0.333333,0.181818,0.904811,1.0,1
0.636364,1.0,0.836906,1.0,0.0,0.14254,0.333333,0.181818,0.836906,0.833333,1
1.0,0.2,1.0,0.254018,1.0,0.670495,0.333333,0.181818,1.0,0.666667,1
1.0,0.6,0.867474,0.359015,0.625,0.411533,0.25,0.272727,1.0,1.0,0
0.818182,1.0,0.775362,0.185884,0.5,0.710432,1.0,0.0,0.775362,1.0,0
0.909091,1.0,0.224638,0.214186,0.625,0.17863,1.0,0.0,0.224638,1.0,0
0.5,0.4,0.900762,0.627349,0.571429,0.234727,1.0,0.0,1.0,0.666667,1
0.75,0.8,0.212701,0.058233,0.285714,0.597125,0.25,0.25,0.265876,1.0,0
1.0,0.6,0.953682,0.394233,0.857143,0.39547,0.25,0.25,1.0,0.833333,1
0.583333,0.2,0.987823,0.62586,0.571429,0.258026,0.333333,0.166667,1.0,0.833333,1
0.833333,0.6,1.0,1.0,1.0,0.163479,1.0,0.0,1.0,0.666667,1
0.75,0.2,0.533629,0.031442,0.714286,1.0,0.25,0.25,1.0,1.0,0
0.916667,1.0,0.64971,0.241488,0.714286,0.439831,0.5,0.083333,0.64971,1.0,0
0.666667,0.25,0.801979,0.744468,0.625,0.14386,0.333333,0.166667,1.0,0.75,1
1.0,0.25,0.268093,0.050553,1.0,0.708207,0.25,0.25,1.0,0.5,1
0.75,0.75,1.0,1.0,0.375,0.133543,0.25,0.25,1.0,1.0,1
0.5,1.0,0.063054,0.034573,0.25,0.243556,1.0,0.0,0.063054,0.5,1
1.0,0.5,0.24278,0.109865,0.75,0.295105,0.2,0.333333,0.48556,0.75,1
0.416667,0.6,0.671547,0.111142,0.5,0.777975,1.0,0.0,1.0,1.0,0
0.833333,0.2,0.112434,0.062465,0.75,0.231757,0.142857,0.5,0.562172,1.0,1
1.0,1.0,0.764969,0.384496,0.75,0.256165,0.2,0.333333,0.764969,1.0,0
1.0,0.4,0.710664,0.462296,0.75,0.197931,0.125,0.583333,1.0,1.0,1
1.0,0.4,0.992898,0.799662,1.0,0.15987,0.142857,0.5,1.0,0.857143,1
0.333333,0.4,0.323645,0.308526,0.5,0.135066,1.0,0.0,0.809113,0.714286,0
0.666667,0.4,0.441543,0.07991,1.0,0.711444,0.333333,0.166667,1.0,0.857143,1
0.75,1.0,1.0,1.0,0.25,0.128756,0.25,0.25,1.0,1.0,1
0.916667,0.8,0.519612,0.325247,0.5,0.656511,0.25,0.25,0.649515,1.0,1
0.916667,0.4,0.587452,1.0,0.625,0.241406,0.2,0.333333,1.0,1.0,1
1.0,1.0,0.053432,0.108553,0.5,0.202273,0.25,0.25,0.053432,1.0,0
0.916667,0.6,0.193016,0.477796,0.625,0.166007,0.25,0.25,0.321693,1.0,0
0.666667,0.8,0.453372,0.421875,0.0,0.441618,0.2,0.333333,0.566715,0.666667,1
0.75,0.2,0.348109,0.416118,1.0,0.343775,1.0,0.0,1.0,0.833333,1
1.0,0.4,1.0,0.9375,1.0,0.438333,0.333333,0.166667,1.0,0.833333,1
0.916667,0.2,1.0,0.173244,1.0,1.0,0.333333,0.166667,1.0,0.75,1
0.833333,1.0,0.446813,0.081743,0.25,1.0,0.25,0.25,0.446813,1.0,1
1.0,0.2,0.289807,0.425629,1.0,0.13296,0.25,0.25,1.0,0.75,1
0.916667,0.2,0.48712,0.441023,0.875,0.215683,0.25,0.25,1.0,1.0,1
0.666667,0.4,0.870642,1.0,0.75,0.170013,1.0,0.0,1.0,0.5,1
0.818182,0.5,0.36348,0.247577,1.0,0.224021,1.0,0.0,0.72696,0.75,0
1.0,0.5,1.0,1.0,0.142857,0.152587,0.111111,0.727273,1.0,1.0,1
0.636364,1.0,0.878338,0.091999,0.142857,1.0,0.333333,0.181818,0.878338,0.5,1
0.909091,0.75,0.966301,0.515853,0.571429,0.285828,0.25,0.272727,1.0,1.0,1
1.0,0.25,0.325151,0.360112,1.0,0.137774,0.25,0.272727,1.0,0.75,1
0.916667,0.2,0.590562,0.075333,0.428571,1.0,0.125,0.583333,1.0,1.0,1
0.75,1.0,0.62259,0.439208,0.285714,0.247347,0.333333,0.166667,0.62259,1.0,0
0.666667,0.8,0.783333,1.0,0.0,0.136685,0.2,0.333333,0.979167,1.0,1
0.5,0.6,0.274498,0.356517,0.285714,0.134349,0.5,0.083333,0.457497,0.714286,0
1.0,0.6,1.0,0.795025,1.0,0.21948,0.333333,0.166667,1.0,0.857143,1
0.666667,1.0,0.238855,0.114751,0.142857,0.363206,0.333333,0.166667,0.238855,1.0,0
0.833333,0.8,0.216365,0.199194,0.857143,0.189534,1.0,0.0,0.270457,0.857143,0
0.833333,0.6,0.680221,0.810266,0.714286,0.146486,0.333333,0.166667,1.0,1.0,1
1.0,0.2,0.290213,0.382276,0.5,0.135625,0.142857,0.545455,1.0,1.0,1
1.0,0.4,1.0,1.0,1.0,0.178649,0.5,0.090909,1.0,0.75,1
0.727273,0.2,0.210821,0.199609,0.125,0.188683,0.142857,0.545455,1.0,0.75,1
0.909091,1.0,0.812888,0.947003,0.5,0.153349,0.5,0.090909,0.812888,1.0,1
0.818182,0.2,0.127052,0.158992,0.375,0.14276,0.166667,0.454545,0.635258,1.0,1
0.583333,0.666667,0.279731,0.240677,0.5,0.347005,0.333333,0.166667,0.419597,1.0,1
1.0,0.333333,0.437179,0.920401,1.0,0.141811,0.166667,0.416667,1.0,1.0,1
0.666667,0.333333,1.0,0.704481,0.0,0.423799,0.125,0.583333,1.0,1.0,1
0.666667,1.0,0.664427,1.0,0.666667,0.19837,0.5,0.083333,0.664427,1.0,1
0.666667,0.666667,0.174137,0.057035,0.0,0.911538,0.142857,0.5,0.261205,1.0,1
0.916667,1.0,0.585893,0.235897,0.857143,0.628986,0.333333,0.166667,0.585893,1.0,0
1.0,1.0,1.0,1.0,1.0,0.253248,0.333333,0.166667,1.0,1.0,1
0.666667,1.0,0.543931,0.580912,0.714286,0.237126,1.0,0.0,0.543931,1.0,1
0.666667,0.333333,0.421307,0.619658,0.285714,0.172184,0.166667,0.416667,1.0,1.0,1
0.636364,0.6,0.246327,0.078748,0.428571,0.402876,0.5,0.090909,0.410546,0.857143,1
0.818182,1.0,0.53414,0.201999,0.428571,0.340567,0.5,0.090909,0.53414,1.0,0
1.0,0.6,0.496896,0.349101,0.714286,0.183321,0.25,0.272727,0.828161,1.0,0
0.727273,0.2,0.628285,0.464757,1.0,0.174111,1.0,0.0,1.0,0.857143,0
1.0,0.8,0.092075,0.094071,0.0,0.126062,0.125,0.636364,0.115094,1.0,0
1.0,1.0,0.994413,1.0,0.714286,0.128075,0.5,0.090909,0.994413,1.0,1
0.727273,0.8,1.0,0.366156,0.0,0.351747,0.2,0.363636,1.0,1.0,1
0.909091,0.8,0.071384,0.052232,0.285714,0.17602,0.2,0.363636,0.08923,1.0,0
1.0,1.0,0.079827,0.023389,0.166667,0.548855,0.166667,0.454545,0.079827,1.0,0
1.0,0.4,0.098923,0.091948,0.833333,0.17301,0.2,0.363636,0.247308,0.8,1
0.454545,0.6,1.0,1.0,0.166667,0.160811,0.5,0.090909,1.0,0.6,1
0.545455,0.4,0.076829,0.075165,0.666667,0.164371,1.0,0.0,0.192073,0.8,0
1.0,0.6,0.066171,0.032851,1.0,0.323913,0.333333,0.181818,0.110285,0.6,0
0.818182,1.0,0.739869,0.883592,0.666667,0.134653,1.0,0.0,0.739869,1.0,1
0.666667,0.2,0.16491,0.117699,0.333333,0.20583,0.166667,0.416667,0.824551,1.0,1
0.666667,0.4,1.0,1.0,0.666667,0.146904,0.333333,0.166667,1.0,1.0,1
0.833333,0.2,0.862994,0.437368,0.5,0.289863,0.142857,0.5,1.0,1.0,1
1.0,0.4,0.803473,0.459536,1.0,0.256853,0.2,0.333333,1.0,1.0,1
1.0,0.4,0.623713,0.529205,0.0,0.173138,0.090909,0.833333,1.0,1.0,1
0.916667,1.0,0.205749,0.222027,0.166667,0.136133,0.166667,0.416667,0.205749,1.0,0
0.833333,0.4,0.97988,0.131246,0.833333,1.0,0.25,0.25,1.0,1.0,1
0.75,0.8,0.571617,0.169775,0.833333,0.494611,1.0,0.0,0.714521,1.0,0
0.75,0.8,0.654172,0.394665,0.625,0.237313,1.0,0.0,0.817715,1.0,0
0.916667,0.4,0.639335,0.150295,1.0,0.609033,0.5,0.083333,1.0,0.714286,0
0.916667,0.8,0.818719,0.393388,0.5,0.29797,0.25,0.25,1.0,1.0,0
1.0,0.4,0.309795,0.150934,0.875,0.293862,0.25,0.25,0.774487,1.0,1
0.666667,0.4,0.567827,0.373103,0.75,0.217894,1.0,0.0,1.0,0.857143,0
0.666667,1.0,0.959616,1.0,0.375,0.13739,1.0,0.0,0.959616,0.857143,1
0.916667,0.6,1.0,0.284619,0.875,0.50303,0.5,0.083333,1.0,1.0,1
0.916667,0.4,0.246653,0.184475,0.875,0.191429,0.333333,0.166667,0.616633,1.0,0
0.916667,0.4,0.447745,0.340683,0.0,0.197443,0.1,0.75,1.0,1.0,1
1.0,0.8,0.725766,0.538585,0.222222,0.202443,0.142857,0.5,0.907208,1.0,1
0.833333,0.2,0.106995,0.079659,0.555556,0.201786,0.2,0.333333,0.534975,1.0,0
0.916667,0.8,0.929933,1.0,0.0,0.139705,0.125,0.583333,1.0,1.0,1
0.833333,0.2,0.917505,0.405405,1.0,0.34,1.0,0.0,1.0,1.0,1
0.833333,1.0,1.0,0.318457,0.444444,0.471748,0.5,0.083333,1.0,1.0,0
1.0,0.4,0.411055,0.211771,0.444444,0.291604,0.142857,0.5,1.0,1.0,1
1.0,0.8,0.227601,0.021693,0.222222,1.0,0.142857,0.5,0.284501,1.0,0
0.909091,0.2,1.0,0.402538,1.0,0.427624,1.0,0.0,1.0,0.75,1
0.909091,1.0,0.238142,0.315022,0.555556,0.130126,1.0,0.0,0.238142,1.0,0
1.0,1.0,0.88357,1.0,0.333333,0.152093,0.25,0.272727,0.88357,1.0,1
0.909091,0.2,0.481237,0.598598,1.0,0.138386,1.0,0.0,1.0,0.75,1
0.818182,0.2,0.637504,0.394961,0.222222,0.277842,0.142857,0.545455,1.0,0.5,1
0.666667,0.4,0.235944,0.341077,0.555556,0.140224,0.5,0.083333,0.589861,0.8,1
0.75,0.4,1.0,0.718229,0.777778,0.28223,1.0,0.0,1.0,0.8,1
1.0,0.6,0.171228,0.079803,0.222222,0.434932,0.125,0.583333,0.28538,1.0,1
0.916667,0.4,0.619253,0.599617,0.666667,0.209344,0.25,0.25,1.0,1.0,1
0.916667,0.2,0.858029,0.194862,1.0,0.892567,0.5,0.083333,1.0,0.6,1
1.0,1.0,0.956856,1.0,0.444444,0.19396,0.25,0.25,0.956856,1.0,0
0.833333,1.0,0.737416,0.756651,0.0,0.248742,0.166667,0.416667,0.737416,1.0,1
0.75,1.0,0.504678,0.782648,0.0,0.164581,0.2,0.333333,0.504678,1.0,0
1.0,1.0,0.91638,0.868803,0.571429,0.269207,0.25,0.25,0.91638,1.0,1
0.666667,0.2,1.0,1.0,1.0,0.25523,1.0,0.0,1.0,1.0,1
0.833333,0.4,0.646379,0.387915,1.0,0.246005,1.0,0.0,1.0,1.0,0
0.833333,1.0,0.692079,0.600814,0.5,0.170063,0.5,0.083333,0.692079,1.0,0
0.916667,0.6,0.952073,1.0,0.75,0.14056,0.333333,0.166667,1.0,1.0,1
0.75,1.0,0.633231,0.081872,0.375,1.0,0.5,0.083333,0.633231,1.0,0
1.0,0.6,0.860248,0.732311,0.875,0.173429,0.333333,0.166667,1.0,1.0,0
0.833333,0.8,1.0,0.91077,0.625,0.1621,0.5,0.083333,1.0,1.0,1
0.75,1.0,0.727919,0.265185,0.5,0.405254,1.0,0.0,0.727919,1.0,0
0.916667,1.0,0.837557,0.819818,0.5,0.150831,0.333333,0.166667,0.837557,1.0,0
0.833333,0.5,0.58466,0.3465,1.0,0.469787,0.333333,0.166667,1.0,1.0,1
1.0,1.0,0.063899,0.043674,0.666667,0.407353,0.2,0.333333,0.063899,1.0,0
0.75,1.0,0.626759,0.943802,0.833333,0.184893,1.0,0.0,0.626759,1.0,0
0.666667,1.0,1.0,1.0,0.666667,0.27842,1.0,0.0,1.0,1.0,1
0.583333,1.0,1.0,0.058812,0.333333,1.0,1.0,0.0,1.0,1.0,0
0.916667,0.8,0.184928,0.113354,0.833333,0.260103,0.333333,0.166667,0.23116,1.0,0
1.0,0.8,0.695276,0.274068,0.5,0.404462,0.166667,0.416667,0.869095,1.0,1
1.0,0.4,0.897979,1.0,1.0,0.143168,0.2,0.333333,1.0,0.8,1
0.75,0.2,0.723521,0.087927,0.5,1.0,0.166667,0.416667,1.0,1.0,1
0.5,0.2,0.433041,0.023486,0.666667,1.0,0.5,0.083333,1.0,0.8,1
0.833333,1.0,0.631556,0.126449,0.571429,0.70381,0.5,0.083333,0.631556,0.5,0
0.833333,0.6,0.989638,1.0,1.0,0.139455,1.0,0.0,1.0,0.5,1
0.333333,0.2,0.318769,0.273822,0.428571,0.164046,1.0,0.0,1.0,0.25,1
1.0,0.2,1.0,0.451152,0.571429,0.312346,0.125,0.583333,1.0,0.5,1
0.333333,0.8,0.712424,0.479904,0.0,0.209191,1.0,0.0,0.89053,0.25,1
1.0,0.5,0.482536,0.32023,0.6,0.255182,0.125,0.583333,0.965072,1.0,1
0.75,1.0,0.393409,0.423327,1.0,0.157381,1.0,0.0,0.393409,1.0,0
0.666667,1.0,0.914157,1.0,0.4,0.154812,0.333333,0.166667,0.914157,1.0,1
0.666667,0.25,1.0,0.308363,1.0,0.549188,0.333333,0.166667,1.0,1.0,1
0.666667,1.0,0.480975,0.24941,0.666667,0.390198,1.0,0.0,0.480975,1.0,0
0.5,1.0,0.428511,0.022089,0.333333,1.0,1.0,0.0,0.428511,0.6,0
0.583333,0.75,0.759512,1.0,0.666667,0.153678,1.0,0.0,1.0,1.0,1
1.0,0.5,1.0,0.140682,1.0,1.0,0.2,0.333333,1.0,0.8,1
0.666667,0.5,0.917223,0.608192,1.0,0.305148,1.0,0.0,1.0,0.8,1
1.0,0.75,0.154001,0.053185,0.666667,0.585887,0.166667,0.416667,0.205335,1.0,0
0.75,0.4,1.0,0.882777,0.666667,0.416914,0.25,0.25,1.0,1.0,1
1.0,1.0,0.660142,1.0,0.833333,0.24296,0.333333,0.166667,0.660142,1.0,1
0.583333,0.2,0.532918,0.111984,1.0,1.0,1.0,0.0,1.0,1.0,1
0.833333,0.8,0.642171,0.979044,1.0,0.241405,1.0,0.0,0.802714,1.0,0
1.0,0.75,0.214652,0.082277,0.8,0.344148,0.2,0.363636,0.286202,1.0,1
0.818182,0.25,0.118981,0.074844,1.0,0.209707,0.25,0.272727,0.475922,0.6,1
0.454545,1.0,0.704662,0.140564,0.2,0.661298,1.0,0.0,0.704662,0.6,1
0.454545,0.25,0.981557,0.563271,0.6,0.229874,0.5,0.090909,1.0,0.6,1
0.818182,0.5,1.0,1.0,1.0,0.131914,0.333333,0.181818,1.0,0.6,1
1.0,0.25,0.88627,0.222504,0.0,0.525437,0.090909,0.909091,1.0,1.0,1
1.0,0.25,0.57726,0.632957,1.0,0.173214,0.333333,0.166667,1.0,0.428571,1
0.75,0.5,1.0,0.776522,0.555556,0.244586,0.333333,0.166667,1.0,0.857143,1
0.75,0.75,0.906035,0.846718,0.444444,0.203232,0.333333,0.166667,1.0,0.857143,1
0.916667,0.75,0.707768,0.726155,0.777778,0.185117,0.5,0.083333,0.94369,0.857143,0
0.75,1.0,0.937356,0.436447,0.555556,0.407905,1.0,0.0,0.937356,0.857143,0
0.916667,0.75,0.660368,1.0,0.555556,0.125421,0.25,0.25,0.88049,1.0,1
0.833333,0.75,0.62393,0.34424,0.777778,0.34424,1.0,0.0,0.831906,0.857143,0
0.5,0.5,0.691794,0.475114,0.444444,0.276544,1.0,0.0,1.0,0.571429,0
0.818182,0.6,0.383953,0.273079,0.333333,0.207374,0.2,0.363636,0.639922,1.0,0
0.363636,0.2,1.0,1.0,0.5,0.147491,1.0,0.0,1.0,0.714286,1
0.636364,0.6,0.591157,0.248606,0.333333,0.350717,0.333333,0.181818,0.985262,1.0,0
0.636364,0.2,0.509872,0.22816,0.333333,0.329599,0.2,0.363636,1.0,1.0,1
1.0,0.8,0.296366,0.144517,1.0,0.302465,0.5,0.090909,0.370458,0.857143,1
0.727273,1.0,0.637051,0.445787,0.5,0.210771,1.0,0.0,0.637051,1.0,0
0.727273,0.6,0.591787,0.569548,0.833333,0.15325,1.0,0.0,0.986312,0.857143,1
0.909091,1.0,0.232514,0.02943,0.333333,1.0,0.25,0.272727,0.232514,1.0,0
0.666667,1.0,1.0,0.482065,0.5,0.306614,0.5,0.083333,1.0,1.0,0
0.583333,1.0,0.254075,0.179167,0.25,0.209606,0.5,0.083333,0.254075,1.0,0
1.0,1.0,0.284471,0.075906,0.75,0.553938,0.2,0.333333,0.284471,1.0,0
0.916667,0.8,0.112514,0.108333,1.0,0.153512,0.25,0.25,0.140642,1.0,0
0.916667,0.8,0.645055,0.065942,0.5,1.0,0.166667,0.416667,0.806318,1.0,0
0.833333,0.6,0.782449,0.856884,0.5,0.134968,0.166667,0.416667,1.0,1.0,1
0.833333,0.8,0.946194,1.0,0.5,0.139855,0.2,0.333333,1.0,1.0,1
0.416667,1.0,0.750337,0.179618,0.0,0.54273,1.0,0.0,0.750337,0.6,0
1.0,1.0,0.761981,0.388854,0.285714,0.254586,0.166667,0.416667,0.761981,1.0,0
0.833333,0.6,0.893737,0.673408,1.0,0.172428,1.0,0.0,1.0,0.4,1
0.583333,0.2,0.858929,0.525637,0.714286,0.212299,0.5,0.083333,1.0,0.4,1
0.416667,0.6,1.0,1.0,0.142857,0.12992,0.5,0.083333,1.0,0.6,1
1.0,0.6,0.09609,0.061146,0.285714,0.204167,0.125,0.583333,0.16015,1.0,1
1.0,0.25,0.138523,0.279602,1.0,0.128439,0.2,0.363636,0.554092,0.75,1
0.909091,1.0,0.702117,0.6465,1.0,0.281551,1.0,0.0,0.702117,0.75,1
0.454545,0.25,0.448075,0.44771,0.5,0.259459,0.5,0.090909,1.0,0.25,1
0.909091,1.0,0.34039,0.277442,0.666667,0.318069,0.333333,0.181818,0.34039,1.0,0
0.818182,0.25,1.0,1.0,0.833333,0.259248,0.25,0.272727,1.0,0.75,1
1.0,0.5,1.0,1.0,0.666667,0.218713,0.2,0.333333,1.0,0.8,1
0.5,0.25,0.537197,0.932963,0.111111,0.125934,0.2,0.333333,1.0,0.2,1
0.916667,1.0,0.336649,0.179356,0.666667,0.41052,0.5,0.083333,0.336649,0.8,0
1.0,0.25,0.325789,0.439734,1.0,0.162039,0.333333,0.166667,1.0,0.6,0
0.833333,0.75,0.735715,0.323418,0.666667,0.497529,0.5,0.083333,0.980953,0.8,1
0.75,1.0,0.841977,0.287458,0.444444,0.640618,0.5,0.083333,0.841977,0.8,1
1.0,0.8,1.0,1.0,0.571429,0.169805,0.2,0.333333,1.0,1.0,1
0.666667,0.2,0.098114,0.036719,1.0,0.453723,1.0,0.0,0.490568,0.8,1
0.666667,0.8,0.470669,0.13457,0.285714,0.593904,0.333333,0.166667,0.588337,1.0,0
0.416667,0.4,0.20796,0.034766,0.142857,1.0,0.333333,0.166667,0.519899,0.8,1
0.666667,1.0,0.562342,0.696094,0.285714,0.137177,0.5,0.083333,0.562342,1.0,1
1.0,0.8,0.114102,0.075,0.142857,0.258333,0.125,0.583333,0.142627,1.0,0
0.75,0.8,0.582086,0.854162,0.666667,0.127686,0.5,0.083333,0.727607,1.0,0
0.833333,0.8,1.0,0.823199,0.166667,0.22761,0.166667,0.416667,1.0,1.0,1
0.916667,0.8,0.68878,1.0,0.333333,0.129055,0.166667,0.416667,0.860975,1.0,1
0.75,0.4,0.990899,0.071124,1.0,1.0,0.5,0.083333,1.0,0.857143,0
1.0,0.8,0.577536,0.746018,0.166667,0.145053,0.125,0.583333,0.72192,1.0,0
0.833333,1.0,0.683391,0.585596,0.666667,0.218659,0.5,0.083333,0.683391,1.0,0
1.0,0.2,0.668782,0.331613,0.333333,0.377876,0.1,0.75,1.0,1.0,1
0.5,0.4,0.892468,0.516715,0.5,0.323621,0.5,0.083333,1.0,0.857143,1
0.583333,1.0,0.213546,0.271822,0.285714,0.149389,1.0,0.0,0.213546,0.833333,0
0.916667,0.8,1.0,1.0,0.571429,0.190157,0.25,0.25,1.0,1.0,1
1.0,1.0,0.734065,0.877609,0.0,0.159054,0.125,0.583333,0.734065,1.0,1
0.916667,0.6,0.699514,0.912713,0.857143,0.145738,0.333333,0.166667,1.0,1.0,1
0.666667,0.2,0.536984,0.379744,0.285714,0.268894,0.166667,0.416667,1.0,1.0,0
0.75,1.0,0.605713,0.290797,0.428571,0.396085,0.5,0.083333,0.605713,1.0,0
0.916667,0.6,0.46838,0.176233,1.0,0.505384,0.5,0.083333,0.780633,0.833333,0
1.0,0.4,0.305264,0.484559,0.2,0.201062,0.111111,0.727273,0.763161,1.0,0
0.909091,0.4,0.141113,0.258824,0.8,0.174006,0.2,0.363636,0.352782,1.0,0
0.545455,0.8,0.954959,0.988603,0.0,0.308293,0.333333,0.181818,1.0,1.0,1
0.636364,1.0,0.301809,0.163971,0.0,0.587444,0.333333,0.181818,0.301809,1.0,0
1.0,0.6,0.502016,1.0,1.0,0.160221,0.25,0.272727,0.836693,1.0,1
0.545455,0.4,0.104481,0.245956,0.4,0.135575,0.333333,0.181818,0.261203,1.0,0
0.818182,0.8,1.0,0.961765,0.8,0.331843,0.5,0.090909,1.0,1.0,1
0.583333,0.6,0.369698,0.355522,0.8,0.216145,1.0,0.0,0.616163,0.75,0
1.0,1.0,0.479,0.278263,1.0,0.357804,0.333333,0.166667,0.479,0.75,1
0.333333,0.6,1.0,0.178743,0.2,1.0,1.0,0.0,1.0,0.5,1
0.75,0.8,0.873688,0.407246,0.2,0.445927,0.2,0.333333,1.0,1.0,0
0.583333,0.6,0.701176,1.0,0.2,0.145744,0.25,0.25,1.0,1.0,1
1.0,1.0,1.0,1.0,0.166667,0.140452,0.25,0.333333,1.0,1.0,0
0.666667,0.8,0.93435,0.759865,0.0,0.172704,0.333333,0.222222,1.0,0.8,1
0.777778,1.0,0.718904,0.274638,0.166667,0.367653,0.5,0.111111,0.718904,1.0,0
1.0,0.4,0.598475,0.061273,1.0,1.0,0.5,0.111111,1.0,0.8,0
0.777778,0.4,0.653819,0.05354,0.0,1.0,0.166667,0.555556,1.0,1.0,1
1.0,0.8,0.692362,0.729923,0.5,0.133225,0.333333,0.222222,0.865452,1.0,1
0.666667,0.5,0.441863,0.404631,0.5,0.232923,0.2,0.333333,0.883726,1.0,1
0.666667,1.0,0.082302,0.060259,0.75,0.291322,0.5,0.083333,0.082302,1.0,0
1.0,0.5,0.83131,0.298556,0.0,0.593912,0.090909,0.833333,1.0,1.0,1
0.583333,0.25,0.800023,0.342131,1.0,0.498763,0.333333,0.166667,1.0,0.833333,1
0.916667,0.75,0.595611,1.0,0.75,0.127042,0.166667,0.416667,0.794147,1.0,1
0.333333,0.25,1.0,0.026394,0.5,1.0,0.5,0.083333,1.0,0.666667,1
0.666667,0.5,0.165305,0.240289,1.0,0.146736,0.333333,0.166667,0.330609,0.833333,1
0.666667,0.4,0.776673,1.0,0.25,0.155398,0.2,0.333333,1.0,0.75,1
0.916667,0.6,1.0,0.356534,0.875,0.561184,0.5,0.083333,1.0,1.0,1
0.75,0.8,0.511359,0.446023,0.5,0.22939,0.5,0.083333,0.639199,1.0,0
1.0,0.4,0.186511,0.252638,1.0,0.147711,0.333333,0.166667,0.466278,0.5,0
0.666667,1.0,0.916836,0.427557,0.25,0.429046,0.5,0.083333,0.916836,0.75,1
0.916667,1.0,0.975171,0.257058,0.857143,0.665398,0.5,0.083333,0.975171,0.714286,0
0.416667,0.25,1.0,0.020668,0.142857,1.0,0.25,0.25,1.0,0.428571,1
0.666667,0.25,0.205681,0.17494,0.714286,0.206224,0.333333,0.166667,0.822725,0.714286,0
0.25,0.75,0.887007,1.0,0.0,0.155582,1.0,0.0,1.0,0.285714,1
0.833333,1.0,0.915518,0.702713,0.571429,0.228519,0.333333,0.166667,0.915518,0.857143,1
1.0,1.0,0.803367,0.494372,0.142857,0.285032,0.125,0.583333,0.803367,1.0,1
0.916667,0.25,0.804734,0.36169,0.857143,0.390255,0.2,0.333333,1.0,0.714286,1
0.916667,0.5,0.305313,0.208526,1.0,0.256814,0.333333,0.166667,0.610626,0.714286,0
0.5,0.333333,0.707895,1.0,0.444444,0.181023,1.0,0.0,1.0,0.666667,1
0.8,1.0,0.345614,0.199192,0.444444,0.443694,0.5,0.1,0.345614,0.666667,1
1.0,0.333333,0.806316,0.690893,1.0,0.298442,1.0,0.0,1.0,0.333333,1
1.0,0.333333,1.0,0.139524,0.333333,1.0,0.142857,0.6,1.0,1.0,1
0.916667,1.0,0.283616,0.483092,0.75,0.161294,0.5,0.083333,0.283616,1.0,0
0.916667,0.5,0.167149,0.267406,0.25,0.171732,0.125,0.583333,0.334299,1.0,1
1.0,0.5,0.290339,0.631145,1.0,0.126385,0.333333,0.166667,0.580679,0.666667,1
0.833333,0.75,0.690732,0.847116,0.0,0.224019,0.125,0.583333,0.920976,1.0,1
0.666667,1.0,0.33254,0.143791,0.0,0.635375,0.2,0.333333,0.33254,0.833333,0
0.583333,1.0,1.0,0.579426,0.375,0.474154,1.0,0.0,1.0,0.833333,1
0.75,0.25,0.826645,1.0,0.125,0.22711,0.125,0.583333,1.0,1.0,1
0.916667,0.6,0.998555,0.591923,1.0,0.583886,0.25,0.25,1.0,1.0,1
1.0,0.6,1.0,0.559231,1.0,0.618913,0.2,0.333333,1.0,1.0,1
1.0,0.6,0.46094,1.0,0.2,0.159538,0.111111,0.666667,0.768234,1.0,1
1.0,0.8,0.543505,0.784231,1.0,0.239872,0.25,0.25,0.679381,1.0,0
0.916667,1.0,0.107234,0.111154,1.0,0.33391,0.5,0.083333,0.107234,1.0,0
0.75,0.4,0.121626,0.043735,0.875,0.525676,1.0,0.0,0.304065,1.0,0
0.666667,0.2,0.17457,0.17632,0.75,0.187151,0.5,0.083333,0.87285,0.857143,1
0.75,1.0,0.280146,0.125493,0.0,0.421978,0.2,0.333333,0.280146,1.0,0
0.916667,0.6,0.700365,0.890071,0.875,0.148738,0.5,0.083333,1.0,1.0,0
1.0,0.4,0.76248,0.95922,1.0,0.150257,0.333333,0.166667,1.0,0.857143,1
0.75,0.6,1.0,0.952325,0.5,0.19849,0.333333,0.166667,1.0,1.0,1
1.0,0.4,0.857322,0.354019,0.5,0.457763,0.142857,0.5,1.0,1.0,1
0.916667,0.8,0.721417,1.0,0.125,0.136367,0.142857,0.5,0.901772,1.0,1
0.916667,0.6,0.355763,0.069847,1.0,0.985846,0.5,0.083333,0.592938,0.666667,1
0.916667,0.4,0.381523,0.02407,0.0,1.0,0.1,0.75,0.953809,1.0,1
0.25,0.2,0.395514,0.596175,0.285714,0.128407,1.0,0.0,1.0,0.5,1
0.666667,1.0,1.0,0.497099,0.285714,0.389364,0.5,0.083333,1.0,1.0,1
0.833333,0.2,0.778814,0.70879,0.857143,0.212674,0.25,0.25,1.0,0.833333,1
0.583333,0.4,0.116256,0.056738,0.428571,0.396591,0.333333,0.166667,0.29064,0.666667,0
1.0,0.2,0.997113,1.0,0.0,0.192994,0.083333,0.916667,1.0,1.0,1
0.454545,0.666667,0.15132,0.064508,0.5,0.52809,0.5,0.090909,0.22698,1.0,0
0.636364,0.333333,0.365636,0.480551,1.0,0.171292,0.333333,0.181818,1.0,1.0,1
1.0,1.0,0.167418,0.185552,0.25,0.203125,0.125,0.636364,0.167418,1.0,1
0.727273,0.666667,0.680725,0.18217,0.75,0.841247,0.25,0.272727,1.0,1.0,1
0.727273,1.0,1.0,1.0,0.75,0.225127,0.333333,0.181818,1.0,1.0,1
1.0,0.25,0.895563,1.0,1.0,0.157138,1.0,0.0,1.0,0.333333,1
1.0,1.0,1.0,0.17696,0.222222,0.991536,0.2,0.4,1.0,1.0,1
1.0,0.25,0.18337,0.16753,0.777778,0.192053,0.333333,0.2,0.733481,0.5,1
0.8,0.25,0.457056,0.525888,0.666667,0.152496,0.5,0.1,1.0,0.5,1
0.7,1.0,0.192855,0.059911,0.0,0.564815,0.25,0.3,0.192855,0.666667,0
0.6,0.5,0.479292,0.374075,0.333333,0.224815,0.5,0.1,0.958584,0.5,0
0.5,0.75,0.454526,0.109837,0.111111,0.726094,0.5,0.1,0.606035,0.5,1
1.0,0.75,1.0,1.0,0.8,0.15027,0.166667,0.416667,1.0,1.0,1
0.916667,1.0,0.2475,0.235736,1.0,0.157769,0.333333,0.166667,0.2475,1.0,0
0.583333,0.5,0.162812,0.153322,1.0,0.159571,1.0,0.0,0.325625,1.0,0
0.916667,1.0,0.531719,0.291618,0.8,0.273994,0.25,0.25,0.531719,1.0,1
0.636364,0.8,0.182249,0.033139,0.222222,1.0,0.5,0.090909,0.227811,0.8,0
0.727273,1.0,0.702327,0.452275,0.222222,0.351961,0.5,0.090909,0.702327,0.8,1
1.0,0.2,0.31806,0.153326,1.0,0.470167,0.5,0.090909,1.0,0.2,1
1.0,0.6,1.0,1.0,0.111111,0.226651,0.125,0.636364,1.0,1.0,1
0.727273,0.2,0.120058,0.209335,0.0,0.129989,0.125,0.636364,0.600288,0.8,1
0.545455,1.0,0.073105,0.127421,0.111111,0.130037,1.0,0.0,0.073105,0.8,0
1.0,0.6,0.200815,0.059897,0.166667,0.483879,0.111111,0.666667,0.334692,1.0,1
0.666667,1.0,1.0,1.0,0.5,0.144327,1.0,0.0,1.0,0.666667,1
0.25,0.4,0.963098,0.641521,0.0,0.216675,0.5,0.083333,1.0,0.333333,1
0.916667,0.2,0.373406,0.396198,1.0,0.136024,0.2,0.333333,1.0,0.666667,1
0.5,0.4,0.626352,0.792735,0.666667,0.277089,1.0,0.0,1.0,0.833333,1
1.0,1.0,0.472049,0.184829,0.0,0.895665,0.125,0.583333,0.472049,1.0,0
1.0,0.8,1.0,0.612179,0.5,0.572862,0.166667,0.416667,1.0,1.0,1
0.5,0.6,0.363442,0.634615,0.333333,0.200842,0.5,0.083333,0.605737,0.833333,1
0.833333,0.2,0.964966,0.852564,1.0,0.39693,0.25,0.25,1.0,0.666667,1
0.833333,0.8,0.429551,0.92735,0.333333,0.162442,0.2,0.333333,0.536938,1.0,0
1.0,0.8,0.757959,1.0,0.5,0.265812,0.166667,0.416667,0.947449,1.0,0
0.833333,0.75,0.980503,1.0,1.0,0.127942,0.5,0.083333,1.0,1.0,1
1.0,0.25,1.0,0.122169,0.666667,1.0,0.125,0.583333,1.0,1.0,1
0.916667,1.0,0.789395,0.209952,0.166667,0.490613,0.142857,0.5,0.789395,1.0,1
0.833333,0.5,0.217675,0.041795,0.666667,0.679599,0.2,0.333333,0.435351,1.0,1
0.909091,1.0,0.117899,0.066476,0.75,0.518817,0.5,0.090909,0.117899,1.0,1
0.636364,0.333333,0.467807,1.0,0.125,0.136848,0.166667,0.454545,1.0,0.666667,1
1.0,0.333333,1.0,0.778413,0.625,0.375803,0.166667,0.454545,1.0,1.0,1
1.0,0.666667,0.30226,0.634024,1.0,0.139459,0.5,0.090909,0.45339,0.666667,1
0.833333,0.4,0.522602,0.562117,0.8,0.143394,0.2,0.333333,1.0,1.0,0
1.0,0.8,0.945832,0.48489,1.0,0.300855,0.25,0.25,1.0,1.0,1
0.916667,0.4,0.213344,0.064784,0.8,0.507927,0.166667,0.416667,0.533359,1.0,0
0.833333,1.0,1.0,0.556389,0.0,0.27721,0.166667,0.416667,1.0,1.0,1
1.0,1.0,0.071072,0.082757,0.2,0.132458,0.142857,0.5,0.071072,1.0,0
0.916667,0.8,0.26303,0.096386,0.8,0.420902,0.25,0.25,0.328787,1.0,0
0.916667,1.0,0.210526,0.13016,1.0,0.249469,0.5,0.083333,0.210526,1.0,0
0.75,0.6,0.862851,1.0,0.6,0.133083,0.25,0.25,1.0,1.0,1
0.545455,0.4,1.0,0.219732,0.5,1.0,0.25,0.272727,1.0,1.0,1
0.636364,0.6,0.198499,0.18882,0.5,0.252524,0.25,0.272727,0.330831,1.0,1
1.0,1.0,0.343914,0.283359,1.0,0.291545,0.2,0.363636,0.343914,1.0,1
0.363636,0.2,0.774155,1.0,1.0,0.185961,0.5,0.090909,1.0,1.0,1
0.916667,0.2,0.590525,0.071954,0.0,1.0,0.090909,0.833333,1.0,1.0,1
0.916667,0.2,1.0,1.0,1.0,0.126564,0.5,0.083333,1.0,0.857143,1
0.916667,0.8,0.959755,0.398453,0.555556,0.304854,0.333333,0.166667,1.0,1.0,1
0.916667,0.2,0.454916,0.14481,0.111111,0.397596,0.1,0.75,1.0,1.0,1
0.833333,0.2,0.901783,0.469117,0.444444,0.243293,0.166667,0.416667,1.0,1.0,1
0.75,0.2,0.669995,0.51412,0.555556,0.164936,0.25,0.25,1.0,0.857143,1
1.0,0.8,0.68701,0.239458,0.333333,0.363113,0.166667,0.416667,0.858762,1.0,0
0.833333,1.0,0.67244,0.297357,0.555556,0.28621,1.0,0.0,0.67244,1.0,0
1.0,0.8,0.53931,0.37037,0.857143,0.296212,0.333333,0.166667,0.674138,0.5,1
0.5,0.8,0.223172,0.077441,0.285714,0.586232,1.0,0.0,0.278966,0.5,0
0.916667,0.2,0.59669,0.452301,1.0,0.268362,0.25,0.25,1.0,0.5,1
0.333333,0.4,0.377379,0.065657,0.285714,1.0,1.0,0.0,0.943448,0.5,0
0.75,1.0,1.0,1.0,0.0,0.203423,0.2,0.333333,1.0,1.0,1
0.833333,1.0,0.19622,0.3512,0.285714,0.155167,0.2,0.333333,0.19622,1.0,0
0.583333,1.0,0.308303,0.519821,0.428571,0.164715,1.0,0.0,0.308303,0.666667,0
1.0,1.0,0.46542,1.0,0.142857,0.129257,0.125,0.583333,0.46542,1.0,1
0.916667,0.75,0.799256,0.485204,1.0,0.45748,0.5,0.083333,1.0,0.833333,1
0.666667,0.25,0.156815,0.175321,0.285714,0.248408,0.166667,0.416667,0.627262,1.0,0
0.666667,0.25,0.521411,0.810441,1.0,0.178677,1.0,0.0,1.0,0.833333,1
0.666667,0.75,1.0,0.885818,0.428571,0.31352,0.333333,0.166667,1.0,1.0,1
1.0,0.2,0.946478,0.709726,1.0,0.19199,0.333333,0.166667,1.0,0.75,1
0.75,0.2,1.0,0.427573,0.222222,0.336705,0.142857,0.5,1.0,0.75,1
0.833333,0.2,0.112816,0.113692,0.111111,0.142857,0.111111,0.666667,0.564082,1.0,1
0.833333,1.0,0.902794,0.589802,0.0,0.220365,0.166667,0.416667,0.902794,1.0,1
0.916667,1.0,0.91119,1.0,0.222222,0.13118,0.2,0.333333,0.91119,1.0,1
0.833333,0.75,0.530432,0.108571,0.428571,0.620413,0.2,0.333333,0.707243,1.0,1
0.916667,0.75,1.0,1.0,1.0,0.126988,0.5,0.083333,1.0,0.8,1
1.0,0.25,0.968077,0.14434,0.0,0.851701,0.083333,0.916667,1.0,1.0,1
0.416667,1.0,0.078869,0.073362,0.142857,0.13652,1.0,0.0,0.078869,0.4,0
1.0,1.0,0.886778,0.239024,0.857143,0.471127,0.333333,0.166667,0.886778,0.8,0
0.833333,0.75,0.135756,0.123439,0.857143,0.139659,0.5,0.083333,0.181008,0.8,1
0.916667,1.0,0.575958,0.673012,0.833333,0.37629,0.5,0.083333,0.575958,0.833333,0
0.25,0.4,0.649943,0.149496,0.0,1.0,0.5,0.083333,1.0,0.333333,1
0.833333,1.0,0.386094,1.0,0.833333,0.169765,1.0,0.0,0.386094,0.833333,0
0.916667,0.6,0.267159,0.270437,1.0,0.434369,0.333333,0.166667,0.445265,0.833333,0
0.833333,0.4,1.0,0.671333,0.0,0.654962,0.111111,0.666667,1.0,1.0,1
0.75,0.6,0.337196,0.279395,1.0,0.530661,1.0,0.0,0.561993,0.833333,1
1.0,0.8,0.646632,0.229003,0.333333,1.0,0.142857,0.5,0.80829,1.0,1
0.833333,0.25,0.576128,1.0,0.833333,0.15378,0.2,0.333333,1.0,1.0,1
0.5,0.25,0.272073,0.073476,0.5,0.988382,0.333333,0.166667,1.0,0.8,1
0.916667,1.0,0.865334,0.841463,0.666667,0.274493,0.25,0.25,0.865334,1.0,1
0.666667,0.5,0.686351,0.116159,0.666667,1.0,0.333333,0.166667,1.0,1.0,1
1.0,1.0,0.374986,0.36372,1.0,0.275189,0.333333,0.166667,0.374986,0.8,0
0.666667,0.75,1.0,0.169512,0.0,1.0,0.166667,0.416667,1.0,1.0,1
0.916667,0.5,0.581511,0.134796,1.0,0.597674,0.333333,0.166667,1.0,0.8,1
0.75,0.5,0.869518,0.230333,0.714286,0.523007,0.333333,0.166667,1.0,1.0,1
0.583333,0.25,0.686241,0.320943,0.0,0.296233,0.142857,0.5,1.0,0.6,1
1.0,1.0,0.06745,0.015674,0.428571,0.59619,0.166667,0.416667,0.06745,1.0,0
0.833333,0.75,0.827605,0.489775,1.0,0.234105,1.0,0.0,1.0,0.8,0
1.0,1.0,1.0,1.0,0.571429,0.138543,0.2,0.333333,1.0,1.0,1
0.666667,0.6,0.567939,0.175222,0.555556,0.672135,1.0,0.0,0.946565,0.666667,0
0.416667,0.6,0.247882,0.172485,0.222222,0.298016,1.0,0.0,0.413137,0.333333,0
0.833333,0.2,0.765321,0.202829,1.0,0.782452,1.0,0.0,1.0,0.5,1
0.916667,1.0,1.0,1.0,0.555556,0.207369,0.5,0.083333,1.0,0.833333,1
0.833333,1.0,0.887666,0.399498,0.444444,0.460765,0.5,0.083333,0.887666,1.0,0
0.5,0.2,0.562108,0.139402,0.222222,0.83617,0.25,0.25,1.0,0.666667,1
1.0,0.8,0.821763,0.138946,0.666667,1.0,0.333333,0.166667,1.0,0.666667,0
0.916667,0.4,0.329844,0.378176,0.375,0.146344,0.142857,0.5,0.82461,1.0,1
0.833333,0.4,0.265033,0.09417,0.375,0.472222,0.166667,0.416667,0.662584,1.0,0
0.916667,1.0,0.774388,0.842862,0.125,0.154157,0.166667,0.416667,0.774388,1.0,0
1.0,0.4,0.619933,0.25299,1.0,0.411152,0.333333,0.166667,1.0,0.666667,1
0.833333,0.6,0.558018,0.727578,0.375,0.128685,0.2,0.333333,0.93003,1.0,1
0.416667,0.4,0.980846,0.674888,0.25,0.243854,0.5,0.083333,1.0,0.833333,1
0.583333,0.2,1.0,1.0,0.25,0.167788,0.2,0.333333,1.0,0.833333,1
0.727273,1.0,0.703595,0.520827,0.333333,0.316597,0.5,0.090909,0.703595,1.0,0
1.0,1.0,1.0,1.0,0.666667,0.234356,0.333333,0.181818,1.0,1.0,1
0.545455,0.2,0.409461,0.718133,0.5,0.133624,0.333333,0.181818,1.0,0.75,1
0.909091,0.4,0.691835,0.53492,1.0,0.303103,0.333333,0.181818,1.0,0.5,0
0.454545,0.8,0.876654,0.305355,0.166667,0.672821,1.0,0.0,1.0,0.75,1
0.833333,0.4,1.0,1.0,0.125,0.1756,0.125,0.583333,1.0,1.0,1
0.833333,0.2,0.451616,0.202308,1.0,0.391996,0.5,0.083333,1.0,0.75,1
0.916667,1.0,0.762056,0.73981,0.25,0.180881,0.2,0.333333,0.762056,1.0,1
0.5,0.4,0.098993,0.08096,0.125,0.214713,0.25,0.25,0.247483,0.75,1
1.0,1.0,0.385268,0.332403,0.5,0.203527,0.25,0.25,0.385268,1.0,0
0.916667,0.8,1.0,1.0,1.0,0.14054,0.5,0.083333,1.0,1.0,1
0.583333,0.2,0.9882,0.209257,0.0,0.663689,0.142857,0.5,1.0,1.0,1
0.833333,0.2,0.345312,0.328358,0.5,0.147796,0.142857,0.5,1.0,1.0,1
0.833333,0.2,0.784166,0.416403,0.0,0.264663,0.1,0.75,1.0,1.0,1
0.833333,0.8,0.467711,0.152872,0.166667,0.42998,0.166667,0.416667,0.584638,1.0,0
1.0,0.6,0.618966,0.485904,0.666667,0.179026,0.166667,0.416667,1.0,1.0,1
0.916667,1.0,0.565115,0.338459,0.666667,0.234655,0.333333,0.166667,0.565115,1.0,0
0.75,0.4,0.495356,0.444462,1.0,0.160387,1.0,0.0,1.0,1.0,1
0.833333,0.6,0.456389,0.020587,0.571429,1.0,0.25,0.25,0.760649,1.0,0
0.833333,1.0,1.0,1.0,0.428571,0.143908,0.333333,0.166667,1.0,1.0,1
1.0,0.8,0.374079,0.065448,0.285714,0.822535,0.142857,0.5,0.467599,1.0,0
0.75,0.8,0.9861,0.136492,1.0,1.0,1.0,0.0,1.0,0.666667,0
1.0,0.8,0.472335,0.803263,1.0,0.136719,0.25,0.25,0.590418,0.666667,0
0.833333,0.8,0.751147,0.297145,1.0,0.587751,0.5,0.083333,0.938934,0.666667,0
1.0,0.2,0.652767,0.475682,1.0,0.319063,0.142857,0.5,1.0,0.666667,1
0.333333,0.6,0.684885,1.0,0.2,0.159241,1.0,0.0,1.0,0.333333,1
0.75,1.0,1.0,0.728585,0.6,0.319121,0.5,0.083333,1.0,1.0,1
0.416667,1.0,0.112821,0.187324,0.0,0.140034,1.0,0.0,0.112821,0.333333,0
0.833333,0.8,0.351777,0.11695,0.25,0.424525,0.2,0.333333,0.439721,1.0,0
0.416667,0.6,1.0,1.0,0.125,0.141136,0.5,0.083333,1.0,0.714286,1
1.0,0.4,0.610332,0.303109,0.375,0.284188,0.125,0.583333,1.0,0.857143,1
1.0,1.0,0.79507,0.395263,0.625,0.283895,0.333333,0.166667,0.79507,0.714286,0
0.583333,0.8,0.411171,0.292746,0.125,0.19823,0.333333,0.166667,0.513964,0.857143,0
0.666667,0.8,0.811066,0.51869,0.125,0.220692,0.25,0.25,1.0,0.857143,1
0.25,0.2,0.467681,0.027757,0.125,1.0,0.5,0.083333,1.0,0.571429,1
0.833333,0.4,0.705389,0.243708,1.0,0.408504,1.0,0.0,1.0,0.428571,1
0.916667,0.8,0.339868,0.10185,0.75,0.438231,0.5,0.083333,0.424835,1.0,0
0.75,0.2,0.127175,0.027192,0.5,0.614201,0.2,0.333333,0.635874,1.0,1
0.916667,0.2,0.441191,0.234755,0.25,0.246813,0.111111,0.666667,1.0,1.0,1
0.916667,1.0,0.748714,0.22317,0.625,0.440591,0.5,0.083333,0.748714,1.0,0
0.666667,0.8,1.0,0.699437,0.0,0.187762,0.2,0.333333,1.0,0.833333,1
1.0,0.4,0.398432,0.043443,1.0,1.0,0.333333,0.166667,0.996079,0.833333,1
1.0,1.0,0.958099,1.0,0.625,0.125825,0.333333,0.166667,0.958099,1.0,1
1.0,0.4,1.0,1.0,0.6,0.173644,0.125,0.583333,1.0,1.0,1
0.5,1.0,0.336491,0.340121,0.0,0.17179,0.5,0.083333,0.336491,1.0,1
0.666667,0.6,0.686288,0.330135,1.0,0.360973,1.0,0.0,1.0,1.0,1
0.833333,0.6,0.666779,0.323673,1.0,0.357713,0.333333,0.166667,1.0,1.0,1
1.0,1.0,0.334328,0.43194,1.0,0.125784,0.25,0.25,0.334328,1.0,0
0.666667,0.4,0.637065,0.1801,1.0,0.574838,0.333333,0.166667,1.0,1.0,0
0.916667,1.0,1.0,1.0,0.25,0.162508,0.166667,0.416667,1.0,1.0,1
0.75,1.0,0.309014,0.170569,0.25,0.294412,0.25,0.25,0.309014,1.0,0
0.833333,0.8,0.759416,0.684783,0.5,0.18022,0.2,0.333333,0.949269,1.0,1
0.5,0.6,0.748199,0.367224,0.0,0.331102,0.25,0.25,1.0,1.0,1
0.454545,0.2,0.869337,0.496638,0.666667,0.26167,1.0,0.0,1.0,0.8,1
1.0,1.0,0.77541,0.301953,0.666667,0.383881,0.333333,0.181818,0.77541,1.0,1
0.545455,0.8,0.246867,0.064041,0.333333,0.57625,1.0,0.0,0.308584,0.8,0
0.545455,1.0,1.0,1.0,0.0,0.149488,0.5,0.090909,1.0,0.8,1
0.636364,0.2,0.267645,0.126641,0.166667,0.315929,0.166667,0.454545,1.0,1.0,1
0.727273,0.4,0.255542,0.101825,1.0,0.375157,1.0,0.0,0.638856,0.4,0
1.0,0.6,0.856495,0.202748,1.0,0.928197,0.5,0.090909,1.0,0.666667,1
0.818182,0.4,0.921944,1.0,0.571429,0.20257,0.25,0.272727,1.0,1.0,1
0.545455,0.2,1.0,0.157102,0.714286,1.0,1.0,0.0,1.0,0.5,1
0.545455,0.4,0.184349,0.194771,0.285714,0.207964,0.333333,0.181818,0.460871,0.5,1
0.909091,1.0,0.40591,0.13871,0.285714,0.642971,0.25,0.272727,0.40591,1.0,0
0.909091,0.8,0.629286,0.55462,0.857143,0.249301,1.0,0.0,0.786608,0.666667,0
0.818182,0.6,0.646127,0.239087,0.857143,0.593791,1.0,0.0,1.0,0.666667,0
1.0,0.4,0.544001,0.284546,0.285714,0.274313,0.111111,0.666667,1.0,1.0,1
1.0,0.8,0.948934,1.0,0.142857,0.136155,0.125,0.583333,1.0,1.0,1
0.583333,1.0,0.448066,0.203094,0.285714,0.31655,1.0,0.0,0.448066,0.833333,0
0.666667,0.6,0.213932,0.186555,0.285714,0.164538,0.25,0.25,0.356553,1.0,0
0.75,0.4,0.278136,0.178197,1.0,0.223952,1.0,0.0,0.69534,0.833333,1
0.833333,0.8,0.195092,0.153832,0.285714,0.181965,0.2,0.333333,0.243865,1.0,0
0.75,0.4,1.0,0.098702,0.142857,1.0,0.142857,0.5,1.0,1.0,1
0.916667,0.75,0.806005,1.0,0.375,0.229077,0.166667,0.416667,1.0,1.0,1
0.75,1.0,1.0,0.277659,0.25,1.0,0.25,0.25,1.0,1.0,1
0.833333,0.75,0.333619,0.067662,0.25,1.0,0.166667,0.416667,0.444826,1.0,0
0.916667,1.0,0.199464,0.3758,0.25,0.150852,0.166667,0.416667,0.199464,1.0,0
1.0,0.25,0.322252,0.107894,1.0,0.84887,0.25,0.25,1.0,1.0,1
1.0,0.75,0.550563,0.268211,0.375,0.583409,0.142857,0.5,0.734084,1.0,1
0.666667,1.0,0.31293,0.283994,0.428571,0.17659,1.0,0.0,0.31293,1.0,0
0.416667,0.6,0.599875,0.201455,0.0,0.47721,0.333333,0.166667,0.999791,0.333333,1
1.0,0.6,0.943488,0.469895,1.0,0.321783,0.333333,0.166667,1.0,0.5,1
0.833333,0.6,1.0,0.153287,1.0,1.0,1.0,0.0,1.0,0.5,1
0.416667,0.6,0.124452,0.125188,0.142857,0.159319,0.5,0.083333,0.20742,0.333333,1
0.666667,0.6,0.722605,0.386603,0.714286,0.299546,1.0,0.0,1.0,0.666667,0
0.5,0.2,0.819036,1.0,0.714286,0.131259,1.0,0.0,1.0,0.333333,1
0.916667,0.2,0.120314,0.17303,1.0,0.129063,0.5,0.083333,0.60157,0.285714,1
0.75,0.2,0.692912,0.725985,0.444444,0.177156,0.2,0.333333,1.0,0.714286,1
0.333333,0.4,0.216632,0.162356,0.222222,0.247661,1.0,0.0,0.541579,0.142857,0
0.75,0.6,0.820745,1.0,0.444444,0.15234,0.333333,0.166667,1.0,0.714286,1
0.833333,1.0,1.0,0.519704,0.444444,0.357148,0.5,0.083333,1.0,0.857143,0
0.583333,0.6,0.528917,0.686782,0.222222,0.142947,0.333333,0.166667,0.881529,0.857143,1
0.75,0.2,0.957094,0.116995,0.666667,1.0,0.333333,0.166667,1.0,0.714286,1
1.0,1.0,0.240518,0.066502,0.555556,0.671296,0.333333,0.166667,0.240518,0.857143,0
0.916667,0.2,0.563736,0.470645,1.0,0.152515,0.333333,0.166667,1.0,0.428571,1
0.5,0.8,0.097055,0.015328,0.125,0.80625,0.5,0.083333,0.121319,0.428571,1
0.583333,0.2,0.719261,0.713699,0.375,0.128322,0.25,0.25,1.0,0.714286,1
0.666667,1.0,0.2773,0.102094,0.375,0.345845,1.0,0.0,0.2773,0.857143,0
0.666667,0.2,0.549011,0.447106,0.625,0.156351,0.333333,0.166667,1.0,0.857143,1
0.833333,0.4,0.807287,0.71192,0.75,0.144387,0.333333,0.166667,1.0,0.857143,1
0.75,0.4,0.16595,0.138771,0.875,0.152268,1.0,0.0,0.414875,0.714286,0
1.0,0.6,1.0,1.0,0.75,0.12733,0.25,0.25,1.0,0.857143,1
0.583333,1.0,0.637465,0.338471,0.5,0.287614,1.0,0.0,0.637465,1.0,0
1.0,1.0,0.980353,0.147554,0.75,1.0,0.2,0.333333,0.980353,1.0,1
0.75,0.8,0.627237,0.315454,1.0,0.303648,0.5,0.083333,0.784047,1.0,0
0.833333,0.6,1.0,1.0,0.75,0.152713,0.2,0.333333,1.0,1.0,1
0.916667,0.5,0.662528,0.174038,0.857143,0.604753,0.25,0.25,1.0,1.0,1
1.0,0.25,0.153114,0.173878,1.0,0.13989,0.2,0.333333,0.612457,1.0,1
0.75,1.0,0.440517,0.019249,0.714286,1.0,1.0,0.0,0.440517,1.0,0
1.0,0.75,1.0,1.0,0.571429,0.158861,0.166667,0.416667,1.0,1.0,1
0.333333,0.4,0.074966,0.103077,0.4,0.167602,1.0,0.0,0.187414,0.333333,0
1.0,0.8,0.910885,0.492243,1.0,0.426442,0.25,0.25,1.0,0.666667,1
1.0,1.0,0.706413,1.0,1.0,0.162793,0.333333,0.166667,0.706413,0.666667,0
0.916667,1.0,1.0,0.806206,1.0,0.285845,0.5,0.083333,1.0,0.666667,0
0.416667,0.6,0.554085,0.308967,0.4,0.413277,1.0,0.0,0.923475,0.5,1
0.5,0.2,0.244067,0.272417,0.2,0.206467,0.2,0.333333,1.0,1.0,1
1.0,0.8,0.630762,0.416513,0.8,0.34899,0.2,0.333333,0.788453,0.833333,1
1.0,0.4,0.883111,0.249694,1.0,0.444735,0.333333,0.166667,1.0,0.714286,1
0.833333,0.4,0.947785,0.220951,1.0,0.539396,1.0,0.0,1.0,0.714286,1
0.75,1.0,0.081248,0.081324,0.0,0.125628,0.2,0.333333,0.081248,1.0,0
0.916667,0.6,0.616835,0.110612,0.625,0.701232,0.25,0.25,1.0,0.857143,0
0.583333,0.6,0.180154,0.104618,0.5,0.216536,1.0,0.0,0.300256,0.714286,0
0.833333,1.0,0.271368,0.189484,0.0,0.180086,0.166667,0.416667,0.271368,1.0,0
1.0,1.0,0.660492,0.101485,0.125,0.818389,0.142857,0.5,0.660492,1.0,1
0.416667,0.8,1.0,1.0,0.0,0.125746,0.5,0.083333,1.0,0.571429,1
0.916667,0.8,0.732145,0.372593,0.75,0.372036,0.5,0.083333,0.915181,0.666667,0
0.5,0.4,0.609403,0.630578,0.5,0.182974,1.0,0.0,1.0,0.666667,1
1.0,1.0,0.951669,0.331597,0.625,0.543374,0.333333,0.166667,0.951669,1.0,0
0.833333,0.4,0.175141,0.209966,1.0,0.157929,1.0,0.0,0.437851,0.666667,1
0.5,0.6,1.0,0.277463,0.125,0.682367,0.333333,0.166667,1.0,0.666667,1
0.75,0.6,0.349324,0.115289,0.0,0.573674,0.142857,0.5,0.582207,1.0,0
0.833333,0.6,0.688958,1.0,0.125,0.130442,0.142857,0.5,1.0,1.0,1
0.545455,1.0,0.426723,1.0,0.0,0.248645,0.5,0.090909,0.426723,1.0,0
0.454545,0.2,0.065191,0.204947,1.0,0.185345,0.333333,0.181818,0.325955,1.0,1
0.727273,1.0,1.0,0.298587,0.5,1.0,0.333333,0.181818,1.0,1.0,1
1.0,0.8,0.247625,0.230271,0.5,0.626598,0.142857,0.545455,0.309531,1.0,0
0.909091,0.6,0.412371,0.372792,1.0,0.64455,0.166667,0.454545,0.687285,1.0,1
0.888889,0.4,0.233295,0.099134,0.75,0.414653,0.25,0.333333,0.583237,1.0,1
1.0,0.2,0.251808,0.319827,0.0,0.138725,0.111111,0.888889,1.0,1.0,1
0.444444,0.6,1.0,0.950051,0.25,0.185461,1.0,0.0,1.0,0.8,1
1.0,0.8,0.817472,0.792559,1.0,0.181736,0.5,0.111111,1.0,0.8,1
0.666667,0.8,0.900202,1.0,0.0,0.158614,0.333333,0.222222,1.0,1.0,0
0.888889,1.0,0.655048,0.49949,0.75,0.231071,1.0,0.0,0.655048,1.0,0
0.75,1.0,0.521361,0.170639,0.111111,0.727793,0.2,0.333333,0.521361,0.666667,1
0.916667,1.0,0.684142,0.725453,0.555556,0.224639,0.333333,0.166667,0.684142,0.833333,1
0.833333,0.25,1.0,1.0,1.0,0.238203,1.0,0.0,1.0,0.666667,1
1.0,0.25,0.328564,0.229266,0.555556,0.341372,0.142857,0.5,1.0,0.833333,1
0.333333,0.25,0.12066,0.138227,0.0,0.207931,0.25,0.25,0.482641,0.166667,1
1.0,1.0,0.282941,0.223308,0.555556,0.301814,0.25,0.25,0.282941,0.833333,0
0.916667,0.25,0.361681,0.571973,1.0,0.150625,0.5,0.083333,1.0,0.666667,1
0.5,0.4,0.072765,0.127561,0.571429,0.132731,1.0,0.0,0.181913,0.833333,0
0.5,0.4,1.0,0.51332,0.571429,0.453293,1.0,0.0,1.0,0.833333,1
0.75,1.0,0.820123,0.914191,0.285714,0.208742,0.333333,0.166667,0.820123,1.0,0
0.833333,0.6,0.139146,0.135246,1.0,0.239394,1.0,0.0,0.23191,0.5,0
1.0,1.0,0.911273,0.375256,0.428571,0.565051,0.2,0.333333,0.911273,1.0,1
0.833333,1.0,0.890026,0.326588,0.285714,0.634118,0.25,0.25,0.890026,1.0,0
0.416667,0.8,0.752642,1.0,0.0,0.175128,0.5,0.083333,0.940803,0.833333,1
0.666667,0.8,0.869071,0.385808,0.5,0.334221,0.5,0.083333,1.0,1.0,0
0.333333,0.4,0.454985,0.352268,0.166667,0.191635,0.5,0.083333,1.0,0.8,1
0.333333,0.2,1.0,1.0,0.5,0.148371,1.0,0.0,1.0,0.8,1
1.0,0.6,0.441134,0.30729,1.0,0.212997,0.25,0.25,0.735224,0.6,1
0.916667,1.0,0.908533,0.462776,0.333333,0.291286,0.2,0.333333,0.908533,1.0,1
0.833333,1.0,0.14478,0.054866,0.5,0.391519,0.333333,0.166667,0.14478,1.0,0
1.0,1.0,0.81406,0.873812,0.714286,0.149728,0.5,0.090909,0.81406,0.75,1
1.0,1.0,1.0,1.0,0.142857,0.160718,0.166667,0.454545,1.0,1.0,1
0.272727,0.2,0.892247,0.841253,0.0,0.17046,0.333333,0.181818,1.0,0.25,1
0.909091,0.6,0.208169,0.065646,1.0,0.509651,1.0,0.0,0.346948,0.5,0
0.636364,0.6,0.789093,0.689722,0.428571,0.183873,0.5,0.090909,1.0,0.5,0
1.0,0.5,0.93387,0.54776,0.75,0.241057,0.2,0.333333,1.0,1.0,1
0.833333,0.75,1.0,1.0,0.875,0.141392,1.0,0.0,1.0,1.0,0
1.0,0.5,0.181577,0.136436,0.0,0.188173,0.090909,0.833333,0.363155,1.0,1
0.916667,0.5,0.950377,0.352687,1.0,0.381005,0.5,0.083333,1.0,1.0,1
1.0,0.75,0.844202,0.11713,0.125,1.0,0.111111,0.666667,1.0,1.0,1
0.833333,1.0,0.703077,0.116698,0.625,0.851852,0.5,0.083333,0.703077,1.0,1
0.833333,0.2,0.103567,0.186662,0.0,0.167864,0.1,0.75,0.517833,1.0,1
0.916667,0.2,0.579641,1.0,0.6,0.175369,0.125,0.583333,1.0,1.0,1
0.666667,1.0,0.138901,0.316019,0.6,0.13298,1.0,0.0,0.138901,1.0,0
1.0,0.4,0.304276,0.65181,1.0,0.141234,0.166667,0.416667,0.760689,1.0,1
0.833333,1.0,0.763292,0.542225,0.2,0.425896,0.2,0.333333,0.763292,1.0,1
0.916667,1.0,0.510966,0.329759,0.4,0.468801,0.2,0.333333,0.510966,1.0,0
1.0,0.6,1.0,0.35992,1.0,0.840596,0.2,0.333333,1.0,1.0,1
0.666667,1.0,0.916308,0.432503,0.333333,0.419697,0.333333,0.166667,0.916308,0.666667,1
1.0,0.666667,0.641416,0.296199,0.0,0.428982,0.090909,0.833333,0.962124,1.0,1
1.0,0.333333,0.849487,0.538008,1.0,0.312789,0.333333,0.166667,1.0,0.666667,1
0.833333,0.666667,1.0,1.0,0.777778,0.1981,0.5,0.083333,1.0,1.0,1
0.818182,1.0,1.0,0.290095,0.5,0.889897,1.0,0.0,1.0,1.0,0
1.0,1.0,0.981184,1.0,0.25,0.253297,0.2,0.363636,0.981184,1.0,1
1.0,0.2,0.329444,0.117232,0.875,0.725463,0.25,0.272727,1.0,1.0,1
1.0,0.2,0.322821,0.199186,1.0,0.418392,0.333333,0.181818,1.0,1.0,1
0.363636,1.0,1.0,0.812182,0.0,0.178003,1.0,0.0,1.0,0.5,1
1.0,0.5,0.758948,0.408381,1.0,0.268675,0.333333,0.181818,1.0,0.5,1
1.0,0.25,0.229668,0.134204,0.285714,0.247408,0.111111,0.727273,0.918672,1.0,1
0.727273,0.5,0.99824,1.0,0.714286,0.144316,0.5,0.090909,1.0,0.5,1
0.454545,0.75,0.969018,0.475059,0.142857,0.294893,0.5,0.090909,1.0,0.5,0
0.75,0.8,0.541512,0.513182,0.666667,0.230149,0.5,0.083333,0.67689,1.0,0
0.75,0.2,1.0,1.0,1.0,0.218108,0.333333,0.166667,1.0,0.8,1
0.583333,1.0,0.18577,0.092276,0.333333,0.439098,1.0,0.0,0.18577,1.0,0
1.0,0.8,0.219489,0.198196,1.0,0.24154,0.333333,0.166667,0.274361,0.8,1
0.416667,0.2,0.798113,0.80481,0.666667,0.216293,1.0,0.0,1.0,0.4,1
0.916667,0.6,0.39614,0.327012,0.833333,0.264215,0.25,0.25,0.660234,0.8,1
1.0,1.0,1.0,0.749639,0.625,0.264315,0.5,0.090909,1.0,1.0,1
1.0,0.2,0.253649,0.058666,0.75,0.85669,0.2,0.363636,1.0,0.8,1
0.545455,0.6,0.453399,0.401363,0.125,0.223829,0.333333,0.181818,0.755664,0.6,1
0.909091,0.2,0.85759,0.340632,1.0,0.498848,0.5,0.090909,1.0,0.8,1
1.0,1.0,0.173061,0.063623,0.5,0.538961,0.333333,0.181818,0.173061,1.0,0
0.909091,1.0,0.817244,1.0,0.625,0.161929,1.0,0.0,0.817244,1.0,0
0.75,1.0,0.580241,1.0,0.4,0.128093,0.333333,0.166667,0.580241,1.0,1
0.666667,0.2,0.524975,0.478973,1.0,0.24196,0.333333,0.166667,1.0,1.0,1
1.0,0.4,1.0,0.497066,0.8,0.444122,0.142857,0.5,1.0,1.0,1
0.833333,0.6,0.207332,0.102689,0.0,0.445714,0.125,0.583333,0.345553,1.0,1
0.545455,0.8,0.349645,0.045519,1.0,1.0,1.0,0.0,0.437057,1.0,1
1.0,0.2,0.116749,0.071093,1.0,0.320462,0.111111,0.727273,0.583744,1.0,1
1.0,1.0,1.0,1.0,0.5,0.195143,0.166667,0.454545,1.0,1.0,1
0.636364,0.4,0.135145,0.115673,0.0,0.227992,0.166667,0.454545,0.337862,1.0,1
0.916667,1.0,0.318554,0.200668,0.222222,0.446211,0.142857,0.5,0.318554,1.0,1
0.833333,0.666667,0.494326,1.0,0.333333,0.138947,0.166667,0.416667,0.741489,0.857143,1
0.833333,0.666667,0.309316,0.24592,0.777778,0.353544,0.5,0.083333,0.463975,0.714286,1
1.0,0.333333,0.701768,0.165801,0.222222,1.0,0.1,0.75,1.0,1.0,1
0.833333,0.333333,1.0,0.942878,1.0,0.298112,1.0,0.0,1.0,0.571429,1
0.583333,0.333333,0.678939,0.900964,0.333333,0.211816,0.25,0.25,1.0,0.571429,1
0.25,0.666667,0.613618,0.178783,0.0,0.96473,0.5,0.083333,0.920428,0.285714,1
0.666667,0.333333,0.133413,0.103858,0.444444,0.361071,0.25,0.25,0.400238,0.714286,0
0.909091,0.8,0.244609,0.220355,0.625,0.175468,0.5,0.090909,0.305762,1.0,0
0.909091,0.4,0.719587,0.042803,0.25,1.0,0.142857,0.545455,1.0,1.0,1
0.818182,0.2,1.0,1.0,0.875,0.158069,0.5,0.090909,1.0,1.0,1
0.818182,0.2,0.611674,0.77267,1.0,0.125133,1.0,0.0,1.0,0.666667,1
0.727273,0.2,0.30348,0.222416,0.25,0.215681,0.166667,0.454545,1.0,0.833333,1
1.0,1.0,0.666232,0.37714,0.625,0.279235,0.5,0.090909,0.666232,1.0,0
0.727273,0.2,0.880253,0.779328,0.625,0.178539,0.333333,0.181818,1.0,0.833333,1
0.333333,0.75,0.357523,0.094473,0.142857,0.775216,1.0,0.0,0.476697,0.333333,0
0.75,0.25,1.0,1.0,0.428571,0.204846,0.166667,0.416667,1.0,1.0,1
0.916667,0.5,0.86563,0.544514,0.285714,0.32565,0.125,0.583333,1.0,1.0,1
1.0,0.75,0.561005,0.398857,1.0,0.288123,0.333333,0.166667,0.748006,0.833333,1
0.75,0.5,0.898458,0.998094,0.714286,0.184397,0.333333,0.166667,1.0,0.833333,1
0.75,0.5,0.440457,0.399401,0.857143,0.225903,0.5,0.083333,0.880914,0.833333,1
0.833333,1.0,0.356061,0.1315,0.714286,0.554658,0.5,0.083333,0.356061,0.833333,0
0.727273,0.2,0.196276,0.025894,0.5,1.0,0.25,0.272727,0.981381,0.833333,0
0.727273,0.4,0.496897,0.111597,0.25,0.627941,0.2,0.363636,1.0,0.833333,0
0.545455,0.6,0.77683,0.426696,0.125,0.256752,0.333333,0.181818,1.0,0.833333,1
1.0,0.4,0.425394,0.054887,1.0,1.0,0.5,0.090909,1.0,0.333333,0
0.545455,1.0,0.729894,0.779723,0.125,0.132016,1.0,0.0,0.729894,0.833333,0
0.909091,0.8,0.950996,1.0,0.0,0.134117,0.142857,0.545455,1.0,1.0,1
1.0,1.0,1.0,0.774252,0.625,0.182148,0.5,0.090909,1.0,1.0,1
0.75,0.6,0.352308,1.0,0.666667,0.215806,0.333333,0.166667,0.58718,1.0,1
0.75,1.0,0.512967,0.498014,0.333333,0.630941,0.333333,0.166667,0.512967,1.0,0
1.0,0.8,0.156639,0.455123,0.166667,0.21082,0.125,0.583333,0.195799,1.0,1
0.666667,0.4,1.0,0.5139,1.0,1.0,1.0,0.0,1.0,0.75,1
0.416667,0.6,0.201374,0.861001,0.0,0.143266,0.333333,0.166667,0.335624,0.75,1
0.7,0.666667,1.0,0.629536,0.0,0.479148,0.166667,0.5,1.0,1.0,1
0.7,1.0,0.448792,1.0,0.8,0.135374,1.0,0.0,0.448792,1.0,1
0.8,0.333333,0.601946,0.921426,0.4,0.197055,0.166667,0.5,1.0,1.0,1
1.0,1.0,0.198766,0.05396,1.0,1.0,0.333333,0.2,0.198766,1.0,1
0.7,0.75,0.051789,0.032094,0.0,0.423333,0.2,0.4,0.069052,1.0,1
1.0,0.5,0.641248,0.545333,1.0,0.308485,0.2,0.4,1.0,1.0,1
0.8,0.5,0.888674,0.729607,1.0,0.319538,0.333333,0.2,1.0,1.0,1
0.8,1.0,0.687226,1.0,1.0,0.180289,1.0,0.0,0.687226,1.0,0
0.7,0.75,1.0,0.609521,1.0,0.430408,1.0,0.0,1.0,1.0,1
1.0,1.0,0.263604,0.07232,0.25,0.558753,0.166667,0.416667,0.263604,1.0,0
1.0,0.4,0.410114,0.437738,0.25,0.143621,0.111111,0.666667,1.0,1.0,1
0.916667,0.4,1.0,1.0,1.0,0.153295,0.5,0.083333,1.0,0.857143,1
0.916667,0.2,0.395067,0.426119,0.375,0.142125,0.125,0.583333,1.0,1.0,1
1.0,0.8,0.233171,0.263614,0.375,0.135592,0.166667,0.416667,0.291464,1.0,0
0.5,1.0,0.071728,0.024801,0.0,0.443357,0.5,0.083333,0.071728,0.571429,1
0.916667,0.8,0.194705,0.102497,0.75,0.291201,0.5,0.083333,0.243382,0.857143,0
0.833333,0.4,0.744089,0.053243,0.875,1.0,0.5,0.083333,1.0,0.857143,1
0.75,1.0,0.067749,0.069095,0.0,0.152727,0.2,0.333333,0.067749,1.0,0
1.0,0.8,0.363343,0.120603,1.0,0.469271,0.333333,0.166667,0.454179,1.0,0
0.833333,1.0,0.524246,0.189384,0.666667,0.431177,0.5,0.083333,0.524246,1.0,1
0.666667,0.4,1.0,1.0,0.666667,0.155763,0.333333,0.166667,1.0,1.0,1
0.727273,0.4,0.955274,1.0,0.666667,0.172995,0.333333,0.181818,1.0,0.8,1
1.0,1.0,1.0,0.068155,0.833333,1.0,0.5,0.090909,1.0,0.8,0
0.363636,0.6,0.678739,0.06776,0.166667,1.0,1.0,0.0,1.0,0.2,0
1.0,0.6,0.362932,0.1371,1.0,0.479395,0.333333,0.181818,0.604887,0.8,1
0.909091,0.6,0.479437,0.621098,0.166667,0.13979,0.142857,0.545455,0.799062,1.0,1
0.909091,0.6,0.799935,0.497234,0.833333,0.291339,0.333333,0.181818,1.0,0.8,1
0.727273,0.2,0.626766,0.186824,0.0,0.86167,0.125,0.636364,1.0,0.833333,1
0.454545,0.8,0.662825,1.0,0.0,0.170242,0.5,0.090909,0.828532,0.833333,1
1.0,0.4,0.416976,0.375557,0.444444,0.285169,0.166667,0.454545,1.0,1.0,1
0.545455,0.6,0.298389,0.349459,0.111111,0.219308,0.333333,0.181818,0.497315,0.833333,0
1.0,0.2,0.28228,0.249523,1.0,0.290561,0.5,0.090909,1.0,0.333333,1
1.0,1.0,0.617472,0.675366,0.333333,0.234826,0.25,0.272727,0.617472,1.0,0
0.545455,0.6,1.0,0.259071,0.111111,0.9914,0.333333,0.181818,1.0,0.833333,1
0.416667,1.0,0.6542,0.718293,0.0,0.130154,0.5,0.083333,0.6542,0.2,1
0.75,0.5,1.0,0.360697,0.333333,0.396193,0.2,0.333333,1.0,0.8,1
0.75,0.5,0.955987,0.058763,0.777778,1.0,1.0,0.0,1.0,0.6,0
0.916667,0.75,0.800909,0.696442,0.666667,0.164342,0.333333,0.166667,1.0,0.8,1
1.0,0.25,0.894721,0.681677,1.0,0.187568,0.333333,0.166667,1.0,0.2,1
0.75,0.25,0.912801,1.0,0.888889,0.130444,1.0,0.0,1.0,0.6,1
1.0,0.6,0.819834,0.238532,0.333333,0.674066,0.142857,0.5,1.0,1.0,1
0.833333,0.2,0.195803,0.088598,1.0,0.433432,1.0,0.0,0.979016,0.5,0
0.416667,1.0,0.557605,0.827261,0.0,0.132193,1.0,0.0,0.557605,0.5,0
0.75,0.6,0.324646,0.319266,0.666667,0.199425,1.0,0.0,0.541076,0.666667,0
0.916667,0.8,0.585405,0.751245,0.555556,0.152826,0.333333,0.166667,0.731756,0.833333,1
1.0,0.2,0.903903,1.0,0.333333,0.177274,0.111111,0.666667,1.0,1.0,1
0.75,1.0,1.0,0.116907,0.0,1.0,0.2,0.333333,1.0,0.833333,1
0.818182,1.0,0.878328,0.130632,0.6,1.0,0.333333,0.181818,0.878328,1.0,1
0.909091,0.75,0.367169,0.313108,1.0,0.234346,0.333333,0.181818,0.489559,1.0,0
1.0,0.75,1.0,1.0,1.0,0.199842,0.25,0.272727,1.0,1.0,1
1.0,0.5,0.462218,0.509848,1.0,0.181172,0.2,0.363636,0.924436,1.0,1
0.545455,0.5,0.842642,0.595427,0.0,0.282814,0.2,0.363636,1.0,1.0,1
0.818182,0.2,0.273119,0.074217,1.0,0.657778,1.0,0.0,1.0,0.5,0
0.636364,0.2,0.759073,0.427708,0.625,0.317224,0.5,0.090909,1.0,0.5,1
1.0,0.6,0.385073,0.390508,0.0,0.176255,0.111111,0.727273,0.641788,1.0,1
0.909091,0.8,0.925569,1.0,0.5,0.165439,0.333333,0.181818,1.0,1.0,1
0.454545,1.0,0.553824,0.041964,0.0,1.0,1.0,0.0,0.553824,0.5,0
1.0,0.6,0.338528,0.198277,0.875,0.305176,0.5,0.090909,0.564213,0.5,0
0.545455,0.2,1.0,0.74803,0.375,0.238951,0.333333,0.181818,1.0,0.666667,1
1.0,0.4,1.0,0.439952,0.75,0.300236,0.142857,0.545455,1.0,1.0,1
0.454545,1.0,0.997187,1.0,0.0,0.131718,1.0,0.0,0.997187,1.0,1
0.818182,0.2,0.5301,0.199614,0.25,0.350782,0.125,0.636364,1.0,1.0,1
0.636364,1.0,0.929222,0.710464,0.0,0.172762,0.333333,0.181818,0.929222,1.0,0
0.909091,1.0,0.346686,0.248216,1.0,0.184491,0.5,0.090909,0.346686,1.0,0
1.0,0.2,0.068966,0.083912,1.0,0.18773,0.111111,0.666667,0.344828,0.857143,0
0.583333,0.6,0.153031,0.180438,0.333333,0.193723,0.25,0.25,0.255052,1.0,0
0.75,0.2,0.901623,1.0,0.333333,0.205946,0.125,0.583333,1.0,1.0,1
0.333333,0.4,0.092292,0.041441,0.333333,0.508696,0.5,0.083333,0.23073,1.0,1
0.25,0.2,1.0,0.880566,0.0,0.259398,0.333333,0.166667,1.0,0.571429,1
0.666667,1.0,0.799865,0.070785,0.333333,1.0,0.333333,0.166667,0.799865,1.0,1
1.0,0.8,0.279581,0.473102,1.0,0.134984,0.166667,0.416667,0.349476,0.857143,1
0.916667,1.0,0.133536,0.140026,1.0,0.217831,0.25,0.25,0.133536,0.857143,0
0.636364,0.2,0.168823,0.165775,0.75,0.152422,1.0,0.0,0.844115,0.428571,1
0.454545,0.6,1.0,1.0,0.25,0.149669,1.0,0.0,1.0,0.571429,1
0.909091,0.4,0.306406,0.128936,1.0,0.355678,1.0,0.0,0.766015,0.428571,1
0.909091,0.2,0.430735,0.079817,0.625,0.807692,0.2,0.363636,1.0,0.857143,1
1.0,0.6,0.082045,0.068325,0.5,0.179724,0.2,0.363636,0.136741,1.0,0
0.545455,1.0,0.369517,0.23347,0.0,0.236885,0.5,0.090909,0.369517,0.714286,0
0.545455,1.0,0.305144,0.192853,0.0,0.236816,0.5,0.090909,0.305144,0.714286,0
0.818182,1.0,0.189334,0.222292,0.5,0.127479,1.0,0.0,0.189334,1.0,0
1.0,0.4,0.364524,0.058075,1.0,1.0,0.333333,0.181818,0.91131,0.666667,1
0.454545,1.0,0.166301,0.12263,0.0,0.296673,1.0,0.0,0.166301,0.333333,1
0.727273,0.6,0.316367,0.049196,0.714286,1.0,1.0,0.0,0.527278,0.666667,1
0.818182,0.4,1.0,1.0,0.571429,0.218766,0.25,0.272727,1.0,1.0,1
0.909091,1.0,0.630881,0.831783,0.75,0.292451,0.25,0.272727,0.630881,1.0,1
0.727273,1.0,0.361078,1.0,0.75,0.139225,0.5,0.090909,0.361078,1.0,0
1.0,0.75,0.965621,0.775194,0.25,0.4803,0.125,0.636364,1.0,1.0,1
0.727273,0.25,0.222959,0.626357,1.0,0.137252,0.25,0.272727,0.891838,0.8,0
0.363636,0.5,0.584841,0.310078,0.25,0.72725,0.5,0.090909,1.0,0.8,1
0.545455,0.5,1.0,0.720155,0.75,0.535414,0.5,0.090909,1.0,1.0,1
1.0,0.8,1.0,1.0,0.833333,0.148742,0.333333,0.181818,1.0,1.0,1
0.818182,1.0,0.921812,0.359407,0.333333,0.381496,0.333333,0.181818,0.921812,1.0,1
0.727273,0.2,0.271169,0.237767,1.0,0.169638,0.5,0.090909,1.0,0.75,1
0.545455,0.8,0.66269,0.695727,0.166667,0.141679,0.5,0.090909,0.828362,0.75,0
1.0,1.0,0.279509,0.247071,0.166667,0.168271,0.166667,0.454545,0.279509,1.0,0
1.0,0.2,0.727642,0.635339,0.75,0.150973,0.111111,0.666667,1.0,0.857143,1
1.0,0.2,0.262351,0.214619,0.75,0.16114,0.111111,0.666667,1.0,0.857143,1
0.833333,0.6,0.705128,0.07928,0.5,1.0,0.166667,0.416667,1.0,0.857143,0
1.0,1.0,1.0,1.0,0.0,0.131822,0.125,0.583333,1.0,1.0,1
0.833333,0.8,0.684282,0.225611,0.75,0.399817,0.25,0.25,0.855352,0.857143,1
0.416667,0.8,0.433083,0.30022,0.25,0.19016,1.0,0.0,0.541354,1.0,0
0.166667,0.2,0.905566,0.783182,0.25,0.152421,1.0,0.0,1.0,0.285714,1
0.916667,1.0,0.589952,0.239351,1.0,0.324914,0.333333,0.166667,0.589952,0.857143,0
0.583333,0.2,1.0,0.424743,0.142857,0.587248,0.166667,0.416667,1.0,0.571429,1
1.0,0.4,0.760229,1.0,1.0,0.189624,0.25,0.25,1.0,0.571429,1
0.833333,0.4,0.350171,0.696978,0.571429,0.125317,0.2,0.333333,0.875429,0.857143,0
1.0,1.0,0.109029,0.181015,0.714286,0.150236,0.333333,0.166667,0.109029,0.714286,0
0.833333,0.6,0.785257,0.423888,1.0,0.462071,1.0,0.0,1.0,0.571429,1
0.833333,0.6,0.247314,0.213512,1.0,0.288919,1.0,0.0,0.41219,0.571429,0
0.416667,0.8,0.540571,0.984036,0.142857,0.137022,1.0,0.0,0.675714,0.428571,1
0.166667,0.4,0.953829,0.129133,0.0,1.0,1.0,0.0,1.0,0.285714,1
1.0,0.75,0.817772,0.582315,0.857143,0.223827,0.25,0.25,1.0,0.8,1
1.0,1.0,0.542174,0.383896,0.857143,0.225094,0.333333,0.166667,0.542174,0.8,0
0.75,0.5,0.278868,0.213156,0.714286,0.208516,0.333333,0.166667,0.557736,0.8,1
0.416667,1.0,0.488047,0.349928,0.0,0.222291,0.5,0.083333,0.488047,0.0,1
1.0,0.75,0.604195,0.251258,1.0,0.383262,0.333333,0.166667,0.805593,0.8,0
0.833333,0.75,1.0,1.0,1.0,0.159382,1.0,0.0,1.0,0.8,1
1.0,1.0,0.347148,0.365901,0.444444,0.149488,0.25,0.25,0.347148,1.0,0
0.916667,0.2,0.669492,0.291809,1.0,0.361496,0.5,0.083333,1.0,0.6,1
0.75,0.8,0.248967,0.259078,0.222222,0.151414,0.25,0.25,0.311208,0.8,0
0.916667,0.6,0.423936,0.036802,0.222222,1.0,0.142857,0.5,0.706559,1.0,1
0.916667,1.0,1.0,1.0,0.444444,0.157564,0.333333,0.166667,1.0,1.0,1
0.583333,0.4,0.718169,0.539814,0.0,0.209623,0.166667,0.416667,1.0,0.8,1
0.75,1.0,0.977758,1.0,0.2,0.256944,0.25,0.25,0.977758,1.0,1
1.0,1.0,0.825369,0.292245,1.0,0.742178,0.333333,0.166667,0.825369,0.666667,0
0.416667,0.8,1.0,0.961806,0.0,0.273225,0.5,0.083333,1.0,0.666667,1
0.666667,1.0,0.373926,0.559606,0.2,0.175595,0.333333,0.166667,0.373926,1.0,0
1.0,0.8,0.977355,1.0,0.833333,0.174908,0.25,0.25,1.0,1.0,1
0.666667,1.0,0.313298,0.079974,0.333333,0.701078,0.5,0.083333,0.313298,1.0,0
0.916667,0.8,1.0,0.747144,0.0,0.239527,0.125,0.583333,1.0,1.0,1
1.0,0.8,0.161889,0.037939,1.0,0.763636,0.333333,0.166667,0.202361,1.0,0
0.833333,0.6,0.959648,0.60595,0.666667,0.283422,0.25,0.25,1.0,1.0,1
0.916667,0.6,0.555428,1.0,0.428571,0.18973,0.166667,0.416667,0.925713,1.0,1
0.583333,0.6,0.178448,0.196786,0.285714,0.309761,0.333333,0.166667,0.297414,0.8,0
1.0,1.0,0.259238,0.569189,0.142857,0.155579,0.142857,0.5,0.259238,1.0,1
1.0,0.6,0.086872,0.071345,0.857143,0.415934,0.25,0.25,0.144786,1.0,0
1.0,0.4,1.0,0.740494,1.0,0.461302,0.25,0.25,1.0,0.8,1
0.75,1.0,0.234221,0.092513,0.571429,0.864831,1.0,0.0,0.234221,1.0,0
0.818182,1.0,1.0,0.87976,0.666667,0.24365,1.0,0.0,1.0,1.0,1
0.727273,0.4,0.822835,1.0,0.0,0.176378,0.142857,0.545455,1.0,1.0,1
1.0,0.8,0.256398,0.042084,1.0,1.0,0.5,0.090909,0.320498,0.857143,0
0.545455,0.8,0.707608,0.55511,0.166667,0.27324,0.5,0.090909,0.88451,0.714286,0
0.636364,0.2,0.107514,0.032315,1.0,0.713178,1.0,0.0,0.537572,0.857143,0
0.727273,0.6,0.462428,0.091433,0.833333,1.0,1.0,0.0,0.770714,1.0,0
0.636364,0.6,0.824354,0.811122,0.333333,0.217851,0.333333,0.181818,1.0,1.0,1
0.636364,0.4,0.151922,0.108216,0.166667,0.300926,0.2,0.363636,0.379806,1.0,0
33,0.696869,1.0,0
0.833333,1.0,0.134253,0.117023,0.5,0.205882,0.333333,0.166667,0.134253,1.0,0
0.5,0.8,0.672403,0.92093,0.166667,0.13103,0.5,0.083333,0.840504,0.857143,0
0.833333,0.8,0.490151,0.312744,0.0,0.281261,0.142857,0.5,0.612689,1.0,0
0.583333,0.6,0.716566,0.336186,0.0,0.382512,0.2,0.333333,1.0,1.0,0
0.818182,0.8,0.389206,0.0556,0.4,1.0,0.25,0.272727,0.486508,1.0,0
0.818182,0.4,0.878918,0.541057,0.2,0.242323,0.142857,0.545455,1.0,1.0,1
1.0,0.2,0.730152,0.479351,0.4,0.227221,0.111111,0.727273,1.0,1.0,1
0.454545,0.2,0.651729,0.247469,0.8,0.392857,1.0,0.0,1.0,0.8,0
1.0,1.0,1.0,1.0,0.8,0.149172,0.333333,0.181818,1.0,1.0,1
1.0,0.6,0.870839,0.802668,1.0,0.161842,0.25,0.272727,1.0,0.8,1
0.916667,1.0,0.48921,0.590223,0.8,0.166121,0.333333,0.166667,0.48921,1.0,0
0.75,1.0,0.681823,0.216657,0.8,0.630734,1.0,0.0,0.681823,1.0,0
0.75,0.6,0.067951,0.057131,0.8,0.23838,0.333333,0.166667,0.113252,1.0,0
1.0,1.0,0.798856,0.573526,0.0,0.279165,0.125,0.583333,0.798856,1.0,1
0.833333,0.6,0.411121,0.327701,1.0,0.251443,0.333333,0.166667,0.685202,0.857143,1
0.833333,0.8,0.182074,0.261919,0.8,0.139324,0.333333,0.166667,0.227592,1.0,0
0.416667,1.0,1.0,1.0,0.0,0.200422,1.0,0.0,1.0,0.857143,1
1.0,1.0,0.327311,0.174412,0.4,0.376125,0.166667,0.416667,0.327311,1.0,0
0.416667,0.5,0.911227,1.0,0.25,0.162669,0.5,0.083333,1.0,0.6,1
0.666667,0.75,1.0,0.817797,0.625,0.21829,1.0,0.0,1.0,0.4,1
0.416667,0.5,0.56836,0.62839,0.375,0.161463,1.0,0.0,1.0,0.6,0
0.583333,0.75,0.837645,0.15339,0.0,0.974862,0.2,0.333333,1.0,0.8,1
0.833333,1.0,0.226442,0.036653,0.5,1.0,0.333333,0.166667,0.226442,1.0,0
1.0,0.25,0.462616,0.173305,1.0,0.476528,0.25,0.25,1.0,0.2,1
0.916667,0.75,0.781664,0.168031,1.0,0.704274,0.333333,0.166667,1.0,0.833333,1
0.333333,0.75,1.0,1.0,0.0,0.151395,0.5,0.083333,1.0,0.5,1
0.75,0.5,0.407988,0.385669,1.0,0.160156,0.5,0.083333,0.815975,0.833333,1
0.666667,1.0,0.117939,0.023551,0.0,0.758156,0.2,0.333333,0.117939,1.0,0
1.0,0.5,0.230362,0.156172,0.333333,0.223316,0.111111,0.666667,0.460724,1.0,1
0.75,1.0,0.477824,0.060965,0.5,1.0,0.333333,0.166667,0.477824,1.0,0
1.0,0.5,0.330649,0.14164,0.666667,0.35342,0.142857,0.5,0.661297,0.833333,1
1.0,1.0,1.0,0.811299,0.25,0.165603,0.166667,0.416667,1.0,1.0,1
1.0,0.2,0.526903,0.350049,0.25,0.202233,0.1,0.75,1.0,1.0,1
0.583333,0.8,0.936016,1.0,0.375,0.125757,1.0,0.0,1.0,0.833333,1
0.5,0.6,0.066529,0.025073,0.375,0.356494,1.0,0.0,0.110882,0.833333,0
0.833333,1.0,0.904023,0.383263,0.625,0.316907,1.0,0.0,0.904023,1.0,0
1.0,0.8,0.860761,0.64409,0.625,0.17955,0.25,0.25,1.0,1.0,0
0.833333,0.4,0.21316,0.114621,1.0,0.249858,1.0,0.0,0.532901,0.666667,0
0.5,0.75,0.93796,0.987903,0.375,0.237194,1.0,0.0,1.0,0.571429,1
0.5,0.5,0.31383,0.499748,0.5,0.156884,1.0,0.0,0.627661,0.571429,0
0.833333,0.25,0.842429,0.977067,0.375,0.215399,0.142857,0.5,1.0,1.0,1
0.666667,1.0,0.681328,0.509325,0.5,0.334191,1.0,0.0,0.681328,0.857143,0
0.916667,0.75,0.832039,0.835685,0.75,0.248733,0.333333,0.166667,1.0,0.714286,1
1.0,0.5,0.710582,0.994204,1.0,0.178555,0.333333,0.166667,1.0,0.571429,1
0.833333,0.25,1.0,1.0,0.75,0.249824,0.25,0.25,1.0,0.714286,1
1.0,0.75,0.416524,0.323337,0.25,0.321824,0.125,0.583333,0.555365,1.0,0
0.727273,0.5,0.471049,0.570406,0.375,0.136641,0.25,0.272727,0.942098,0.857143,1
0.818182,0.25,1.0,0.500852,1.0,0.330361,1.0,0.0,1.0,0.285714,1
0.636364,0.75,0.082114,0.026594,0.125,0.510897,0.25,0.272727,0.109486,0.857143,0
0.909091,1.0,0.096126,0.068531,0.125,0.23209,0.166667,0.454545,0.096126,1.0,0
0.545455,0.5,0.745724,0.786908,0.375,0.156802,0.5,0.090909,1.0,0.857143,1
0.545455,1.0,0.783433,0.881009,0.25,0.147136,1.0,0.0,0.783433,0.857143,0
0.727273,1.0,0.897589,1.0,0.125,0.148517,0.25,0.272727,0.897589,0.857143,1
1.0,1.0,0.705543,0.023184,0.0,1.0,0.125,0.636364,0.705543,1.0,0
0.909091,1.0,0.664746,0.52199,0.8,0.168867,0.5,0.090909,0.664746,1.0,0
1.0,0.4,1.0,1.0,0.8,0.132603,0.166667,0.454545,1.0,1.0,1
0.909091,0.8,0.674097,0.500072,1.0,0.178749,0.5,0.090909,0.842622,1.0,1
0.636364,1.0,0.261635,0.218745,0.2,0.158603,0.5,0.090909,0.261635,1.0,1
0.636364,1.0,0.555646,0.603376,0.333333,0.292738,0.5,0.090909,0.555646,1.0,1
0.545455,0.25,1.0,0.485557,0.5,0.654679,0.333333,0.181818,1.0,0.75,1
1.0,1.0,0.552787,1.0,1.0,0.175722,0.5,0.090909,0.552787,0.5,1
0.909091,1.0,0.261078,0.621551,0.666667,0.133525,0.333333,0.181818,0.261078,1.0,0
0.545455,1.0,0.431795,0.111327,0.333333,1.0,1.0,0.0,0.431795,0.75,0
0.727273,0.6,0.062175,0.03542,0.714286,0.248515,1.0,0.0,0.103625,1.0,0
1.0,0.2,1.0,1.0,1.0,0.141575,0.25,0.272727,1.0,0.857143,1
1.0,0.6,0.229626,0.198141,1.0,0.164071,0.5,0.090909,0.38271,0.857143,1
0.818182,0.2,0.499628,0.251271,0.714286,0.281507,0.25,0.272727,1.0,1.0,1
0.636364,1.0,0.259227,0.203226,0.142857,0.180587,0.5,0.090909,0.259227,0.714286,0
0.727273,0.2,0.320411,0.165352,0.0,0.274337,0.125,0.636364,1.0,1.0,1
0.727273,0.4,0.766906,0.133614,0.428571,0.812598,0.25,0.272727,1.0,1.0,1
0.818182,0.4,0.961234,0.526214,0.571429,0.258614,0.25,0.272727,1.0,1.0,1
0.727273,0.75,0.239992,0.066518,0.714286,0.489121,1.0,0.0,0.319989,1.0,0
0.636364,0.75,0.340177,0.212775,0.428571,0.216743,0.5,0.090909,0.453569,0.666667,0
0.909091,0.75,0.144016,0.131645,1.0,0.148309,1.0,0.0,0.192021,0.833333,0
0.818182,0.5,0.91008,0.828834,1.0,0.148858,1.0,0.0,1.0,0.833333,1
0.818182,0.5,0.927633,0.511272,0.714286,0.245972,0.333333,0.181818,1.0,1.0,0
0.909091,0.5,1.0,0.233788,0.571429,0.579881,0.2,0.363636,1.0,1.0,1
1.0,1.0,0.966742,1.0,0.428571,0.13106,0.2,0.363636,0.966742,1.0,1
0.333333,0.2,0.484751,0.818972,0.142857,0.207294,0.333333,0.166667,1.0,0.25,1
0.583333,1.0,0.911816,1.0,0.285714,0.319334,1.0,0.0,0.911816,0.75,1
1.0,0.4,0.095317,0.16365,1.0,0.203982,0.25,0.25,0.238292,0.5,0
0.666667,0.2,0.997002,0.090876,0.571429,1.0,0.25,0.25,1.0,0.75,1
1.0,0.8,1.0,0.687183,0.714286,0.509642,0.25,0.25,1.0,0.75,1
1.0,0.8,0.113171,0.135373,0.375,0.137203,0.2,0.363636,0.141463,1.0,0
0.636364,0.4,1.0,1.0,0.125,0.16412,0.2,0.363636,1.0,0.666667,1
0.818182,0.2,0.468335,0.268886,1.0,0.285858,1.0,0.0,1.0,0.666667,1
1.0,1.0,0.137164,0.137739,0.375,0.163436,0.25,0.272727,0.137164,1.0,1
